Municipios,Lugar de nacimiento,Total
01001 Alegría-Dulantzi,Total,2.961
01001 Alegría-Dulantzi,España,2.483
01001 Alegría-Dulantzi,Extranjero,478
01002 Amurrio,Total,10.346
01002 Amurrio,España,9.201
01002 Amurrio,Extranjero,1.145
01003 Aramaio,Total,1.353
01003 Aramaio,España,1.295
01003 Aramaio,Extranjero,58
01004 Artziniega,Total,1.868
01004 Artziniega,España,1.687
01004 Artziniega,Extranjero,181
01006 Armiñón,Total,233
01006 Armiñón,España,200
01006 Armiñón,Extranjero,33
01008 Arratzua-Ubarrundia,Total,1.058
01008 Arratzua-Ubarrundia,España,995
01008 Arratzua-Ubarrundia,Extranjero,63
01009 Asparrena,Total,1.611
01009 Asparrena,España,1.418
01009 Asparrena,Extranjero,193
01010 Ayala/Aiara,Total,2.917
01010 Ayala/Aiara,España,2.753
01010 Ayala/Aiara,Extranjero,164
01011 Baños de Ebro/Mañueta,Total,292
01011 Baños de Ebro/Mañueta,España,237
01011 Baños de Ebro/Mañueta,Extranjero,55
01013 Barrundia,Total,882
01013 Barrundia,España,825
01013 Barrundia,Extranjero,57
01014 Berantevilla,Total,475
01014 Berantevilla,España,420
01014 Berantevilla,Extranjero,55
01016 Bernedo,Total,541
01016 Bernedo,España,499
01016 Bernedo,Extranjero,42
01017 Campezo/Kanpezu,Total,1.071
01017 Campezo/Kanpezu,España,947
01017 Campezo/Kanpezu,Extranjero,124
01018 Zigoitia,Total,1.841
01018 Zigoitia,España,1.713
01018 Zigoitia,Extranjero,128
01019 Kripan,Total,175
01019 Kripan,España,167
01019 Kripan,Extranjero,8
01020 Kuartango,Total,402
01020 Kuartango,España,367
01020 Kuartango,Extranjero,35
01021 Elburgo/Burgelu,Total,641
01021 Elburgo/Burgelu,España,587
01021 Elburgo/Burgelu,Extranjero,54
01022 Elciego,Total,970
01022 Elciego,España,860
01022 Elciego,Extranjero,110
01023 Elvillar/Bilar,Total,315
01023 Elvillar/Bilar,España,292
01023 Elvillar/Bilar,Extranjero,23
01027 Iruraiz-Gauna,Total,556
01027 Iruraiz-Gauna,España,525
01027 Iruraiz-Gauna,Extranjero,31
01028 Labastida/Bastida,Total,1.573
01028 Labastida/Bastida,España,1.358
01028 Labastida/Bastida,Extranjero,215
01030 Lagrán,Total,177
01030 Lagrán,España,157
01030 Lagrán,Extranjero,20
01031 Laguardia,Total,1.468
01031 Laguardia,España,1.253
01031 Laguardia,Extranjero,215
01032 Lanciego/Lantziego,Total,706
01032 Lanciego/Lantziego,España,555
01032 Lanciego/Lantziego,Extranjero,151
01033 Lapuebla de Labarca,Total,895
01033 Lapuebla de Labarca,España,756
01033 Lapuebla de Labarca,Extranjero,139
01034 Leza,Total,204
01034 Leza,España,169
01034 Leza,Extranjero,35
01036 Laudio/Llodio,Total,18.063
01036 Laudio/Llodio,España,16.177
01036 Laudio/Llodio,Extranjero,1.886
01037 Arraia-Maeztu,Total,818
01037 Arraia-Maeztu,España,738
01037 Arraia-Maeztu,Extranjero,80
01039 Moreda de Álava/Moreda Araba,Total,218
01039 Moreda de Álava/Moreda Araba,España,186
01039 Moreda de Álava/Moreda Araba,Extranjero,32
01041 Navaridas,Total,200
01041 Navaridas,España,168
01041 Navaridas,Extranjero,32
01042 Okondo,Total,1.180
01042 Okondo,España,1.087
01042 Okondo,Extranjero,93
01043 Oyón-Oion,Total,3.541
01043 Oyón-Oion,España,2.938
01043 Oyón-Oion,Extranjero,603
01044 Peñacerrada-Urizaharra,Total,332
01044 Peñacerrada-Urizaharra,España,314
01044 Peñacerrada-Urizaharra,Extranjero,18
01046 Erriberagoitia/Ribera Alta,Total,842
01046 Erriberagoitia/Ribera Alta,España,752
01046 Erriberagoitia/Ribera Alta,Extranjero,90
01047 Ribera Baja/Erriberabeitia,Total,1.493
01047 Ribera Baja/Erriberabeitia,España,1.288
01047 Ribera Baja/Erriberabeitia,Extranjero,205
01049 Añana,Total,141
01049 Añana,España,125
01049 Añana,Extranjero,16
01051 Agurain/Salvatierra,Total,5.173
01051 Agurain/Salvatierra,España,4.382
01051 Agurain/Salvatierra,Extranjero,791
01052 Samaniego,Total,292
01052 Samaniego,España,246
01052 Samaniego,Extranjero,46
01053 San Millán/Donemiliaga,Total,704
01053 San Millán/Donemiliaga,España,671
01053 San Millán/Donemiliaga,Extranjero,33
01054 Urkabustaiz,Total,1.460
01054 Urkabustaiz,España,1.263
01054 Urkabustaiz,Extranjero,197
01055 Valdegovía/Gaubea,Total,1.063
01055 Valdegovía/Gaubea,España,940
01055 Valdegovía/Gaubea,Extranjero,123
01056 Harana/Valle de Arana,Total,213
01056 Harana/Valle de Arana,España,197
01056 Harana/Valle de Arana,Extranjero,16
01057 Villabuena de Álava/Eskuernaga,Total,280
01057 Villabuena de Álava/Eskuernaga,España,245
01057 Villabuena de Álava/Eskuernaga,Extranjero,35
01058 Legutio,Total,2.094
01058 Legutio,España,1.709
01058 Legutio,Extranjero,385
01059 Vitoria-Gasteiz,Total,260.402
01059 Vitoria-Gasteiz,España,213.196
01059 Vitoria-Gasteiz,Extranjero,47.206
01060 Yécora/Iekora,Total,276
01060 Yécora/Iekora,España,223
01060 Yécora/Iekora,Extranjero,53
01061 Zalduondo,Total,196
01061 Zalduondo,España,189
01061 Zalduondo,Extranjero,7
01062 Zambrana,Total,452
01062 Zambrana,España,397
01062 Zambrana,Extranjero,55
01063 Zuia,Total,2.365
01063 Zuia,España,2.180
01063 Zuia,Extranjero,185
01901 Iruña Oka/Iruña de Oca,Total,3.697
01901 Iruña Oka/Iruña de Oca,España,3.080
01901 Iruña Oka/Iruña de Oca,Extranjero,617
01902 Lantarón,Total,935
01902 Lantarón,España,818
01902 Lantarón,Extranjero,117
02001 Abengibre,Total,747
02001 Abengibre,España,699
02001 Abengibre,Extranjero,48
02002 Alatoz,Total,506
02002 Alatoz,España,447
02002 Alatoz,Extranjero,59
02003 Albacete,Total,175.068
02003 Albacete,España,155.855
02003 Albacete,Extranjero,19.213
02004 Albatana,Total,653
02004 Albatana,España,567
02004 Albatana,Extranjero,86
02005 Alborea,Total,688
02005 Alborea,España,565
02005 Alborea,Extranjero,123
02006 Alcadozo,Total,638
02006 Alcadozo,España,601
02006 Alcadozo,Extranjero,37
02007 Alcalá del Júcar,Total,1.156
02007 Alcalá del Júcar,España,1.034
02007 Alcalá del Júcar,Extranjero,122
02008 Alcaraz,Total,1.281
02008 Alcaraz,España,1.219
02008 Alcaraz,Extranjero,62
02009 Almansa,Total,24.603
02009 Almansa,España,22.119
02009 Almansa,Extranjero,2.484
02010 Alpera,Total,2.320
02010 Alpera,España,2.000
02010 Alpera,Extranjero,320
02011 Ayna,Total,575
02011 Ayna,España,552
02011 Ayna,Extranjero,23
02012 Balazote,Total,2.368
02012 Balazote,España,2.141
02012 Balazote,Extranjero,227
02013 Balsa de Ves,Total,124
02013 Balsa de Ves,España,111
02013 Balsa de Ves,Extranjero,13
"02014 Ballestero, El",Total,411
"02014 Ballestero, El",España,381
"02014 Ballestero, El",Extranjero,30
02015 Barrax,Total,1.872
02015 Barrax,España,1.649
02015 Barrax,Extranjero,223
02016 Bienservida,Total,549
02016 Bienservida,España,533
02016 Bienservida,Extranjero,16
02017 Bogarra,Total,730
02017 Bogarra,España,699
02017 Bogarra,Extranjero,31
02018 Bonete,Total,948
02018 Bonete,España,834
02018 Bonete,Extranjero,114
"02019 Bonillo, El",Total,2.646
"02019 Bonillo, El",España,2.496
"02019 Bonillo, El",Extranjero,150
02020 Carcelén,Total,490
02020 Carcelén,España,441
02020 Carcelén,Extranjero,49
02021 Casas de Juan Núñez,Total,1.421
02021 Casas de Juan Núñez,España,1.144
02021 Casas de Juan Núñez,Extranjero,277
02022 Casas de Lázaro,Total,297
02022 Casas de Lázaro,España,293
02022 Casas de Lázaro,Extranjero,4
02023 Casas de Ves,Total,530
02023 Casas de Ves,España,483
02023 Casas de Ves,Extranjero,47
02024 Casas-Ibáñez,Total,4.614
02024 Casas-Ibáñez,España,3.759
02024 Casas-Ibáñez,Extranjero,855
02025 Caudete,Total,10.481
02025 Caudete,España,8.818
02025 Caudete,Extranjero,1.663
02026 Cenizate,Total,1.167
02026 Cenizate,España,960
02026 Cenizate,Extranjero,207
02027 Corral-Rubio,Total,302
02027 Corral-Rubio,España,286
02027 Corral-Rubio,Extranjero,16
02028 Cotillas,Total,123
02028 Cotillas,España,119
02028 Cotillas,Extranjero,4
02029 Chinchilla de Monte-Aragón,Total,4.659
02029 Chinchilla de Monte-Aragón,España,4.300
02029 Chinchilla de Monte-Aragón,Extranjero,359
02030 Elche de la Sierra,Total,3.606
02030 Elche de la Sierra,España,3.388
02030 Elche de la Sierra,Extranjero,218
02031 Férez,Total,604
02031 Férez,España,574
02031 Férez,Extranjero,30
02032 Fuensanta,Total,294
02032 Fuensanta,España,254
02032 Fuensanta,Extranjero,40
02033 Fuente-Álamo,Total,2.426
02033 Fuente-Álamo,España,2.123
02033 Fuente-Álamo,Extranjero,303
02034 Fuentealbilla,Total,1.798
02034 Fuentealbilla,España,1.478
02034 Fuentealbilla,Extranjero,320
"02035 Gineta, La",Total,2.652
"02035 Gineta, La",España,2.325
"02035 Gineta, La",Extranjero,327
02036 Golosalvo,Total,79
02036 Golosalvo,España,74
02036 Golosalvo,Extranjero,5
02037 Hellín,Total,30.911
02037 Hellín,España,25.582
02037 Hellín,Extranjero,5.329
"02038 Herrera, La",Total,316
"02038 Herrera, La",España,268
"02038 Herrera, La",Extranjero,48
02039 Higueruela,Total,1.142
02039 Higueruela,España,1.066
02039 Higueruela,Extranjero,76
02040 Hoya-Gonzalo,Total,582
02040 Hoya-Gonzalo,España,530
02040 Hoya-Gonzalo,Extranjero,52
02041 Jorquera,Total,358
02041 Jorquera,España,321
02041 Jorquera,Extranjero,37
02042 Letur,Total,908
02042 Letur,España,853
02042 Letur,Extranjero,55
02043 Lezuza,Total,1.293
02043 Lezuza,España,1.199
02043 Lezuza,Extranjero,94
02044 Liétor,Total,1.050
02044 Liétor,España,1.004
02044 Liétor,Extranjero,46
02045 Madrigueras,Total,4.670
02045 Madrigueras,España,4.153
02045 Madrigueras,Extranjero,517
02046 Mahora,Total,1.478
02046 Mahora,España,1.332
02046 Mahora,Extranjero,146
02047 Masegoso,Total,117
02047 Masegoso,España,117
02047 Masegoso,Extranjero,0
02048 Minaya,Total,1.410
02048 Minaya,España,1.251
02048 Minaya,Extranjero,159
02049 Molinicos,Total,756
02049 Molinicos,España,723
02049 Molinicos,Extranjero,33
02050 Montalvos,Total,74
02050 Montalvos,España,73
02050 Montalvos,Extranjero,1
02051 Montealegre del Castillo,Total,2.049
02051 Montealegre del Castillo,España,1.796
02051 Montealegre del Castillo,Extranjero,253
02052 Motilleja,Total,680
02052 Motilleja,España,611
02052 Motilleja,Extranjero,69
02053 Munera,Total,3.358
02053 Munera,España,3.169
02053 Munera,Extranjero,189
02054 Navas de Jorquera,Total,514
02054 Navas de Jorquera,España,426
02054 Navas de Jorquera,Extranjero,88
02055 Nerpio,Total,1.139
02055 Nerpio,España,1.103
02055 Nerpio,Extranjero,36
02056 Ontur,Total,1.892
02056 Ontur,España,1.693
02056 Ontur,Extranjero,199
02057 Ossa de Montiel,Total,2.236
02057 Ossa de Montiel,España,2.091
02057 Ossa de Montiel,Extranjero,145
02058 Paterna del Madera,Total,329
02058 Paterna del Madera,España,317
02058 Paterna del Madera,Extranjero,12
02059 Peñascosa,Total,330
02059 Peñascosa,España,320
02059 Peñascosa,Extranjero,10
02060 Peñas de San Pedro,Total,1.493
02060 Peñas de San Pedro,España,1.448
02060 Peñas de San Pedro,Extranjero,45
02061 Pétrola,Total,659
02061 Pétrola,España,620
02061 Pétrola,Extranjero,39
02062 Povedilla,Total,379
02062 Povedilla,España,362
02062 Povedilla,Extranjero,17
02063 Pozohondo,Total,1.541
02063 Pozohondo,España,1.422
02063 Pozohondo,Extranjero,119
02064 Pozo-Lorente,Total,394
02064 Pozo-Lorente,España,362
02064 Pozo-Lorente,Extranjero,32
02065 Pozuelo,Total,455
02065 Pozuelo,España,453
02065 Pozuelo,Extranjero,2
"02066 Recueja, La",Total,215
"02066 Recueja, La",España,203
"02066 Recueja, La",Extranjero,12
02067 Riópar,Total,1.341
02067 Riópar,España,1.264
02067 Riópar,Extranjero,77
02068 Robledo,Total,390
02068 Robledo,España,370
02068 Robledo,Extranjero,20
"02069 Roda, La",Total,15.792
"02069 Roda, La",España,13.348
"02069 Roda, La",Extranjero,2.444
02070 Salobre,Total,444
02070 Salobre,España,379
02070 Salobre,Extranjero,65
02071 San Pedro,Total,1.158
02071 San Pedro,España,1.077
02071 San Pedro,Extranjero,81
02072 Socovos,Total,1.654
02072 Socovos,España,1.560
02072 Socovos,Extranjero,94
02073 Tarazona de la Mancha,Total,6.136
02073 Tarazona de la Mancha,España,5.510
02073 Tarazona de la Mancha,Extranjero,626
02074 Tobarra,Total,8.002
02074 Tobarra,España,6.613
02074 Tobarra,Extranjero,1.389
02075 Valdeganga,Total,1.985
02075 Valdeganga,España,1.838
02075 Valdeganga,Extranjero,147
02076 Vianos,Total,318
02076 Vianos,España,310
02076 Vianos,Extranjero,8
02077 Villa de Ves,Total,50
02077 Villa de Ves,España,39
02077 Villa de Ves,Extranjero,11
02078 Villalgordo del Júcar,Total,1.177
02078 Villalgordo del Júcar,España,999
02078 Villalgordo del Júcar,Extranjero,178
02079 Villamalea,Total,4.072
02079 Villamalea,España,3.177
02079 Villamalea,Extranjero,895
02080 Villapalacios,Total,543
02080 Villapalacios,España,495
02080 Villapalacios,Extranjero,48
02081 Villarrobledo,Total,25.418
02081 Villarrobledo,España,21.877
02081 Villarrobledo,Extranjero,3.541
02082 Villatoya,Total,114
02082 Villatoya,España,100
02082 Villatoya,Extranjero,14
02083 Villavaliente,Total,191
02083 Villavaliente,España,181
02083 Villavaliente,Extranjero,10
02084 Villaverde de Guadalimar,Total,326
02084 Villaverde de Guadalimar,España,307
02084 Villaverde de Guadalimar,Extranjero,19
02085 Viveros,Total,294
02085 Viveros,España,282
02085 Viveros,Extranjero,12
02086 Yeste,Total,2.482
02086 Yeste,España,2.361
02086 Yeste,Extranjero,121
02901 Pozo Cañada,Total,2.710
02901 Pozo Cañada,España,2.521
02901 Pozo Cañada,Extranjero,189
"03001 Atzúbia, l'",Total,601
"03001 Atzúbia, l'",España,321
"03001 Atzúbia, l'",Extranjero,280
03002 Agost,Total,5.224
03002 Agost,España,4.591
03002 Agost,Extranjero,633
03003 Agres,Total,625
03003 Agres,España,541
03003 Agres,Extranjero,84
03004 Aigües,Total,1.187
03004 Aigües,España,814
03004 Aigües,Extranjero,373
03005 Albatera,Total,13.476
03005 Albatera,España,10.030
03005 Albatera,Extranjero,3.446
03006 Alcalalí,Total,1.405
03006 Alcalalí,España,593
03006 Alcalalí,Extranjero,812
03007 Alcosser,Total,263
03007 Alcosser,España,220
03007 Alcosser,Extranjero,43
03008 Alcoleja,Total,186
03008 Alcoleja,España,175
03008 Alcoleja,Extranjero,11
03009 Alcoi/Alcoy,Total,61.613
03009 Alcoi/Alcoy,España,52.388
03009 Alcoi/Alcoy,Extranjero,9.225
03010 Alfafara,Total,417
03010 Alfafara,España,378
03010 Alfafara,Extranjero,39
"03011 Alfàs del Pi, l'",Total,21.046
"03011 Alfàs del Pi, l'",España,9.837
"03011 Alfàs del Pi, l'",Extranjero,11.209
03012 Algorfa,Total,3.749
03012 Algorfa,España,1.522
03012 Algorfa,Extranjero,2.227
03013 Algueña,Total,1.327
03013 Algueña,España,1.193
03013 Algueña,Extranjero,134
03014 Alacant/Alicante,Total,365.586
03014 Alacant/Alicante,España,259.858
03014 Alacant/Alicante,Extranjero,105.728
03015 Almoradí,Total,22.874
03015 Almoradí,España,16.515
03015 Almoradí,Extranjero,6.359
03016 Almudaina,Total,127
03016 Almudaina,España,108
03016 Almudaina,Extranjero,19
"03017 Alqueria d'Asnar, l'",Total,519
"03017 Alqueria d'Asnar, l'",España,481
"03017 Alqueria d'Asnar, l'",Extranjero,38
03018 Altea,Total,24.731
03018 Altea,España,14.047
03018 Altea,Extranjero,10.684
03019 Aspe,Total,22.354
03019 Aspe,España,19.777
03019 Aspe,Extranjero,2.577
03020 Balones,Total,133
03020 Balones,España,111
03020 Balones,Extranjero,22
03021 Banyeres de Mariola,Total,7.336
03021 Banyeres de Mariola,España,6.459
03021 Banyeres de Mariola,Extranjero,877
03022 Benasau,Total,174
03022 Benasau,España,166
03022 Benasau,Extranjero,8
03023 Beneixama,Total,1.704
03023 Beneixama,España,1.563
03023 Beneixama,Extranjero,141
03024 Benejúzar,Total,5.829
03024 Benejúzar,España,4.760
03024 Benejúzar,Extranjero,1.069
03025 Benferri,Total,2.098
03025 Benferri,España,1.737
03025 Benferri,Extranjero,361
03026 Beniarbeig,Total,2.540
03026 Beniarbeig,España,1.754
03026 Beniarbeig,Extranjero,786
03027 Beniardà,Total,233
03027 Beniardà,España,193
03027 Beniardà,Extranjero,40
03028 Beniarrés,Total,1.116
03028 Beniarrés,España,1.002
03028 Beniarrés,Extranjero,114
03029 Benigembla,Total,581
03029 Benigembla,España,258
03029 Benigembla,Extranjero,323
03030 Benidoleig,Total,1.274
03030 Benidoleig,España,662
03030 Benidoleig,Extranjero,612
03031 Benidorm,Total,77.211
03031 Benidorm,España,45.573
03031 Benidorm,Extranjero,31.638
03032 Benifallim,Total,130
03032 Benifallim,España,129
03032 Benifallim,Extranjero,1
03033 Benifato,Total,160
03033 Benifato,España,127
03033 Benifato,Extranjero,33
03034 Benijófar,Total,3.696
03034 Benijófar,España,1.726
03034 Benijófar,Extranjero,1.970
03035 Benilloba,Total,746
03035 Benilloba,España,682
03035 Benilloba,Extranjero,64
03036 Benillup,Total,111
03036 Benillup,España,107
03036 Benillup,Extranjero,4
03037 Benimantell,Total,544
03037 Benimantell,España,388
03037 Benimantell,Extranjero,156
03038 Benimarfull,Total,465
03038 Benimarfull,España,424
03038 Benimarfull,Extranjero,41
03039 Benimassot,Total,85
03039 Benimassot,España,77
03039 Benimassot,Extranjero,8
03040 Benimeli,Total,474
03040 Benimeli,España,316
03040 Benimeli,Extranjero,158
03041 Benissa,Total,12.524
03041 Benissa,España,7.154
03041 Benissa,Extranjero,5.370
"03042 Poble Nou de Benitatxell, el/Benitachell",Total,5.026
"03042 Poble Nou de Benitatxell, el/Benitachell",España,1.865
"03042 Poble Nou de Benitatxell, el/Benitachell",Extranjero,3.161
03043 Biar,Total,3.677
03043 Biar,España,3.363
03043 Biar,Extranjero,314
03044 Bigastro,Total,7.545
03044 Bigastro,España,5.927
03044 Bigastro,Extranjero,1.618
03045 Bolulla,Total,487
03045 Bolulla,España,254
03045 Bolulla,Extranjero,233
03046 Busot,Total,3.756
03046 Busot,España,2.310
03046 Busot,Extranjero,1.446
03047 Calp,Total,27.440
03047 Calp,España,11.633
03047 Calp,Extranjero,15.807
03048 Callosa d'en Sarrià,Total,8.301
03048 Callosa d'en Sarrià,España,5.468
03048 Callosa d'en Sarrià,Extranjero,2.833
03049 Callosa de Segura,Total,19.895
03049 Callosa de Segura,España,14.709
03049 Callosa de Segura,Extranjero,5.186
"03050 Campello, el",Total,31.567
"03050 Campello, el",España,22.653
"03050 Campello, el",Extranjero,8.914
"03051 Camp de Mirra, el/Campo de Mirra",Total,447
"03051 Camp de Mirra, el/Campo de Mirra",España,419
"03051 Camp de Mirra, el/Campo de Mirra",Extranjero,28
03052 Cañada,Total,1.219
03052 Cañada,España,1.145
03052 Cañada,Extranjero,74
03053 Castalla,Total,11.900
03053 Castalla,España,9.747
03053 Castalla,Extranjero,2.153
03054 Castell de Castells,Total,442
03054 Castell de Castells,España,343
03054 Castell de Castells,Extranjero,99
03055 Catral,Total,9.649
03055 Catral,España,6.967
03055 Catral,Extranjero,2.682
03056 Cocentaina,Total,11.486
03056 Cocentaina,España,9.878
03056 Cocentaina,Extranjero,1.608
03057 Confrides,Total,293
03057 Confrides,España,220
03057 Confrides,Extranjero,73
03058 Cox,Total,7.714
03058 Cox,España,6.117
03058 Cox,Extranjero,1.597
03059 Crevillent,Total,30.880
03059 Crevillent,España,25.388
03059 Crevillent,Extranjero,5.492
03060 Quatretondeta,Total,129
03060 Quatretondeta,España,113
03060 Quatretondeta,Extranjero,16
03061 Daya Nueva,Total,1.882
03061 Daya Nueva,España,1.335
03061 Daya Nueva,Extranjero,547
03062 Daya Vieja,Total,714
03062 Daya Vieja,España,254
03062 Daya Vieja,Extranjero,460
03063 Dénia,Total,47.568
03063 Dénia,España,30.196
03063 Dénia,Extranjero,17.372
03064 Dolores,Total,8.335
03064 Dolores,España,6.269
03064 Dolores,Extranjero,2.066
03065 Elx/Elche,Total,245.575
03065 Elx/Elche,España,199.873
03065 Elx/Elche,Extranjero,45.702
03066 Elda,Total,55.554
03066 Elda,España,47.017
03066 Elda,Extranjero,8.537
03067 Fageca,Total,100
03067 Fageca,España,96
03067 Fageca,Extranjero,4
03068 Famorca,Total,44
03068 Famorca,España,40
03068 Famorca,Extranjero,4
03069 Finestrat,Total,9.980
03069 Finestrat,España,4.579
03069 Finestrat,Extranjero,5.401
03070 Formentera del Segura,Total,4.865
03070 Formentera del Segura,España,2.702
03070 Formentera del Segura,Extranjero,2.163
03071 Gata de Gorgos,Total,6.804
03071 Gata de Gorgos,España,4.661
03071 Gata de Gorgos,Extranjero,2.143
03072 Gaianes,Total,586
03072 Gaianes,España,511
03072 Gaianes,Extranjero,75
03073 Gorga,Total,288
03073 Gorga,España,272
03073 Gorga,Extranjero,16
03074 Granja de Rocamora,Total,2.717
03074 Granja de Rocamora,España,2.154
03074 Granja de Rocamora,Extranjero,563
"03075 Castell de Guadalest, el",Total,280
"03075 Castell de Guadalest, el",España,193
"03075 Castell de Guadalest, el",Extranjero,87
03076 Guardamar del Segura,Total,18.541
03076 Guardamar del Segura,España,10.797
03076 Guardamar del Segura,Extranjero,7.744
"03077 Fondó de les Neus, el/Hondón de las Nieves",Total,2.775
"03077 Fondó de les Neus, el/Hondón de las Nieves",España,1.678
"03077 Fondó de les Neus, el/Hondón de las Nieves",Extranjero,1.097
03078 Hondón de los Frailes,Total,1.323
03078 Hondón de los Frailes,España,576
03078 Hondón de los Frailes,Extranjero,747
03079 Ibi,Total,24.662
03079 Ibi,España,21.077
03079 Ibi,Extranjero,3.585
03080 Jacarilla,Total,2.180
03080 Jacarilla,España,1.659
03080 Jacarilla,Extranjero,521
03081 Xaló,Total,3.122
03081 Xaló,España,1.753
03081 Xaló,Extranjero,1.369
03082 Xàbia/Jávea,Total,30.817
03082 Xàbia/Jávea,España,14.489
03082 Xàbia/Jávea,Extranjero,16.328
03083 Xixona/Jijona,Total,7.667
03083 Xixona/Jijona,España,6.289
03083 Xixona/Jijona,Extranjero,1.378
"03084 Orxa, l'/Lorcha",Total,591
"03084 Orxa, l'/Lorcha",España,528
"03084 Orxa, l'/Lorcha",Extranjero,63
03085 Llíber,Total,952
03085 Llíber,España,357
03085 Llíber,Extranjero,595
03086 Millena,Total,266
03086 Millena,España,198
03086 Millena,Extranjero,68
03088 Monforte del Cid,Total,9.372
03088 Monforte del Cid,España,7.798
03088 Monforte del Cid,Extranjero,1.574
03089 Monòver/Monóvar,Total,13.098
03089 Monòver/Monóvar,España,11.214
03089 Monòver/Monóvar,Extranjero,1.884
03090 Mutxamel,Total,28.689
03090 Mutxamel,España,23.458
03090 Mutxamel,Extranjero,5.231
03091 Murla,Total,574
03091 Murla,España,242
03091 Murla,Extranjero,332
03092 Muro de Alcoy,Total,9.361
03092 Muro de Alcoy,España,8.177
03092 Muro de Alcoy,Extranjero,1.184
03093 Novelda,Total,26.612
03093 Novelda,España,22.869
03093 Novelda,Extranjero,3.743
"03094 Nucia, la",Total,19.329
"03094 Nucia, la",España,12.202
"03094 Nucia, la",Extranjero,7.127
03095 Ondara,Total,7.729
03095 Ondara,España,5.560
03095 Ondara,Extranjero,2.169
03096 Onil,Total,8.145
03096 Onil,España,7.022
03096 Onil,Extranjero,1.123
03097 Orba,Total,2.402
03097 Orba,España,1.207
03097 Orba,Extranjero,1.195
03098 Orxeta,Total,934
03098 Orxeta,España,711
03098 Orxeta,Extranjero,223
03099 Orihuela,Total,84.279
03099 Orihuela,España,51.412
03099 Orihuela,Extranjero,32.867
03100 Parcent,Total,1.049
03100 Parcent,España,556
03100 Parcent,Extranjero,493
03101 Pedreguer,Total,8.843
03101 Pedreguer,España,5.990
03101 Pedreguer,Extranjero,2.853
03102 Pego,Total,10.852
03102 Pego,España,8.269
03102 Pego,Extranjero,2.583
03103 Penàguila,Total,305
03103 Penàguila,España,274
03103 Penàguila,Extranjero,31
03104 Petrer,Total,34.035
03104 Petrer,España,31.618
03104 Petrer,Extranjero,2.417
"03105 Pinós, el/Pinoso",Total,8.556
"03105 Pinós, el/Pinoso",España,6.529
"03105 Pinós, el/Pinoso",Extranjero,2.027
03106 Planes,Total,705
03106 Planes,España,610
03106 Planes,Extranjero,95
03107 Polop,Total,5.894
03107 Polop,España,3.677
03107 Polop,Extranjero,2.217
03109 Rafal,Total,4.823
03109 Rafal,España,3.814
03109 Rafal,Extranjero,1.009
"03110 Ràfol d'Almúnia, el",Total,742
"03110 Ràfol d'Almúnia, el",España,411
"03110 Ràfol d'Almúnia, el",Extranjero,331
03111 Redován,Total,8.310
03111 Redován,España,6.847
03111 Redován,Extranjero,1.463
03112 Relleu,Total,1.373
03112 Relleu,España,842
03112 Relleu,Extranjero,531
03113 Rojales,Total,17.488
03113 Rojales,España,5.269
03113 Rojales,Extranjero,12.219
"03114 Romana, la",Total,2.766
"03114 Romana, la",España,2.000
"03114 Romana, la",Extranjero,766
03115 Sagra,Total,443
03115 Sagra,España,270
03115 Sagra,Extranjero,173
03116 Salinas,Total,1.822
03116 Salinas,España,1.419
03116 Salinas,Extranjero,403
03117 Sanet y Negrals,Total,721
03117 Sanet y Negrals,España,447
03117 Sanet y Negrals,Extranjero,274
03118 San Fulgencio,Total,9.906
03118 San Fulgencio,España,3.176
03118 San Fulgencio,Extranjero,6.730
03119 Sant Joan d'Alacant,Total,26.772
03119 Sant Joan d'Alacant,España,20.787
03119 Sant Joan d'Alacant,Extranjero,5.985
03120 San Miguel de Salinas,Total,7.364
03120 San Miguel de Salinas,España,3.170
03120 San Miguel de Salinas,Extranjero,4.194
03121 Santa Pola,Total,39.622
03121 Santa Pola,España,27.795
03121 Santa Pola,Extranjero,11.827
03122 Sant Vicent del Raspeig/San Vicente del Raspeig,Total,60.428
03122 Sant Vicent del Raspeig/San Vicente del Raspeig,España,52.054
03122 Sant Vicent del Raspeig/San Vicente del Raspeig,Extranjero,8.374
03123 Sax,Total,10.360
03123 Sax,España,9.182
03123 Sax,Extranjero,1.178
03124 Sella,Total,622
03124 Sella,España,529
03124 Sella,Extranjero,93
03125 Senija,Total,692
03125 Senija,España,428
03125 Senija,Extranjero,264
03127 Tàrbena,Total,667
03127 Tàrbena,España,378
03127 Tàrbena,Extranjero,289
03128 Teulada,Total,12.932
03128 Teulada,España,5.136
03128 Teulada,Extranjero,7.796
03129 Tibi,Total,1.831
03129 Tibi,España,1.558
03129 Tibi,Extranjero,273
03130 Tollos,Total,34
03130 Tollos,España,26
03130 Tollos,Extranjero,8
03131 Tormos,Total,329
03131 Tormos,España,187
03131 Tormos,Extranjero,142
"03132 Torre de les Maçanes, la/Torremanzanas",Total,757
"03132 Torre de les Maçanes, la/Torremanzanas",España,602
"03132 Torre de les Maçanes, la/Torremanzanas",Extranjero,155
03133 Torrevieja,Total,100.470
03133 Torrevieja,España,44.537
03133 Torrevieja,Extranjero,55.933
"03134 Vall d'Alcalà, la",Total,159
"03134 Vall d'Alcalà, la",España,142
"03134 Vall d'Alcalà, la",Extranjero,17
"03135 Vall d'Ebo, la",Total,231
"03135 Vall d'Ebo, la",España,178
"03135 Vall d'Ebo, la",Extranjero,53
"03136 Vall de Gallinera, la",Total,589
"03136 Vall de Gallinera, la",España,457
"03136 Vall de Gallinera, la",Extranjero,132
"03137 Vall de Laguar, la",Total,914
"03137 Vall de Laguar, la",España,722
"03137 Vall de Laguar, la",Extranjero,192
"03138 Verger, el",Total,5.560
"03138 Verger, el",España,3.907
"03138 Verger, el",Extranjero,1.653
"03139 Vila Joiosa, la/Villajoyosa",Total,37.578
"03139 Vila Joiosa, la/Villajoyosa",España,26.731
"03139 Vila Joiosa, la/Villajoyosa",Extranjero,10.847
03140 Villena,Total,34.729
03140 Villena,España,30.083
03140 Villena,Extranjero,4.646
"03901 Poblets, els",Total,2.769
"03901 Poblets, els",España,1.376
"03901 Poblets, els",Extranjero,1.393
03902 Pilar de la Horadada,Total,24.359
03902 Pilar de la Horadada,España,13.774
03902 Pilar de la Horadada,Extranjero,10.585
"03903 Montesinos, Los",Total,5.759
"03903 Montesinos, Los",España,3.353
"03903 Montesinos, Los",Extranjero,2.406
03904 San Isidro,Total,2.367
03904 San Isidro,España,1.867
03904 San Isidro,Extranjero,500
04001 Abla,Total,1.267
04001 Abla,España,1.119
04001 Abla,Extranjero,148
04002 Abrucena,Total,1.235
04002 Abrucena,España,1.094
04002 Abrucena,Extranjero,141
04003 Adra,Total,25.579
04003 Adra,España,21.541
04003 Adra,Extranjero,4.038
04004 Albanchez,Total,684
04004 Albanchez,España,422
04004 Albanchez,Extranjero,262
04005 Alboloduy,Total,578
04005 Alboloduy,España,532
04005 Alboloduy,Extranjero,46
04006 Albox,Total,12.872
04006 Albox,España,8.318
04006 Albox,Extranjero,4.554
04007 Alcolea,Total,831
04007 Alcolea,España,793
04007 Alcolea,Extranjero,38
04008 Alcóntar,Total,551
04008 Alcóntar,España,477
04008 Alcóntar,Extranjero,74
04009 Alcudia de Monteagud,Total,117
04009 Alcudia de Monteagud,España,102
04009 Alcudia de Monteagud,Extranjero,15
04010 Alhabia,Total,750
04010 Alhabia,España,690
04010 Alhabia,Extranjero,60
04011 Alhama de Almería,Total,4.016
04011 Alhama de Almería,España,3.451
04011 Alhama de Almería,Extranjero,565
04012 Alicún,Total,203
04012 Alicún,España,195
04012 Alicún,Extranjero,8
04013 Almería,Total,204.772
04013 Almería,España,172.789
04013 Almería,Extranjero,31.983
04014 Almócita,Total,215
04014 Almócita,España,191
04014 Almócita,Extranjero,24
04015 Alsodux,Total,125
04015 Alsodux,España,115
04015 Alsodux,Extranjero,10
04016 Antas,Total,3.505
04016 Antas,España,2.419
04016 Antas,Extranjero,1.086
04017 Arboleas,Total,4.182
04017 Arboleas,España,1.350
04017 Arboleas,Extranjero,2.832
04018 Armuña de Almanzora,Total,373
04018 Armuña de Almanzora,España,313
04018 Armuña de Almanzora,Extranjero,60
04019 Bacares,Total,226
04019 Bacares,España,216
04019 Bacares,Extranjero,10
04020 Bayárcal,Total,294
04020 Bayárcal,España,270
04020 Bayárcal,Extranjero,24
04021 Bayarque,Total,214
04021 Bayarque,España,175
04021 Bayarque,Extranjero,39
04022 Bédar,Total,973
04022 Bédar,España,378
04022 Bédar,Extranjero,595
04023 Beires,Total,140
04023 Beires,España,135
04023 Beires,Extranjero,5
04024 Benahadux,Total,4.909
04024 Benahadux,España,4.354
04024 Benahadux,Extranjero,555
04026 Benitagla,Total,64
04026 Benitagla,España,62
04026 Benitagla,Extranjero,2
04027 Benizalón,Total,242
04027 Benizalón,España,210
04027 Benizalón,Extranjero,32
04028 Bentarique,Total,226
04028 Bentarique,España,220
04028 Bentarique,Extranjero,6
04029 Berja,Total,12.997
04029 Berja,España,10.917
04029 Berja,Extranjero,2.080
04030 Canjáyar,Total,1.143
04030 Canjáyar,España,1.045
04030 Canjáyar,Extranjero,98
04031 Cantoria,Total,3.611
04031 Cantoria,España,2.425
04031 Cantoria,Extranjero,1.186
04032 Carboneras,Total,8.456
04032 Carboneras,España,6.967
04032 Carboneras,Extranjero,1.489
04033 Castro de Filabres,Total,105
04033 Castro de Filabres,España,94
04033 Castro de Filabres,Extranjero,11
04034 Cóbdar,Total,171
04034 Cóbdar,España,154
04034 Cóbdar,Extranjero,17
04035 Cuevas del Almanzora,Total,15.435
04035 Cuevas del Almanzora,España,10.541
04035 Cuevas del Almanzora,Extranjero,4.894
04036 Chercos,Total,305
04036 Chercos,España,258
04036 Chercos,Extranjero,47
04037 Chirivel,Total,1.635
04037 Chirivel,España,1.297
04037 Chirivel,Extranjero,338
04038 Dalías,Total,4.184
04038 Dalías,España,3.784
04038 Dalías,Extranjero,400
04041 Enix,Total,624
04041 Enix,España,510
04041 Enix,Extranjero,114
04043 Felix,Total,772
04043 Felix,España,685
04043 Felix,Extranjero,87
04044 Fines,Total,2.390
04044 Fines,España,1.838
04044 Fines,Extranjero,552
04045 Fiñana,Total,1.991
04045 Fiñana,España,1.845
04045 Fiñana,Extranjero,146
04046 Fondón,Total,1.151
04046 Fondón,España,1.075
04046 Fondón,Extranjero,76
04047 Gádor,Total,3.147
04047 Gádor,España,2.778
04047 Gádor,Extranjero,369
"04048 Gallardos, Los",Total,3.109
"04048 Gallardos, Los",España,1.792
"04048 Gallardos, Los",Extranjero,1.317
04049 Garrucha,Total,10.823
04049 Garrucha,España,7.019
04049 Garrucha,Extranjero,3.804
04050 Gérgal,Total,1.244
04050 Gérgal,España,867
04050 Gérgal,Extranjero,377
04051 Huécija,Total,527
04051 Huécija,España,495
04051 Huécija,Extranjero,32
04052 Huércal de Almería,Total,18.763
04052 Huércal de Almería,España,17.537
04052 Huércal de Almería,Extranjero,1.226
04053 Huércal-Overa,Total,20.801
04053 Huércal-Overa,España,14.854
04053 Huércal-Overa,Extranjero,5.947
04054 Íllar,Total,484
04054 Íllar,España,414
04054 Íllar,Extranjero,70
04055 Instinción,Total,507
04055 Instinción,España,439
04055 Instinción,Extranjero,68
04056 Laroya,Total,198
04056 Laroya,España,178
04056 Laroya,Extranjero,20
04057 Laujar de Andarax,Total,1.670
04057 Laujar de Andarax,España,1.524
04057 Laujar de Andarax,Extranjero,146
04058 Líjar,Total,381
04058 Líjar,España,330
04058 Líjar,Extranjero,51
04059 Lubrín,Total,1.456
04059 Lubrín,España,988
04059 Lubrín,Extranjero,468
04060 Lucainena de las Torres,Total,725
04060 Lucainena de las Torres,España,563
04060 Lucainena de las Torres,Extranjero,162
04061 Lúcar,Total,826
04061 Lúcar,España,700
04061 Lúcar,Extranjero,126
04062 Macael,Total,5.470
04062 Macael,España,4.890
04062 Macael,Extranjero,580
04063 María,Total,1.202
04063 María,España,1.060
04063 María,Extranjero,142
04064 Mojácar,Total,7.642
04064 Mojácar,España,3.563
04064 Mojácar,Extranjero,4.079
04065 Nacimiento,Total,485
04065 Nacimiento,España,363
04065 Nacimiento,Extranjero,122
04066 Níjar,Total,32.772
04066 Níjar,España,19.165
04066 Níjar,Extranjero,13.607
04067 Ohanes,Total,553
04067 Ohanes,España,522
04067 Ohanes,Extranjero,31
04068 Olula de Castro,Total,175
04068 Olula de Castro,España,163
04068 Olula de Castro,Extranjero,12
04069 Olula del Río,Total,6.499
04069 Olula del Río,España,5.480
04069 Olula del Río,Extranjero,1.019
04070 Oria,Total,2.199
04070 Oria,España,1.558
04070 Oria,Extranjero,641
04071 Padules,Total,435
04071 Padules,España,386
04071 Padules,Extranjero,49
04072 Partaloa,Total,827
04072 Partaloa,España,325
04072 Partaloa,Extranjero,502
04073 Paterna del Río,Total,399
04073 Paterna del Río,España,367
04073 Paterna del Río,Extranjero,32
04074 Pechina,Total,4.608
04074 Pechina,España,3.933
04074 Pechina,Extranjero,675
04075 Pulpí,Total,12.462
04075 Pulpí,España,6.757
04075 Pulpí,Extranjero,5.705
04076 Purchena,Total,1.568
04076 Purchena,España,1.336
04076 Purchena,Extranjero,232
04077 Rágol,Total,294
04077 Rágol,España,273
04077 Rágol,Extranjero,21
04078 Rioja,Total,1.632
04078 Rioja,España,1.448
04078 Rioja,Extranjero,184
04079 Roquetas de Mar,Total,110.054
04079 Roquetas de Mar,España,74.870
04079 Roquetas de Mar,Extranjero,35.184
04080 Santa Cruz de Marchena,Total,236
04080 Santa Cruz de Marchena,España,206
04080 Santa Cruz de Marchena,Extranjero,30
04081 Santa Fe de Mondújar,Total,523
04081 Santa Fe de Mondújar,España,450
04081 Santa Fe de Mondújar,Extranjero,73
04082 Senés,Total,278
04082 Senés,España,241
04082 Senés,Extranjero,37
04083 Serón,Total,2.149
04083 Serón,España,1.883
04083 Serón,Extranjero,266
04084 Sierro,Total,364
04084 Sierro,España,337
04084 Sierro,Extranjero,27
04085 Somontín,Total,503
04085 Somontín,España,443
04085 Somontín,Extranjero,60
04086 Sorbas,Total,2.544
04086 Sorbas,España,1.906
04086 Sorbas,Extranjero,638
04087 Suflí,Total,223
04087 Suflí,España,171
04087 Suflí,Extranjero,52
04088 Tabernas,Total,4.024
04088 Tabernas,España,3.032
04088 Tabernas,Extranjero,992
04089 Taberno,Total,953
04089 Taberno,España,723
04089 Taberno,Extranjero,230
04090 Tahal,Total,357
04090 Tahal,España,295
04090 Tahal,Extranjero,62
04091 Terque,Total,389
04091 Terque,España,317
04091 Terque,Extranjero,72
04092 Tíjola,Total,3.560
04092 Tíjola,España,3.123
04092 Tíjola,Extranjero,437
04093 Turre,Total,4.482
04093 Turre,España,2.368
04093 Turre,Extranjero,2.114
04094 Turrillas,Total,258
04094 Turrillas,España,237
04094 Turrillas,Extranjero,21
04095 Uleila del Campo,Total,816
04095 Uleila del Campo,España,672
04095 Uleila del Campo,Extranjero,144
04096 Urrácal,Total,348
04096 Urrácal,España,268
04096 Urrácal,Extranjero,80
04097 Velefique,Total,230
04097 Velefique,España,215
04097 Velefique,Extranjero,15
04098 Vélez-Blanco,Total,1.950
04098 Vélez-Blanco,España,1.556
04098 Vélez-Blanco,Extranjero,394
04099 Vélez-Rubio,Total,6.670
04099 Vélez-Rubio,España,5.260
04099 Vélez-Rubio,Extranjero,1.410
04100 Vera,Total,20.193
04100 Vera,España,12.566
04100 Vera,Extranjero,7.627
04101 Viator,Total,6.422
04101 Viator,España,5.703
04101 Viator,Extranjero,719
04102 Vícar,Total,29.104
04102 Vícar,España,19.207
04102 Vícar,Extranjero,9.897
04103 Zurgena,Total,3.030
04103 Zurgena,España,1.575
04103 Zurgena,Extranjero,1.455
"04901 Tres Villas, Las",Total,551
"04901 Tres Villas, Las",España,497
"04901 Tres Villas, Las",Extranjero,54
"04902 Ejido, El",Total,90.617
"04902 Ejido, El",España,62.614
"04902 Ejido, El",Extranjero,28.003
"04903 Mojonera, La",Total,8.690
"04903 Mojonera, La",España,5.659
"04903 Mojonera, La",Extranjero,3.031
04904 Balanegra,Total,3.040
04904 Balanegra,España,2.398
04904 Balanegra,Extranjero,642
05001 Adanero,Total,214
05001 Adanero,España,176
05001 Adanero,Extranjero,38
"05002 Adrada, La",Total,2.861
"05002 Adrada, La",España,2.397
"05002 Adrada, La",Extranjero,464
05005 Albornos,Total,170
05005 Albornos,España,165
05005 Albornos,Extranjero,5
05007 Aldeanueva de Santa Cruz,Total,102
05007 Aldeanueva de Santa Cruz,España,100
05007 Aldeanueva de Santa Cruz,Extranjero,2
05008 Aldeaseca,Total,211
05008 Aldeaseca,España,199
05008 Aldeaseca,Extranjero,12
"05010 Aldehuela, La",Total,142
"05010 Aldehuela, La",España,136
"05010 Aldehuela, La",Extranjero,6
05012 Amavida,Total,131
05012 Amavida,España,131
05012 Amavida,Extranjero,0
"05013 Arenal, El",Total,977
"05013 Arenal, El",España,772
"05013 Arenal, El",Extranjero,205
05014 Arenas de San Pedro,Total,6.480
05014 Arenas de San Pedro,España,5.826
05014 Arenas de San Pedro,Extranjero,654
05015 Arevalillo,Total,59
05015 Arevalillo,España,57
05015 Arevalillo,Extranjero,2
05016 Arévalo,Total,7.875
05016 Arévalo,España,7.232
05016 Arévalo,Extranjero,643
05017 Aveinte,Total,67
05017 Aveinte,España,67
05017 Aveinte,Extranjero,0
05018 Avellaneda,Total,23
05018 Avellaneda,España,23
05018 Avellaneda,Extranjero,0
05019 Ávila,Total,59.480
05019 Ávila,España,50.814
05019 Ávila,Extranjero,8.666
"05021 Barco de Ávila, El",Total,2.317
"05021 Barco de Ávila, El",España,2.030
"05021 Barco de Ávila, El",Extranjero,287
"05022 Barraco, El",Total,2.084
"05022 Barraco, El",España,1.782
"05022 Barraco, El",Extranjero,302
05023 Barromán,Total,174
05023 Barromán,España,171
05023 Barromán,Extranjero,3
05024 Becedas,Total,150
05024 Becedas,España,145
05024 Becedas,Extranjero,5
05025 Becedillas,Total,70
05025 Becedillas,España,70
05025 Becedillas,Extranjero,0
05026 Bercial de Zapardiel,Total,166
05026 Bercial de Zapardiel,España,155
05026 Bercial de Zapardiel,Extranjero,11
"05027 Berlanas, Las",Total,322
"05027 Berlanas, Las",España,288
"05027 Berlanas, Las",Extranjero,34
05029 Bernuy-Zapardiel,Total,81
05029 Bernuy-Zapardiel,España,79
05029 Bernuy-Zapardiel,Extranjero,2
05030 Berrocalejo de Aragona,Total,55
05030 Berrocalejo de Aragona,España,54
05030 Berrocalejo de Aragona,Extranjero,1
05033 Blascomillán,Total,169
05033 Blascomillán,España,165
05033 Blascomillán,Extranjero,4
05034 Blasconuño de Matacabras,Total,14
05034 Blasconuño de Matacabras,España,14
05034 Blasconuño de Matacabras,Extranjero,0
05035 Blascosancho,Total,86
05035 Blascosancho,España,83
05035 Blascosancho,Extranjero,3
"05036 Bohodón, El",Total,104
"05036 Bohodón, El",España,102
"05036 Bohodón, El",Extranjero,2
05037 Bohoyo,Total,204
05037 Bohoyo,España,194
05037 Bohoyo,Extranjero,10
05038 Bonilla de la Sierra,Total,139
05038 Bonilla de la Sierra,España,131
05038 Bonilla de la Sierra,Extranjero,8
05039 Brabos,Total,38
05039 Brabos,España,37
05039 Brabos,Extranjero,1
05040 Bularros,Total,55
05040 Bularros,España,54
05040 Bularros,Extranjero,1
05041 Burgohondo,Total,1.273
05041 Burgohondo,España,1.077
05041 Burgohondo,Extranjero,196
05042 Cabezas de Alambre,Total,153
05042 Cabezas de Alambre,España,128
05042 Cabezas de Alambre,Extranjero,25
05043 Cabezas del Pozo,Total,81
05043 Cabezas del Pozo,España,80
05043 Cabezas del Pozo,Extranjero,1
05044 Cabezas del Villar,Total,227
05044 Cabezas del Villar,España,218
05044 Cabezas del Villar,Extranjero,9
05045 Cabizuela,Total,90
05045 Cabizuela,España,86
05045 Cabizuela,Extranjero,4
05046 Canales,Total,42
05046 Canales,España,41
05046 Canales,Extranjero,1
05047 Candeleda,Total,4.999
05047 Candeleda,España,4.519
05047 Candeleda,Extranjero,480
05048 Cantiveros,Total,102
05048 Cantiveros,España,99
05048 Cantiveros,Extranjero,3
05049 Cardeñosa,Total,431
05049 Cardeñosa,España,405
05049 Cardeñosa,Extranjero,26
"05051 Carrera, La",Total,155
"05051 Carrera, La",España,147
"05051 Carrera, La",Extranjero,8
05052 Casas del Puerto,Total,79
05052 Casas del Puerto,España,77
05052 Casas del Puerto,Extranjero,2
05053 Casasola,Total,69
05053 Casasola,España,68
05053 Casasola,Extranjero,1
05054 Casavieja,Total,1.371
05054 Casavieja,España,1.255
05054 Casavieja,Extranjero,116
05055 Casillas,Total,672
05055 Casillas,España,551
05055 Casillas,Extranjero,121
05056 Castellanos de Zapardiel,Total,107
05056 Castellanos de Zapardiel,España,102
05056 Castellanos de Zapardiel,Extranjero,5
05057 Cebreros,Total,3.337
05057 Cebreros,España,2.637
05057 Cebreros,Extranjero,700
05058 Cepeda la Mora,Total,64
05058 Cepeda la Mora,España,63
05058 Cepeda la Mora,Extranjero,1
05059 Cillán,Total,83
05059 Cillán,España,75
05059 Cillán,Extranjero,8
05060 Cisla,Total,107
05060 Cisla,España,100
05060 Cisla,Extranjero,7
"05061 Colilla, La",Total,376
"05061 Colilla, La",España,355
"05061 Colilla, La",Extranjero,21
05062 Collado de Contreras,Total,149
05062 Collado de Contreras,España,138
05062 Collado de Contreras,Extranjero,11
05063 Collado del Mirón,Total,19
05063 Collado del Mirón,España,19
05063 Collado del Mirón,Extranjero,0
05064 Constanzana,Total,104
05064 Constanzana,España,98
05064 Constanzana,Extranjero,6
05065 Crespos,Total,469
05065 Crespos,España,447
05065 Crespos,Extranjero,22
05066 Cuevas del Valle,Total,511
05066 Cuevas del Valle,España,462
05066 Cuevas del Valle,Extranjero,49
05067 Chamartín,Total,63
05067 Chamartín,España,62
05067 Chamartín,Extranjero,1
05069 Donjimeno,Total,70
05069 Donjimeno,España,63
05069 Donjimeno,Extranjero,7
05070 Donvidas,Total,31
05070 Donvidas,España,26
05070 Donvidas,Extranjero,5
05072 Espinosa de los Caballeros,Total,106
05072 Espinosa de los Caballeros,España,97
05072 Espinosa de los Caballeros,Extranjero,9
05073 Flores de Ávila,Total,262
05073 Flores de Ávila,España,259
05073 Flores de Ávila,Extranjero,3
05074 Fontiveros,Total,717
05074 Fontiveros,España,685
05074 Fontiveros,Extranjero,32
05075 Fresnedilla,Total,94
05075 Fresnedilla,España,91
05075 Fresnedilla,Extranjero,3
"05076 Fresno, El",Total,583
"05076 Fresno, El",España,554
"05076 Fresno, El",Extranjero,29
05077 Fuente el Saúz,Total,146
05077 Fuente el Saúz,España,136
05077 Fuente el Saúz,Extranjero,10
05078 Fuentes de Año,Total,91
05078 Fuentes de Año,España,88
05078 Fuentes de Año,Extranjero,3
05079 Gallegos de Altamiros,Total,61
05079 Gallegos de Altamiros,España,61
05079 Gallegos de Altamiros,Extranjero,0
05080 Gallegos de Sobrinos,Total,41
05080 Gallegos de Sobrinos,España,40
05080 Gallegos de Sobrinos,Extranjero,1
05081 Garganta del Villar,Total,37
05081 Garganta del Villar,España,37
05081 Garganta del Villar,Extranjero,0
05082 Gavilanes,Total,524
05082 Gavilanes,España,494
05082 Gavilanes,Extranjero,30
05083 Gemuño,Total,147
05083 Gemuño,España,144
05083 Gemuño,Extranjero,3
05084 Gilbuena,Total,44
05084 Gilbuena,España,44
05084 Gilbuena,Extranjero,0
05085 Gil García,Total,45
05085 Gil García,España,44
05085 Gil García,Extranjero,1
05086 Gimialcón,Total,73
05086 Gimialcón,España,71
05086 Gimialcón,Extranjero,2
05087 Gotarrendura,Total,173
05087 Gotarrendura,España,144
05087 Gotarrendura,Extranjero,29
05088 Grandes y San Martín,Total,33
05088 Grandes y San Martín,España,33
05088 Grandes y San Martín,Extranjero,0
05089 Guisando,Total,463
05089 Guisando,España,440
05089 Guisando,Extranjero,23
05090 Gutierre-Muñoz,Total,63
05090 Gutierre-Muñoz,España,60
05090 Gutierre-Muñoz,Extranjero,3
05092 Hernansancho,Total,140
05092 Hernansancho,España,133
05092 Hernansancho,Extranjero,7
05093 Herradón de Pinares,Total,554
05093 Herradón de Pinares,España,420
05093 Herradón de Pinares,Extranjero,134
05094 Herreros de Suso,Total,139
05094 Herreros de Suso,España,126
05094 Herreros de Suso,Extranjero,13
05095 Higuera de las Dueñas,Total,248
05095 Higuera de las Dueñas,España,227
05095 Higuera de las Dueñas,Extranjero,21
"05096 Hija de Dios, La",Total,79
"05096 Hija de Dios, La",España,77
"05096 Hija de Dios, La",Extranjero,2
"05097 Horcajada, La",Total,436
"05097 Horcajada, La",España,428
"05097 Horcajada, La",Extranjero,8
05099 Horcajo de las Torres,Total,425
05099 Horcajo de las Torres,España,420
05099 Horcajo de las Torres,Extranjero,5
"05100 Hornillo, El",Total,262
"05100 Hornillo, El",España,248
"05100 Hornillo, El",Extranjero,14
05101 Hoyocasero,Total,295
05101 Hoyocasero,España,268
05101 Hoyocasero,Extranjero,27
"05102 Hoyo de Pinares, El",Total,2.185
"05102 Hoyo de Pinares, El",España,1.895
"05102 Hoyo de Pinares, El",Extranjero,290
05103 Hoyorredondo,Total,57
05103 Hoyorredondo,España,56
05103 Hoyorredondo,Extranjero,1
05104 Hoyos del Collado,Total,28
05104 Hoyos del Collado,España,27
05104 Hoyos del Collado,Extranjero,1
05105 Hoyos del Espino,Total,366
05105 Hoyos del Espino,España,341
05105 Hoyos del Espino,Extranjero,25
05106 Hoyos de Miguel Muñoz,Total,24
05106 Hoyos de Miguel Muñoz,España,23
05106 Hoyos de Miguel Muñoz,Extranjero,1
05107 Hurtumpascual,Total,44
05107 Hurtumpascual,España,44
05107 Hurtumpascual,Extranjero,0
05108 Junciana,Total,40
05108 Junciana,España,38
05108 Junciana,Extranjero,2
05109 Langa,Total,444
05109 Langa,España,438
05109 Langa,Extranjero,6
05110 Lanzahíta,Total,815
05110 Lanzahíta,España,730
05110 Lanzahíta,Extranjero,85
"05112 Losar del Barco, El",Total,100
"05112 Losar del Barco, El",España,94
"05112 Losar del Barco, El",Extranjero,6
"05113 Llanos de Tormes, Los",Total,56
"05113 Llanos de Tormes, Los",España,56
"05113 Llanos de Tormes, Los",Extranjero,0
05114 Madrigal de las Altas Torres,Total,1.285
05114 Madrigal de las Altas Torres,España,1.248
05114 Madrigal de las Altas Torres,Extranjero,37
05115 Maello,Total,723
05115 Maello,España,578
05115 Maello,Extranjero,145
05116 Malpartida de Corneja,Total,90
05116 Malpartida de Corneja,España,90
05116 Malpartida de Corneja,Extranjero,0
05117 Mamblas,Total,190
05117 Mamblas,España,189
05117 Mamblas,Extranjero,1
05118 Mancera de Arriba,Total,67
05118 Mancera de Arriba,España,65
05118 Mancera de Arriba,Extranjero,2
05119 Manjabálago y Ortigosa de Rioalmar,Total,22
05119 Manjabálago y Ortigosa de Rioalmar,España,22
05119 Manjabálago y Ortigosa de Rioalmar,Extranjero,0
05120 Marlín,Total,30
05120 Marlín,España,30
05120 Marlín,Extranjero,0
05121 Martiherrero,Total,371
05121 Martiherrero,España,332
05121 Martiherrero,Extranjero,39
05122 Martínez,Total,111
05122 Martínez,España,109
05122 Martínez,Extranjero,2
05123 Mediana de Voltoya,Total,116
05123 Mediana de Voltoya,España,108
05123 Mediana de Voltoya,Extranjero,8
05124 Medinilla,Total,79
05124 Medinilla,España,69
05124 Medinilla,Extranjero,10
05125 Mengamuñoz,Total,61
05125 Mengamuñoz,España,53
05125 Mengamuñoz,Extranjero,8
05126 Mesegar de Corneja,Total,63
05126 Mesegar de Corneja,España,62
05126 Mesegar de Corneja,Extranjero,1
05127 Mijares,Total,716
05127 Mijares,España,637
05127 Mijares,Extranjero,79
05128 Mingorría,Total,423
05128 Mingorría,España,378
05128 Mingorría,Extranjero,45
"05129 Mirón, El",Total,93
"05129 Mirón, El",España,85
"05129 Mirón, El",Extranjero,8
05130 Mironcillo,Total,112
05130 Mironcillo,España,111
05130 Mironcillo,Extranjero,1
05131 Mirueña de los Infanzones,Total,87
05131 Mirueña de los Infanzones,España,86
05131 Mirueña de los Infanzones,Extranjero,1
05132 Mombeltrán,Total,922
05132 Mombeltrán,España,864
05132 Mombeltrán,Extranjero,58
05133 Monsalupe,Total,64
05133 Monsalupe,España,62
05133 Monsalupe,Extranjero,2
05134 Moraleja de Matacabras,Total,56
05134 Moraleja de Matacabras,España,55
05134 Moraleja de Matacabras,Extranjero,1
05135 Muñana,Total,498
05135 Muñana,España,434
05135 Muñana,Extranjero,64
05136 Muñico,Total,79
05136 Muñico,España,76
05136 Muñico,Extranjero,3
05138 Muñogalindo,Total,299
05138 Muñogalindo,España,281
05138 Muñogalindo,Extranjero,18
05139 Muñogrande,Total,80
05139 Muñogrande,España,75
05139 Muñogrande,Extranjero,5
05140 Muñomer del Peco,Total,113
05140 Muñomer del Peco,España,108
05140 Muñomer del Peco,Extranjero,5
05141 Muñopepe,Total,97
05141 Muñopepe,España,93
05141 Muñopepe,Extranjero,4
05142 Muñosancho,Total,87
05142 Muñosancho,España,86
05142 Muñosancho,Extranjero,1
05143 Muñotello,Total,50
05143 Muñotello,España,49
05143 Muñotello,Extranjero,1
05144 Narrillos del Álamo,Total,56
05144 Narrillos del Álamo,España,52
05144 Narrillos del Álamo,Extranjero,4
05145 Narrillos del Rebollar,Total,33
05145 Narrillos del Rebollar,España,32
05145 Narrillos del Rebollar,Extranjero,1
05147 Narros del Castillo,Total,150
05147 Narros del Castillo,España,136
05147 Narros del Castillo,Extranjero,14
05148 Narros del Puerto,Total,25
05148 Narros del Puerto,España,25
05148 Narros del Puerto,Extranjero,0
05149 Narros de Saldueña,Total,102
05149 Narros de Saldueña,España,95
05149 Narros de Saldueña,Extranjero,7
05151 Navacepedilla de Corneja,Total,101
05151 Navacepedilla de Corneja,España,85
05151 Navacepedilla de Corneja,Extranjero,16
05152 Nava de Arévalo,Total,648
05152 Nava de Arévalo,España,615
05152 Nava de Arévalo,Extranjero,33
05153 Nava del Barco,Total,81
05153 Nava del Barco,España,81
05153 Nava del Barco,Extranjero,0
05154 Navadijos,Total,28
05154 Navadijos,España,24
05154 Navadijos,Extranjero,4
05155 Navaescurial,Total,59
05155 Navaescurial,España,48
05155 Navaescurial,Extranjero,11
05156 Navahondilla,Total,356
05156 Navahondilla,España,308
05156 Navahondilla,Extranjero,48
05157 Navalacruz,Total,194
05157 Navalacruz,España,173
05157 Navalacruz,Extranjero,21
05158 Navalmoral,Total,451
05158 Navalmoral,España,357
05158 Navalmoral,Extranjero,94
05159 Navalonguilla,Total,182
05159 Navalonguilla,España,180
05159 Navalonguilla,Extranjero,2
05160 Navalosa,Total,317
05160 Navalosa,España,304
05160 Navalosa,Extranjero,13
05161 Navalperal de Pinares,Total,844
05161 Navalperal de Pinares,España,596
05161 Navalperal de Pinares,Extranjero,248
05162 Navalperal de Tormes,Total,73
05162 Navalperal de Tormes,España,72
05162 Navalperal de Tormes,Extranjero,1
05163 Navaluenga,Total,2.140
05163 Navaluenga,España,1.892
05163 Navaluenga,Extranjero,248
05164 Navaquesera,Total,38
05164 Navaquesera,España,31
05164 Navaquesera,Extranjero,7
05165 Navarredonda de Gredos,Total,459
05165 Navarredonda de Gredos,España,424
05165 Navarredonda de Gredos,Extranjero,35
05166 Navarredondilla,Total,149
05166 Navarredondilla,España,129
05166 Navarredondilla,Extranjero,20
05167 Navarrevisca,Total,285
05167 Navarrevisca,España,247
05167 Navarrevisca,Extranjero,38
"05168 Navas del Marqués, Las",Total,5.680
"05168 Navas del Marqués, Las",España,4.450
"05168 Navas del Marqués, Las",Extranjero,1.230
05169 Navatalgordo,Total,230
05169 Navatalgordo,España,219
05169 Navatalgordo,Extranjero,11
05170 Navatejares,Total,48
05170 Navatejares,España,45
05170 Navatejares,Extranjero,3
05171 Neila de San Miguel,Total,66
05171 Neila de San Miguel,España,66
05171 Neila de San Miguel,Extranjero,0
05172 Niharra,Total,192
05172 Niharra,España,126
05172 Niharra,Extranjero,66
05173 Ojos-Albos,Total,91
05173 Ojos-Albos,España,82
05173 Ojos-Albos,Extranjero,9
05174 Orbita,Total,72
05174 Orbita,España,67
05174 Orbita,Extranjero,5
"05175 Oso, El",Total,125
"05175 Oso, El",España,117
"05175 Oso, El",Extranjero,8
05176 Padiernos,Total,278
05176 Padiernos,España,256
05176 Padiernos,Extranjero,22
05177 Pajares de Adaja,Total,130
05177 Pajares de Adaja,España,118
05177 Pajares de Adaja,Extranjero,12
05178 Palacios de Goda,Total,400
05178 Palacios de Goda,España,374
05178 Palacios de Goda,Extranjero,26
05179 Papatrigo,Total,221
05179 Papatrigo,España,209
05179 Papatrigo,Extranjero,12
"05180 Parral, El",Total,65
"05180 Parral, El",España,64
"05180 Parral, El",Extranjero,1
05181 Pascualcobo,Total,38
05181 Pascualcobo,España,36
05181 Pascualcobo,Extranjero,2
05182 Pedro Bernardo,Total,772
05182 Pedro Bernardo,España,702
05182 Pedro Bernardo,Extranjero,70
05183 Pedro-Rodríguez,Total,130
05183 Pedro-Rodríguez,España,119
05183 Pedro-Rodríguez,Extranjero,11
05184 Peguerinos,Total,284
05184 Peguerinos,España,226
05184 Peguerinos,Extranjero,58
05185 Peñalba de Ávila,Total,104
05185 Peñalba de Ávila,España,101
05185 Peñalba de Ávila,Extranjero,3
05186 Piedrahíta,Total,1.655
05186 Piedrahíta,España,1.525
05186 Piedrahíta,Extranjero,130
05187 Piedralaves,Total,2.204
05187 Piedralaves,España,1.961
05187 Piedralaves,Extranjero,243
05188 Poveda,Total,30
05188 Poveda,España,30
05188 Poveda,Extranjero,0
05189 Poyales del Hoyo,Total,499
05189 Poyales del Hoyo,España,425
05189 Poyales del Hoyo,Extranjero,74
05190 Pozanco,Total,57
05190 Pozanco,España,53
05190 Pozanco,Extranjero,4
05191 Pradosegar,Total,107
05191 Pradosegar,España,101
05191 Pradosegar,Extranjero,6
05192 Puerto Castilla,Total,99
05192 Puerto Castilla,España,97
05192 Puerto Castilla,Extranjero,2
05193 Rasueros,Total,151
05193 Rasueros,España,150
05193 Rasueros,Extranjero,1
05194 Riocabado,Total,130
05194 Riocabado,España,124
05194 Riocabado,Extranjero,6
05195 Riofrío,Total,191
05195 Riofrío,España,186
05195 Riofrío,Extranjero,5
05196 Rivilla de Barajas,Total,59
05196 Rivilla de Barajas,España,56
05196 Rivilla de Barajas,Extranjero,3
05197 Salobral,Total,111
05197 Salobral,España,106
05197 Salobral,Extranjero,5
05198 Salvadiós,Total,65
05198 Salvadiós,España,64
05198 Salvadiós,Extranjero,1
05199 San Bartolomé de Béjar,Total,44
05199 San Bartolomé de Béjar,España,36
05199 San Bartolomé de Béjar,Extranjero,8
05200 San Bartolomé de Corneja,Total,32
05200 San Bartolomé de Corneja,España,32
05200 San Bartolomé de Corneja,Extranjero,0
05201 San Bartolomé de Pinares,Total,481
05201 San Bartolomé de Pinares,España,477
05201 San Bartolomé de Pinares,Extranjero,4
05204 Sanchidrián,Total,722
05204 Sanchidrián,España,601
05204 Sanchidrián,Extranjero,121
05205 Sanchorreja,Total,79
05205 Sanchorreja,España,76
05205 Sanchorreja,Extranjero,3
05206 San Esteban de los Patos,Total,23
05206 San Esteban de los Patos,España,22
05206 San Esteban de los Patos,Extranjero,1
05207 San Esteban del Valle,Total,736
05207 San Esteban del Valle,España,698
05207 San Esteban del Valle,Extranjero,38
05208 San Esteban de Zapardiel,Total,40
05208 San Esteban de Zapardiel,España,39
05208 San Esteban de Zapardiel,Extranjero,1
05209 San García de Ingelmos,Total,64
05209 San García de Ingelmos,España,64
05209 San García de Ingelmos,Extranjero,0
05210 San Juan de la Encinilla,Total,69
05210 San Juan de la Encinilla,España,61
05210 San Juan de la Encinilla,Extranjero,8
05211 San Juan de la Nava,Total,423
05211 San Juan de la Nava,España,405
05211 San Juan de la Nava,Extranjero,18
05212 San Juan del Molinillo,Total,239
05212 San Juan del Molinillo,España,219
05212 San Juan del Molinillo,Extranjero,20
05213 San Juan del Olmo,Total,76
05213 San Juan del Olmo,España,68
05213 San Juan del Olmo,Extranjero,8
05214 San Lorenzo de Tormes,Total,31
05214 San Lorenzo de Tormes,España,30
05214 San Lorenzo de Tormes,Extranjero,1
05215 San Martín de la Vega del Alberche,Total,164
05215 San Martín de la Vega del Alberche,España,154
05215 San Martín de la Vega del Alberche,Extranjero,10
05216 San Martín del Pimpollar,Total,221
05216 San Martín del Pimpollar,España,220
05216 San Martín del Pimpollar,Extranjero,1
05217 San Miguel de Corneja,Total,68
05217 San Miguel de Corneja,España,64
05217 San Miguel de Corneja,Extranjero,4
05218 San Miguel de Serrezuela,Total,105
05218 San Miguel de Serrezuela,España,102
05218 San Miguel de Serrezuela,Extranjero,3
05219 San Pascual,Total,44
05219 San Pascual,España,38
05219 San Pascual,Extranjero,6
05220 San Pedro del Arroyo,Total,514
05220 San Pedro del Arroyo,España,437
05220 San Pedro del Arroyo,Extranjero,77
05221 Santa Cruz del Valle,Total,295
05221 Santa Cruz del Valle,España,283
05221 Santa Cruz del Valle,Extranjero,12
05222 Santa Cruz de Pinares,Total,170
05222 Santa Cruz de Pinares,España,146
05222 Santa Cruz de Pinares,Extranjero,24
05224 Santa María del Arroyo,Total,103
05224 Santa María del Arroyo,España,103
05224 Santa María del Arroyo,Extranjero,0
05225 Santa María del Berrocal,Total,372
05225 Santa María del Berrocal,España,337
05225 Santa María del Berrocal,Extranjero,35
05226 Santa María de los Caballeros,Total,54
05226 Santa María de los Caballeros,España,53
05226 Santa María de los Caballeros,Extranjero,1
05227 Santa María del Tiétar,Total,579
05227 Santa María del Tiétar,España,446
05227 Santa María del Tiétar,Extranjero,133
05228 Santiago del Collado,Total,164
05228 Santiago del Collado,España,162
05228 Santiago del Collado,Extranjero,2
05229 Santo Domingo de las Posadas,Total,71
05229 Santo Domingo de las Posadas,España,61
05229 Santo Domingo de las Posadas,Extranjero,10
05230 Santo Tomé de Zabarcos,Total,75
05230 Santo Tomé de Zabarcos,España,66
05230 Santo Tomé de Zabarcos,Extranjero,9
05231 San Vicente de Arévalo,Total,171
05231 San Vicente de Arévalo,España,165
05231 San Vicente de Arévalo,Extranjero,6
"05232 Serrada, La",Total,133
"05232 Serrada, La",España,123
"05232 Serrada, La",Extranjero,10
05233 Serranillos,Total,237
05233 Serranillos,España,202
05233 Serranillos,Extranjero,35
05234 Sigeres,Total,43
05234 Sigeres,España,42
05234 Sigeres,Extranjero,1
05235 Sinlabajos,Total,134
05235 Sinlabajos,España,133
05235 Sinlabajos,Extranjero,1
05236 Solana de Ávila,Total,97
05236 Solana de Ávila,España,95
05236 Solana de Ávila,Extranjero,2
05237 Solana de Rioalmar,Total,142
05237 Solana de Rioalmar,España,142
05237 Solana de Rioalmar,Extranjero,0
05238 Solosancho,Total,751
05238 Solosancho,España,710
05238 Solosancho,Extranjero,41
05239 Sotalbo,Total,239
05239 Sotalbo,España,212
05239 Sotalbo,Extranjero,27
05240 Sotillo de la Adrada,Total,5.046
05240 Sotillo de la Adrada,España,3.890
05240 Sotillo de la Adrada,Extranjero,1.156
"05241 Tiemblo, El",Total,4.608
"05241 Tiemblo, El",España,3.651
"05241 Tiemblo, El",Extranjero,957
05242 Tiñosillos,Total,733
05242 Tiñosillos,España,720
05242 Tiñosillos,Extranjero,13
05243 Tolbaños,Total,88
05243 Tolbaños,España,82
05243 Tolbaños,Extranjero,6
05244 Tormellas,Total,35
05244 Tormellas,España,35
05244 Tormellas,Extranjero,0
05245 Tornadizos de Ávila,Total,466
05245 Tornadizos de Ávila,España,434
05245 Tornadizos de Ávila,Extranjero,32
05246 Tórtoles,Total,38
05246 Tórtoles,España,33
05246 Tórtoles,Extranjero,5
"05247 Torre, La",Total,213
"05247 Torre, La",España,209
"05247 Torre, La",Extranjero,4
05249 Umbrías,Total,103
05249 Umbrías,España,98
05249 Umbrías,Extranjero,5
05251 Vadillo de la Sierra,Total,50
05251 Vadillo de la Sierra,España,48
05251 Vadillo de la Sierra,Extranjero,2
05252 Valdecasa,Total,54
05252 Valdecasa,España,53
05252 Valdecasa,Extranjero,1
05253 Vega de Santa María,Total,86
05253 Vega de Santa María,España,73
05253 Vega de Santa María,Extranjero,13
05254 Velayos,Total,204
05254 Velayos,España,191
05254 Velayos,Extranjero,13
05256 Villaflor,Total,101
05256 Villaflor,España,95
05256 Villaflor,Extranjero,6
05257 Villafranca de la Sierra,Total,130
05257 Villafranca de la Sierra,España,127
05257 Villafranca de la Sierra,Extranjero,3
05258 Villanueva de Gómez,Total,119
05258 Villanueva de Gómez,España,115
05258 Villanueva de Gómez,Extranjero,4
05259 Villanueva del Aceral,Total,86
05259 Villanueva del Aceral,España,84
05259 Villanueva del Aceral,Extranjero,2
05260 Villanueva del Campillo,Total,107
05260 Villanueva del Campillo,España,102
05260 Villanueva del Campillo,Extranjero,5
05261 Villar de Corneja,Total,31
05261 Villar de Corneja,España,29
05261 Villar de Corneja,Extranjero,2
05262 Villarejo del Valle,Total,304
05262 Villarejo del Valle,España,296
05262 Villarejo del Valle,Extranjero,8
05263 Villatoro,Total,153
05263 Villatoro,España,146
05263 Villatoro,Extranjero,7
05264 Viñegra de Moraña,Total,53
05264 Viñegra de Moraña,España,48
05264 Viñegra de Moraña,Extranjero,5
05265 Vita,Total,78
05265 Vita,España,71
05265 Vita,Extranjero,7
05266 Zapardiel de la Cañada,Total,83
05266 Zapardiel de la Cañada,España,76
05266 Zapardiel de la Cañada,Extranjero,7
05267 Zapardiel de la Ribera,Total,90
05267 Zapardiel de la Ribera,España,87
05267 Zapardiel de la Ribera,Extranjero,3
05901 San Juan de Gredos,Total,219
05901 San Juan de Gredos,España,212
05901 San Juan de Gredos,Extranjero,7
05902 Santa María del Cubillo,Total,309
05902 Santa María del Cubillo,España,294
05902 Santa María del Cubillo,Extranjero,15
05903 Diego del Carpio,Total,107
05903 Diego del Carpio,España,99
05903 Diego del Carpio,Extranjero,8
05904 Santiago del Tormes,Total,104
05904 Santiago del Tormes,España,101
05904 Santiago del Tormes,Extranjero,3
05905 Villanueva de Ávila,Total,202
05905 Villanueva de Ávila,España,194
05905 Villanueva de Ávila,Extranjero,8
06001 Acedera,Total,816
06001 Acedera,España,783
06001 Acedera,Extranjero,33
06002 Aceuchal,Total,5.312
06002 Aceuchal,España,4.980
06002 Aceuchal,Extranjero,332
06003 Ahillones,Total,792
06003 Ahillones,España,763
06003 Ahillones,Extranjero,29
06004 Alange,Total,1.803
06004 Alange,España,1.770
06004 Alange,Extranjero,33
"06005 Albuera, La",Total,2.011
"06005 Albuera, La",España,1.940
"06005 Albuera, La",Extranjero,71
06006 Alburquerque,Total,4.930
06006 Alburquerque,España,4.790
06006 Alburquerque,Extranjero,140
06007 Alconchel,Total,1.594
06007 Alconchel,España,1.567
06007 Alconchel,Extranjero,27
06008 Alconera,Total,749
06008 Alconera,España,714
06008 Alconera,Extranjero,35
06009 Aljucén,Total,252
06009 Aljucén,España,241
06009 Aljucén,Extranjero,11
06010 Almendral,Total,1.205
06010 Almendral,España,1.172
06010 Almendral,Extranjero,33
06011 Almendralejo,Total,34.544
06011 Almendralejo,España,30.786
06011 Almendralejo,Extranjero,3.758
06012 Arroyo de San Serván,Total,4.000
06012 Arroyo de San Serván,España,3.837
06012 Arroyo de San Serván,Extranjero,163
06013 Atalaya,Total,258
06013 Atalaya,España,251
06013 Atalaya,Extranjero,7
06014 Azuaga,Total,7.594
06014 Azuaga,España,7.293
06014 Azuaga,Extranjero,301
06015 Badajoz,Total,150.870
06015 Badajoz,España,140.846
06015 Badajoz,Extranjero,10.024
06016 Barcarrota,Total,3.464
06016 Barcarrota,España,3.374
06016 Barcarrota,Extranjero,90
06017 Baterno,Total,231
06017 Baterno,España,230
06017 Baterno,Extranjero,1
06018 Benquerencia de la Serena,Total,771
06018 Benquerencia de la Serena,España,744
06018 Benquerencia de la Serena,Extranjero,27
06019 Berlanga,Total,2.175
06019 Berlanga,España,2.097
06019 Berlanga,Extranjero,78
06020 Bienvenida,Total,2.000
06020 Bienvenida,España,1.955
06020 Bienvenida,Extranjero,45
06021 Bodonal de la Sierra,Total,983
06021 Bodonal de la Sierra,España,978
06021 Bodonal de la Sierra,Extranjero,5
06022 Burguillos del Cerro,Total,2.939
06022 Burguillos del Cerro,España,2.875
06022 Burguillos del Cerro,Extranjero,64
06023 Cabeza del Buey,Total,4.484
06023 Cabeza del Buey,España,4.357
06023 Cabeza del Buey,Extranjero,127
06024 Cabeza la Vaca,Total,1.257
06024 Cabeza la Vaca,España,1.243
06024 Cabeza la Vaca,Extranjero,14
06025 Calamonte,Total,6.134
06025 Calamonte,España,5.935
06025 Calamonte,Extranjero,199
06026 Calera de León,Total,914
06026 Calera de León,España,887
06026 Calera de León,Extranjero,27
06027 Calzadilla de los Barros,Total,680
06027 Calzadilla de los Barros,España,665
06027 Calzadilla de los Barros,Extranjero,15
06028 Campanario,Total,4.700
06028 Campanario,España,4.531
06028 Campanario,Extranjero,169
06029 Campillo de Llerena,Total,1.326
06029 Campillo de Llerena,España,1.282
06029 Campillo de Llerena,Extranjero,44
06030 Capilla,Total,142
06030 Capilla,España,137
06030 Capilla,Extranjero,5
06031 Carmonita,Total,514
06031 Carmonita,España,505
06031 Carmonita,Extranjero,9
"06032 Carrascalejo, El",Total,80
"06032 Carrascalejo, El",España,79
"06032 Carrascalejo, El",Extranjero,1
06033 Casas de Don Pedro,Total,1.376
06033 Casas de Don Pedro,España,1.343
06033 Casas de Don Pedro,Extranjero,33
06034 Casas de Reina,Total,200
06034 Casas de Reina,España,192
06034 Casas de Reina,Extranjero,8
06035 Castilblanco,Total,824
06035 Castilblanco,España,794
06035 Castilblanco,Extranjero,30
06036 Castuera,Total,5.453
06036 Castuera,España,5.192
06036 Castuera,Extranjero,261
"06037 Codosera, La",Total,1.978
"06037 Codosera, La",España,1.744
"06037 Codosera, La",Extranjero,234
06038 Cordobilla de Lácara,Total,816
06038 Cordobilla de Lácara,España,803
06038 Cordobilla de Lácara,Extranjero,13
"06039 Coronada, La",Total,2.136
"06039 Coronada, La",España,2.086
"06039 Coronada, La",Extranjero,50
06040 Corte de Peleas,Total,1.175
06040 Corte de Peleas,España,1.097
06040 Corte de Peleas,Extranjero,78
06041 Cristina,Total,548
06041 Cristina,España,541
06041 Cristina,Extranjero,7
06042 Cheles,Total,1.175
06042 Cheles,España,1.153
06042 Cheles,Extranjero,22
06043 Don Álvaro,Total,843
06043 Don Álvaro,España,818
06043 Don Álvaro,Extranjero,25
06044 Don Benito,Total,38.009
06044 Don Benito,España,35.097
06044 Don Benito,Extranjero,2.912
06045 Entrín Bajo,Total,570
06045 Entrín Bajo,España,522
06045 Entrín Bajo,Extranjero,48
06046 Esparragalejo,Total,1.506
06046 Esparragalejo,España,1.474
06046 Esparragalejo,Extranjero,32
06047 Esparragosa de la Serena,Total,912
06047 Esparragosa de la Serena,España,904
06047 Esparragosa de la Serena,Extranjero,8
06048 Esparragosa de Lares,Total,839
06048 Esparragosa de Lares,España,830
06048 Esparragosa de Lares,Extranjero,9
06049 Feria,Total,1.054
06049 Feria,España,980
06049 Feria,Extranjero,74
06050 Fregenal de la Sierra,Total,4.712
06050 Fregenal de la Sierra,España,4.484
06050 Fregenal de la Sierra,Extranjero,228
06051 Fuenlabrada de los Montes,Total,1.694
06051 Fuenlabrada de los Montes,España,1.600
06051 Fuenlabrada de los Montes,Extranjero,94
06052 Fuente de Cantos,Total,4.584
06052 Fuente de Cantos,España,4.423
06052 Fuente de Cantos,Extranjero,161
06053 Fuente del Arco,Total,650
06053 Fuente del Arco,España,629
06053 Fuente del Arco,Extranjero,21
06054 Fuente del Maestre,Total,6.553
06054 Fuente del Maestre,España,6.256
06054 Fuente del Maestre,Extranjero,297
06055 Fuentes de León,Total,2.119
06055 Fuentes de León,España,2.092
06055 Fuentes de León,Extranjero,27
06056 Garbayuela,Total,450
06056 Garbayuela,España,440
06056 Garbayuela,Extranjero,10
06057 Garlitos,Total,510
06057 Garlitos,España,488
06057 Garlitos,Extranjero,22
"06058 Garrovilla, La",Total,2.311
"06058 Garrovilla, La",España,2.251
"06058 Garrovilla, La",Extranjero,60
06059 Granja de Torrehermosa,Total,1.913
06059 Granja de Torrehermosa,España,1.836
06059 Granja de Torrehermosa,Extranjero,77
06060 Guareña,Total,6.661
06060 Guareña,España,6.412
06060 Guareña,Extranjero,249
"06061 Haba, La",Total,1.184
"06061 Haba, La",España,1.166
"06061 Haba, La",Extranjero,18
06062 Helechosa de los Montes,Total,556
06062 Helechosa de los Montes,España,544
06062 Helechosa de los Montes,Extranjero,12
06063 Herrera del Duque,Total,3.389
06063 Herrera del Duque,España,3.191
06063 Herrera del Duque,Extranjero,198
06064 Higuera de la Serena,Total,881
06064 Higuera de la Serena,España,863
06064 Higuera de la Serena,Extranjero,18
06065 Higuera de Llerena,Total,343
06065 Higuera de Llerena,España,337
06065 Higuera de Llerena,Extranjero,6
06066 Higuera de Vargas,Total,1.831
06066 Higuera de Vargas,España,1.788
06066 Higuera de Vargas,Extranjero,43
06067 Higuera la Real,Total,2.190
06067 Higuera la Real,España,2.101
06067 Higuera la Real,Extranjero,89
06068 Hinojosa del Valle,Total,477
06068 Hinojosa del Valle,España,471
06068 Hinojosa del Valle,Extranjero,6
06069 Hornachos,Total,3.382
06069 Hornachos,España,3.331
06069 Hornachos,Extranjero,51
06070 Jerez de los Caballeros,Total,9.104
06070 Jerez de los Caballeros,España,8.697
06070 Jerez de los Caballeros,Extranjero,407
"06071 Lapa, La",Total,298
"06071 Lapa, La",España,288
"06071 Lapa, La",Extranjero,10
06072 Lobón,Total,2.758
06072 Lobón,España,2.713
06072 Lobón,Extranjero,45
06073 Llera,Total,780
06073 Llera,España,774
06073 Llera,Extranjero,6
06074 Llerena,Total,5.663
06074 Llerena,España,5.358
06074 Llerena,Extranjero,305
06075 Magacela,Total,502
06075 Magacela,España,487
06075 Magacela,Extranjero,15
06076 Maguilla,Total,916
06076 Maguilla,España,899
06076 Maguilla,Extranjero,17
06077 Malcocinado,Total,351
06077 Malcocinado,España,316
06077 Malcocinado,Extranjero,35
06078 Malpartida de la Serena,Total,507
06078 Malpartida de la Serena,España,496
06078 Malpartida de la Serena,Extranjero,11
06079 Manchita,Total,741
06079 Manchita,España,726
06079 Manchita,Extranjero,15
06080 Medellín,Total,2.244
06080 Medellín,España,2.193
06080 Medellín,Extranjero,51
06081 Medina de las Torres,Total,1.163
06081 Medina de las Torres,España,1.127
06081 Medina de las Torres,Extranjero,36
06082 Mengabril,Total,502
06082 Mengabril,España,466
06082 Mengabril,Extranjero,36
06083 Mérida,Total,60.319
06083 Mérida,España,56.100
06083 Mérida,Extranjero,4.219
06084 Mirandilla,Total,1.235
06084 Mirandilla,España,1.209
06084 Mirandilla,Extranjero,26
06085 Monesterio,Total,4.248
06085 Monesterio,España,4.013
06085 Monesterio,Extranjero,235
06086 Montemolín,Total,1.234
06086 Montemolín,España,1.202
06086 Montemolín,Extranjero,32
06087 Monterrubio de la Serena,Total,2.153
06087 Monterrubio de la Serena,España,2.055
06087 Monterrubio de la Serena,Extranjero,98
06088 Montijo,Total,15.195
06088 Montijo,España,14.598
06088 Montijo,Extranjero,597
"06089 Morera, La",Total,701
"06089 Morera, La",España,692
"06089 Morera, La",Extranjero,9
"06090 Nava de Santiago, La",Total,914
"06090 Nava de Santiago, La",España,875
"06090 Nava de Santiago, La",Extranjero,39
06091 Navalvillar de Pela,Total,4.298
06091 Navalvillar de Pela,España,4.076
06091 Navalvillar de Pela,Extranjero,222
06092 Nogales,Total,633
06092 Nogales,España,603
06092 Nogales,Extranjero,30
06093 Oliva de la Frontera,Total,4.903
06093 Oliva de la Frontera,España,4.710
06093 Oliva de la Frontera,Extranjero,193
06094 Oliva de Mérida,Total,1.662
06094 Oliva de Mérida,España,1.654
06094 Oliva de Mérida,Extranjero,8
06095 Olivenza,Total,11.775
06095 Olivenza,España,11.173
06095 Olivenza,Extranjero,602
06096 Orellana de la Sierra,Total,254
06096 Orellana de la Sierra,España,224
06096 Orellana de la Sierra,Extranjero,30
06097 Orellana la Vieja,Total,2.582
06097 Orellana la Vieja,España,2.444
06097 Orellana la Vieja,Extranjero,138
06098 Palomas,Total,648
06098 Palomas,España,625
06098 Palomas,Extranjero,23
"06099 Parra, La",Total,1.298
"06099 Parra, La",España,1.291
"06099 Parra, La",Extranjero,7
06100 Peñalsordo,Total,807
06100 Peñalsordo,España,798
06100 Peñalsordo,Extranjero,9
06101 Peraleda del Zaucejo,Total,466
06101 Peraleda del Zaucejo,España,442
06101 Peraleda del Zaucejo,Extranjero,24
06102 Puebla de Alcocer,Total,1.090
06102 Puebla de Alcocer,España,1.059
06102 Puebla de Alcocer,Extranjero,31
06103 Puebla de la Calzada,Total,5.809
06103 Puebla de la Calzada,España,5.662
06103 Puebla de la Calzada,Extranjero,147
06104 Puebla de la Reina,Total,690
06104 Puebla de la Reina,España,654
06104 Puebla de la Reina,Extranjero,36
06105 Puebla del Maestre,Total,651
06105 Puebla del Maestre,España,618
06105 Puebla del Maestre,Extranjero,33
06106 Puebla del Prior,Total,462
06106 Puebla del Prior,España,453
06106 Puebla del Prior,Extranjero,9
06107 Puebla de Obando,Total,1.807
06107 Puebla de Obando,España,1.788
06107 Puebla de Obando,Extranjero,19
06108 Puebla de Sancho Pérez,Total,2.640
06108 Puebla de Sancho Pérez,España,2.562
06108 Puebla de Sancho Pérez,Extranjero,78
06109 Quintana de la Serena,Total,4.427
06109 Quintana de la Serena,España,4.212
06109 Quintana de la Serena,Extranjero,215
06110 Reina,Total,144
06110 Reina,España,136
06110 Reina,Extranjero,8
06111 Rena,Total,607
06111 Rena,España,584
06111 Rena,Extranjero,23
06112 Retamal de Llerena,Total,427
06112 Retamal de Llerena,España,417
06112 Retamal de Llerena,Extranjero,10
06113 Ribera del Fresno,Total,3.153
06113 Ribera del Fresno,España,2.977
06113 Ribera del Fresno,Extranjero,176
06114 Risco,Total,126
06114 Risco,España,120
06114 Risco,Extranjero,6
"06115 Roca de la Sierra, La",Total,1.454
"06115 Roca de la Sierra, La",España,1.394
"06115 Roca de la Sierra, La",Extranjero,60
06116 Salvaleón,Total,1.647
06116 Salvaleón,España,1.597
06116 Salvaleón,Extranjero,50
06117 Salvatierra de los Barros,Total,1.548
06117 Salvatierra de los Barros,España,1.521
06117 Salvatierra de los Barros,Extranjero,27
06118 Sancti-Spíritus,Total,141
06118 Sancti-Spíritus,España,140
06118 Sancti-Spíritus,Extranjero,1
06119 San Pedro de Mérida,Total,869
06119 San Pedro de Mérida,España,832
06119 San Pedro de Mérida,Extranjero,37
06120 Santa Amalia,Total,3.885
06120 Santa Amalia,España,3.743
06120 Santa Amalia,Extranjero,142
06121 Santa Marta,Total,4.199
06121 Santa Marta,España,3.835
06121 Santa Marta,Extranjero,364
"06122 Santos de Maimona, Los",Total,8.101
"06122 Santos de Maimona, Los",España,7.809
"06122 Santos de Maimona, Los",Extranjero,292
06123 San Vicente de Alcántara,Total,5.235
06123 San Vicente de Alcántara,España,5.020
06123 San Vicente de Alcántara,Extranjero,215
06124 Segura de León,Total,1.761
06124 Segura de León,España,1.730
06124 Segura de León,Extranjero,31
06125 Siruela,Total,1.765
06125 Siruela,España,1.708
06125 Siruela,Extranjero,57
06126 Solana de los Barros,Total,2.551
06126 Solana de los Barros,España,2.405
06126 Solana de los Barros,Extranjero,146
06127 Talarrubias,Total,3.250
06127 Talarrubias,España,3.086
06127 Talarrubias,Extranjero,164
06128 Talavera la Real,Total,5.483
06128 Talavera la Real,España,5.269
06128 Talavera la Real,Extranjero,214
06129 Táliga,Total,652
06129 Táliga,España,643
06129 Táliga,Extranjero,9
06130 Tamurejo,Total,190
06130 Tamurejo,España,189
06130 Tamurejo,Extranjero,1
06131 Torre de Miguel Sesmero,Total,1.233
06131 Torre de Miguel Sesmero,España,1.210
06131 Torre de Miguel Sesmero,Extranjero,23
06132 Torremayor,Total,995
06132 Torremayor,España,974
06132 Torremayor,Extranjero,21
06133 Torremejía,Total,2.247
06133 Torremejía,España,2.154
06133 Torremejía,Extranjero,93
06134 Trasierra,Total,589
06134 Trasierra,España,575
06134 Trasierra,Extranjero,14
06135 Trujillanos,Total,1.409
06135 Trujillanos,España,1.372
06135 Trujillanos,Extranjero,37
06136 Usagre,Total,1.698
06136 Usagre,España,1.653
06136 Usagre,Extranjero,45
06137 Valdecaballeros,Total,1.033
06137 Valdecaballeros,España,988
06137 Valdecaballeros,Extranjero,45
06138 Valdetorres,Total,1.105
06138 Valdetorres,España,1.082
06138 Valdetorres,Extranjero,23
06139 Valencia de las Torres,Total,488
06139 Valencia de las Torres,España,481
06139 Valencia de las Torres,Extranjero,7
06140 Valencia del Mombuey,Total,704
06140 Valencia del Mombuey,España,634
06140 Valencia del Mombuey,Extranjero,70
06141 Valencia del Ventoso,Total,1.871
06141 Valencia del Ventoso,España,1.828
06141 Valencia del Ventoso,Extranjero,43
06142 Valverde de Burguillos,Total,260
06142 Valverde de Burguillos,España,251
06142 Valverde de Burguillos,Extranjero,9
06143 Valverde de Leganés,Total,4.235
06143 Valverde de Leganés,España,4.125
06143 Valverde de Leganés,Extranjero,110
06144 Valverde de Llerena,Total,557
06144 Valverde de Llerena,España,528
06144 Valverde de Llerena,Extranjero,29
06145 Valverde de Mérida,Total,1.002
06145 Valverde de Mérida,España,991
06145 Valverde de Mérida,Extranjero,11
06146 Valle de la Serena,Total,1.073
06146 Valle de la Serena,España,1.047
06146 Valle de la Serena,Extranjero,26
06147 Valle de Matamoros,Total,335
06147 Valle de Matamoros,España,306
06147 Valle de Matamoros,Extranjero,29
06148 Valle de Santa Ana,Total,1.094
06148 Valle de Santa Ana,España,1.076
06148 Valle de Santa Ana,Extranjero,18
06149 Villafranca de los Barros,Total,12.285
06149 Villafranca de los Barros,España,11.827
06149 Villafranca de los Barros,Extranjero,458
06150 Villagarcía de la Torre,Total,911
06150 Villagarcía de la Torre,España,891
06150 Villagarcía de la Torre,Extranjero,20
06151 Villagonzalo,Total,1.226
06151 Villagonzalo,España,1.190
06151 Villagonzalo,Extranjero,36
06152 Villalba de los Barros,Total,1.445
06152 Villalba de los Barros,España,1.406
06152 Villalba de los Barros,Extranjero,39
06153 Villanueva de la Serena,Total,25.751
06153 Villanueva de la Serena,España,23.951
06153 Villanueva de la Serena,Extranjero,1.800
06154 Villanueva del Fresno,Total,3.259
06154 Villanueva del Fresno,España,3.165
06154 Villanueva del Fresno,Extranjero,94
06155 Villar del Rey,Total,2.069
06155 Villar del Rey,España,2.016
06155 Villar del Rey,Extranjero,53
06156 Villar de Rena,Total,1.325
06156 Villar de Rena,España,1.300
06156 Villar de Rena,Extranjero,25
06157 Villarta de los Montes,Total,375
06157 Villarta de los Montes,España,355
06157 Villarta de los Montes,Extranjero,20
06158 Zafra,Total,16.708
06158 Zafra,España,15.505
06158 Zafra,Extranjero,1.203
06159 Zahínos,Total,2.777
06159 Zahínos,España,2.723
06159 Zahínos,Extranjero,54
06160 Zalamea de la Serena,Total,3.366
06160 Zalamea de la Serena,España,3.173
06160 Zalamea de la Serena,Extranjero,193
06161 Zarza-Capilla,Total,295
06161 Zarza-Capilla,España,280
06161 Zarza-Capilla,Extranjero,15
"06162 Zarza, La",Total,3.346
"06162 Zarza, La",España,3.285
"06162 Zarza, La",Extranjero,61
06901 Valdelacalzada,Total,2.746
06901 Valdelacalzada,España,2.569
06901 Valdelacalzada,Extranjero,177
06902 Pueblonuevo del Guadiana,Total,1.953
06902 Pueblonuevo del Guadiana,España,1.907
06902 Pueblonuevo del Guadiana,Extranjero,46
06903 Guadiana,Total,2.444
06903 Guadiana,España,2.358
06903 Guadiana,Extranjero,86
07001 Alaró,Total,6.172
07001 Alaró,España,4.474
07001 Alaró,Extranjero,1.698
07002 Alaior,Total,10.356
07002 Alaior,España,8.230
07002 Alaior,Extranjero,2.126
07003 Alcúdia,Total,22.459
07003 Alcúdia,España,14.098
07003 Alcúdia,Extranjero,8.361
07004 Algaida,Total,6.421
07004 Algaida,España,5.222
07004 Algaida,Extranjero,1.199
07005 Andratx,Total,12.424
07005 Andratx,España,8.102
07005 Andratx,Extranjero,4.322
07006 Artà,Total,8.696
07006 Artà,España,6.502
07006 Artà,Extranjero,2.194
07007 Banyalbufar,Total,578
07007 Banyalbufar,España,435
07007 Banyalbufar,Extranjero,143
07008 Binissalem,Total,9.323
07008 Binissalem,España,7.849
07008 Binissalem,Extranjero,1.474
07009 Búger,Total,1.221
07009 Búger,España,934
07009 Búger,Extranjero,287
07010 Bunyola,Total,7.678
07010 Bunyola,España,6.421
07010 Bunyola,Extranjero,1.257
07011 Calvià,Total,54.082
07011 Calvià,España,33.038
07011 Calvià,Extranjero,21.044
07012 Campanet,Total,2.855
07012 Campanet,España,2.225
07012 Campanet,Extranjero,630
07013 Campos,Total,12.510
07013 Campos,España,9.310
07013 Campos,Extranjero,3.200
07014 Capdepera,Total,13.298
07014 Capdepera,España,8.692
07014 Capdepera,Extranjero,4.606
07015 Ciutadella de Menorca,Total,32.719
07015 Ciutadella de Menorca,España,26.478
07015 Ciutadella de Menorca,Extranjero,6.241
07016 Consell,Total,4.516
07016 Consell,España,3.926
07016 Consell,Extranjero,590
07017 Costitx,Total,1.617
07017 Costitx,España,1.268
07017 Costitx,Extranjero,349
07018 Deià,Total,753
07018 Deià,España,447
07018 Deià,Extranjero,306
07019 Escorca,Total,199
07019 Escorca,España,159
07019 Escorca,Extranjero,40
07020 Esporles,Total,5.321
07020 Esporles,España,4.424
07020 Esporles,Extranjero,897
07021 Estellencs,Total,374
07021 Estellencs,España,260
07021 Estellencs,Extranjero,114
07022 Felanitx,Total,19.215
07022 Felanitx,España,14.321
07022 Felanitx,Extranjero,4.894
07023 Ferreries,Total,5.194
07023 Ferreries,España,4.660
07023 Ferreries,Extranjero,534
07024 Formentera,Total,11.690
07024 Formentera,España,7.523
07024 Formentera,Extranjero,4.167
07025 Fornalutx,Total,739
07025 Fornalutx,España,523
07025 Fornalutx,Extranjero,216
07026 Eivissa,Total,54.628
07026 Eivissa,España,34.695
07026 Eivissa,Extranjero,19.933
07027 Inca,Total,36.076
07027 Inca,España,26.868
07027 Inca,Extranjero,9.208
07028 Lloret de Vistalegre,Total,1.697
07028 Lloret de Vistalegre,España,1.290
07028 Lloret de Vistalegre,Extranjero,407
07029 Lloseta,Total,6.559
07029 Lloseta,España,5.499
07029 Lloseta,Extranjero,1.060
07030 Llubí,Total,2.600
07030 Llubí,España,2.059
07030 Llubí,Extranjero,541
07031 Llucmajor,Total,40.450
07031 Llucmajor,España,30.061
07031 Llucmajor,Extranjero,10.389
07032 Maó,Total,30.986
07032 Maó,España,23.049
07032 Maó,Extranjero,7.937
07033 Manacor,Total,49.275
07033 Manacor,España,35.110
07033 Manacor,Extranjero,14.165
07034 Mancor de la Vall,Total,1.691
07034 Mancor de la Vall,España,1.478
07034 Mancor de la Vall,Extranjero,213
07035 Maria de la Salut,Total,2.457
07035 Maria de la Salut,España,1.963
07035 Maria de la Salut,Extranjero,494
07036 Marratxí,Total,40.434
07036 Marratxí,España,35.884
07036 Marratxí,Extranjero,4.550
"07037 Mercadal, Es",Total,6.457
"07037 Mercadal, Es",España,4.787
"07037 Mercadal, Es",Extranjero,1.670
07038 Montuïri,Total,3.274
07038 Montuïri,España,2.519
07038 Montuïri,Extranjero,755
07039 Muro,Total,8.392
07039 Muro,España,6.294
07039 Muro,Extranjero,2.098
07040 Palma,Total,443.196
07040 Palma,España,308.721
07040 Palma,Extranjero,134.475
07041 Petra,Total,3.265
07041 Petra,España,2.578
07041 Petra,Extranjero,687
07042 Pollença,Total,17.801
07042 Pollença,España,12.441
07042 Pollença,Extranjero,5.360
07043 Porreres,Total,5.871
07043 Porreres,España,4.409
07043 Porreres,Extranjero,1.462
"07044 Pobla, Sa",Total,15.106
"07044 Pobla, Sa",España,11.003
"07044 Pobla, Sa",Extranjero,4.103
07045 Puigpunyent,Total,2.087
07045 Puigpunyent,España,1.643
07045 Puigpunyent,Extranjero,444
07046 Sant Antoni de Portmany,Total,29.455
07046 Sant Antoni de Portmany,España,19.331
07046 Sant Antoni de Portmany,Extranjero,10.124
07047 Sencelles,Total,4.077
07047 Sencelles,España,3.178
07047 Sencelles,Extranjero,899
07048 Sant Josep de sa Talaia,Total,30.702
07048 Sant Josep de sa Talaia,España,21.587
07048 Sant Josep de sa Talaia,Extranjero,9.115
07049 Sant Joan,Total,2.360
07049 Sant Joan,España,1.842
07049 Sant Joan,Extranjero,518
07050 Sant Joan de Labritja,Total,6.984
07050 Sant Joan de Labritja,España,4.255
07050 Sant Joan de Labritja,Extranjero,2.729
07051 Sant Llorenç des Cardassar,Total,9.479
07051 Sant Llorenç des Cardassar,España,6.651
07051 Sant Llorenç des Cardassar,Extranjero,2.828
07052 Sant Lluís,Total,7.447
07052 Sant Lluís,España,6.003
07052 Sant Lluís,Extranjero,1.444
07053 Santa Eugènia,Total,1.933
07053 Santa Eugènia,España,1.558
07053 Santa Eugènia,Extranjero,375
07054 Santa Eulària des Riu,Total,42.496
07054 Santa Eulària des Riu,España,27.380
07054 Santa Eulària des Riu,Extranjero,15.116
07055 Santa Margalida,Total,14.137
07055 Santa Margalida,España,9.404
07055 Santa Margalida,Extranjero,4.733
07056 Santa María del Camí,Total,7.768
07056 Santa María del Camí,España,6.677
07056 Santa María del Camí,Extranjero,1.091
07057 Santanyí,Total,12.928
07057 Santanyí,España,8.774
07057 Santanyí,Extranjero,4.154
07058 Selva,Total,4.313
07058 Selva,España,3.573
07058 Selva,Extranjero,740
"07059 Salines, Ses",Total,5.201
"07059 Salines, Ses",España,3.624
"07059 Salines, Ses",Extranjero,1.577
07060 Sineu,Total,4.552
07060 Sineu,España,3.542
07060 Sineu,Extranjero,1.010
07061 Sóller,Total,13.996
07061 Sóller,España,10.018
07061 Sóller,Extranjero,3.978
07062 Son Servera,Total,12.583
07062 Son Servera,España,9.075
07062 Son Servera,Extranjero,3.508
07063 Valldemossa,Total,2.054
07063 Valldemossa,España,1.499
07063 Valldemossa,Extranjero,555
"07064 Castell, Es",Total,7.895
"07064 Castell, Es",España,6.306
"07064 Castell, Es",Extranjero,1.589
07065 Vilafranca de Bonany,Total,3.934
07065 Vilafranca de Bonany,España,3.109
07065 Vilafranca de Bonany,Extranjero,825
07901 Ariany,Total,1.071
07901 Ariany,España,740
07901 Ariany,Extranjero,331
"07902 Migjorn Gran, Es",Total,1.767
"07902 Migjorn Gran, Es",España,1.426
"07902 Migjorn Gran, Es",Extranjero,341
08001 Abrera,Total,13.207
08001 Abrera,España,11.432
08001 Abrera,Extranjero,1.775
08002 Aguilar de Segarra,Total,293
08002 Aguilar de Segarra,España,280
08002 Aguilar de Segarra,Extranjero,13
08003 Alella,Total,10.251
08003 Alella,España,8.448
08003 Alella,Extranjero,1.803
08004 Alpens,Total,267
08004 Alpens,España,239
08004 Alpens,Extranjero,28
"08005 Ametlla del Vallès, L'",Total,9.473
"08005 Ametlla del Vallès, L'",España,8.341
"08005 Ametlla del Vallès, L'",Extranjero,1.132
08006 Arenys de Mar,Total,16.982
08006 Arenys de Mar,España,13.581
08006 Arenys de Mar,Extranjero,3.401
08007 Arenys de Munt,Total,9.527
08007 Arenys de Munt,España,8.423
08007 Arenys de Munt,Extranjero,1.104
08008 Argençola,Total,245
08008 Argençola,España,229
08008 Argençola,Extranjero,16
08009 Argentona,Total,12.891
08009 Argentona,España,11.672
08009 Argentona,Extranjero,1.219
08010 Artés,Total,6.211
08010 Artés,España,5.269
08010 Artés,Extranjero,942
08011 Avià,Total,2.263
08011 Avià,España,2.102
08011 Avià,Extranjero,161
08012 Avinyó,Total,2.325
08012 Avinyó,España,1.992
08012 Avinyó,Extranjero,333
08013 Avinyonet del Penedès,Total,1.787
08013 Avinyonet del Penedès,España,1.546
08013 Avinyonet del Penedès,Extranjero,241
08014 Aiguafreda,Total,2.569
08014 Aiguafreda,España,2.283
08014 Aiguafreda,Extranjero,286
08015 Badalona,Total,230.642
08015 Badalona,España,175.143
08015 Badalona,Extranjero,55.499
08016 Bagà,Total,2.167
08016 Bagà,España,2.007
08016 Bagà,Extranjero,160
08017 Balenyà,Total,4.007
08017 Balenyà,España,3.335
08017 Balenyà,Extranjero,672
08018 Balsareny,Total,3.354
08018 Balsareny,España,3.011
08018 Balsareny,Extranjero,343
08019 Barcelona,Total,1.713.247
08019 Barcelona,España,1.120.139
08019 Barcelona,Extranjero,593.108
08020 Begues,Total,7.545
08020 Begues,España,6.660
08020 Begues,Extranjero,885
08021 Bellprat,Total,69
08021 Bellprat,España,64
08021 Bellprat,Extranjero,5
08022 Berga,Total,17.539
08022 Berga,España,13.447
08022 Berga,Extranjero,4.092
08023 Bigues i Riells del Fai,Total,10.124
08023 Bigues i Riells del Fai,España,9.229
08023 Bigues i Riells del Fai,Extranjero,895
08024 Borredà,Total,434
08024 Borredà,España,377
08024 Borredà,Extranjero,57
"08025 Bruc, El",Total,2.294
"08025 Bruc, El",España,2.093
"08025 Bruc, El",Extranjero,201
"08026 Brull, El",Total,297
"08026 Brull, El",España,270
"08026 Brull, El",Extranjero,27
"08027 Cabanyes, Les",Total,1.064
"08027 Cabanyes, Les",España,1.002
"08027 Cabanyes, Les",Extranjero,62
08028 Cabrera d'Anoia,Total,1.777
08028 Cabrera d'Anoia,España,1.523
08028 Cabrera d'Anoia,Extranjero,254
08029 Cabrera de Mar,Total,5.053
08029 Cabrera de Mar,España,4.427
08029 Cabrera de Mar,Extranjero,626
08030 Cabrils,Total,7.755
08030 Cabrils,España,6.349
08030 Cabrils,Extranjero,1.406
08031 Calaf,Total,3.627
08031 Calaf,España,2.688
08031 Calaf,Extranjero,939
08032 Caldes d'Estrac,Total,3.348
08032 Caldes d'Estrac,España,2.496
08032 Caldes d'Estrac,Extranjero,852
08033 Caldes de Montbui,Total,18.554
08033 Caldes de Montbui,España,15.590
08033 Caldes de Montbui,Extranjero,2.964
08034 Calders,Total,1.121
08034 Calders,España,1.041
08034 Calders,Extranjero,80
08035 Calella,Total,20.775
08035 Calella,España,14.419
08035 Calella,Extranjero,6.356
08036 Calonge de Segarra,Total,179
08036 Calonge de Segarra,España,177
08036 Calonge de Segarra,Extranjero,2
08037 Calldetenes,Total,2.724
08037 Calldetenes,España,2.403
08037 Calldetenes,Extranjero,321
08038 Callús,Total,2.193
08038 Callús,España,1.875
08038 Callús,Extranjero,318
08039 Campins,Total,588
08039 Campins,España,521
08039 Campins,Extranjero,67
08040 Canet de Mar,Total,15.191
08040 Canet de Mar,España,12.706
08040 Canet de Mar,Extranjero,2.485
08041 Canovelles,Total,17.445
08041 Canovelles,España,12.038
08041 Canovelles,Extranjero,5.407
08042 Cànoves i Samalús,Total,3.393
08042 Cànoves i Samalús,España,3.087
08042 Cànoves i Samalús,Extranjero,306
08043 Canyelles,Total,5.494
08043 Canyelles,España,4.685
08043 Canyelles,Extranjero,809
08044 Capellades,Total,5.598
08044 Capellades,España,4.825
08044 Capellades,Extranjero,773
08045 Capolat,Total,93
08045 Capolat,España,90
08045 Capolat,Extranjero,3
08046 Cardedeu,Total,19.050
08046 Cardedeu,España,16.700
08046 Cardedeu,Extranjero,2.350
08047 Cardona,Total,4.540
08047 Cardona,España,4.069
08047 Cardona,Extranjero,471
08048 Carme,Total,860
08048 Carme,España,709
08048 Carme,Extranjero,151
08049 Casserres,Total,1.665
08049 Casserres,España,1.525
08049 Casserres,Extranjero,140
08050 Castellar del Riu,Total,151
08050 Castellar del Riu,España,146
08050 Castellar del Riu,Extranjero,5
08051 Castellar del Vallès,Total,25.395
08051 Castellar del Vallès,España,23.200
08051 Castellar del Vallès,Extranjero,2.195
08052 Castellar de n'Hug,Total,166
08052 Castellar de n'Hug,España,153
08052 Castellar de n'Hug,Extranjero,13
08053 Castellbell i el Vilar,Total,4.163
08053 Castellbell i el Vilar,España,3.674
08053 Castellbell i el Vilar,Extranjero,489
08054 Castellbisbal,Total,13.058
08054 Castellbisbal,España,11.484
08054 Castellbisbal,Extranjero,1.574
08055 Castellcir,Total,802
08055 Castellcir,España,728
08055 Castellcir,Extranjero,74
08056 Castelldefels,Total,69.689
08056 Castelldefels,España,47.666
08056 Castelldefels,Extranjero,22.023
08057 Castell de l'Areny,Total,68
08057 Castell de l'Areny,España,66
08057 Castell de l'Areny,Extranjero,2
08058 Castellet i la Gornal,Total,2.773
08058 Castellet i la Gornal,España,2.343
08058 Castellet i la Gornal,Extranjero,430
08059 Castellfollit del Boix,Total,469
08059 Castellfollit del Boix,España,441
08059 Castellfollit del Boix,Extranjero,28
08060 Castellfollit de Riubregós,Total,153
08060 Castellfollit de Riubregós,España,149
08060 Castellfollit de Riubregós,Extranjero,4
08061 Castellgalí,Total,2.411
08061 Castellgalí,España,2.192
08061 Castellgalí,Extranjero,219
08062 Castellnou de Bages,Total,1.471
08062 Castellnou de Bages,España,1.406
08062 Castellnou de Bages,Extranjero,65
08063 Castellolí,Total,670
08063 Castellolí,España,624
08063 Castellolí,Extranjero,46
08064 Castellterçol,Total,2.742
08064 Castellterçol,España,2.318
08064 Castellterçol,Extranjero,424
08065 Castellví de la Marca,Total,1.718
08065 Castellví de la Marca,España,1.512
08065 Castellví de la Marca,Extranjero,206
08066 Castellví de Rosanes,Total,2.166
08066 Castellví de Rosanes,España,1.916
08066 Castellví de Rosanes,Extranjero,250
08067 Centelles,Total,7.860
08067 Centelles,España,7.011
08067 Centelles,Extranjero,849
08068 Cervelló,Total,9.726
08068 Cervelló,España,8.484
08068 Cervelló,Extranjero,1.242
08069 Collbató,Total,4.820
08069 Collbató,España,4.463
08069 Collbató,Extranjero,357
08070 Collsuspina,Total,390
08070 Collsuspina,España,365
08070 Collsuspina,Extranjero,25
08071 Copons,Total,352
08071 Copons,España,335
08071 Copons,Extranjero,17
08072 Corbera de Llobregat,Total,16.044
08072 Corbera de Llobregat,España,13.285
08072 Corbera de Llobregat,Extranjero,2.759
08073 Cornellà de Llobregat,Total,92.255
08073 Cornellà de Llobregat,España,67.258
08073 Cornellà de Llobregat,Extranjero,24.997
08074 Cubelles,Total,17.648
08074 Cubelles,España,14.288
08074 Cubelles,Extranjero,3.360
08075 Dosrius,Total,6.307
08075 Dosrius,España,5.647
08075 Dosrius,Extranjero,660
08076 Esparreguera,Total,22.639
08076 Esparreguera,España,19.626
08076 Esparreguera,Extranjero,3.013
08077 Esplugues de Llobregat,Total,48.424
08077 Esplugues de Llobregat,España,35.947
08077 Esplugues de Llobregat,Extranjero,12.477
"08078 Espunyola, L'",Total,260
"08078 Espunyola, L'",España,251
"08078 Espunyola, L'",Extranjero,9
"08079 Estany, L'",Total,391
"08079 Estany, L'",España,372
"08079 Estany, L'",Extranjero,19
08080 Fígols,Total,41
08080 Fígols,España,35
08080 Fígols,Extranjero,6
08081 Fogars de Montclús,Total,493
08081 Fogars de Montclús,España,457
08081 Fogars de Montclús,Extranjero,36
08082 Fogars de la Selva,Total,1.705
08082 Fogars de la Selva,España,1.560
08082 Fogars de la Selva,Extranjero,145
08083 Folgueroles,Total,2.262
08083 Folgueroles,España,2.163
08083 Folgueroles,Extranjero,99
08084 Fonollosa,Total,1.571
08084 Fonollosa,España,1.480
08084 Fonollosa,Extranjero,91
08085 Font-rubí,Total,1.436
08085 Font-rubí,España,1.176
08085 Font-rubí,Extranjero,260
"08086 Franqueses del Vallès, Les",Total,20.855
"08086 Franqueses del Vallès, Les",España,16.949
"08086 Franqueses del Vallès, Les",Extranjero,3.906
08087 Gallifa,Total,171
08087 Gallifa,España,147
08087 Gallifa,Extranjero,24
"08088 Garriga, La",Total,17.386
"08088 Garriga, La",España,14.789
"08088 Garriga, La",Extranjero,2.597
08089 Gavà,Total,48.181
08089 Gavà,España,38.861
08089 Gavà,Extranjero,9.320
08090 Gaià,Total,174
08090 Gaià,España,164
08090 Gaià,Extranjero,10
08091 Gelida,Total,8.192
08091 Gelida,España,6.800
08091 Gelida,Extranjero,1.392
08092 Gironella,Total,5.082
08092 Gironella,España,4.347
08092 Gironella,Extranjero,735
08093 Gisclareny,Total,28
08093 Gisclareny,España,28
08093 Gisclareny,Extranjero,0
"08094 Granada, La",Total,2.281
"08094 Granada, La",España,2.010
"08094 Granada, La",Extranjero,271
08095 Granera,Total,83
08095 Granera,España,73
08095 Granera,Extranjero,10
08096 Granollers,Total,65.123
08096 Granollers,España,47.976
08096 Granollers,Extranjero,17.147
08097 Gualba,Total,1.753
08097 Gualba,España,1.551
08097 Gualba,Extranjero,202
08098 Sant Salvador de Guardiola,Total,3.596
08098 Sant Salvador de Guardiola,España,3.237
08098 Sant Salvador de Guardiola,Extranjero,359
08099 Guardiola de Berguedà,Total,962
08099 Guardiola de Berguedà,España,826
08099 Guardiola de Berguedà,Extranjero,136
08100 Gurb,Total,2.738
08100 Gurb,España,2.570
08100 Gurb,Extranjero,168
"08101 Hospitalet de Llobregat, L'",Total,292.161
"08101 Hospitalet de Llobregat, L'",España,173.682
"08101 Hospitalet de Llobregat, L'",Extranjero,118.479
08102 Igualada,Total,42.449
08102 Igualada,España,33.687
08102 Igualada,Extranjero,8.762
08103 Jorba,Total,849
08103 Jorba,España,794
08103 Jorba,Extranjero,55
"08104 Llacuna, La",Total,961
"08104 Llacuna, La",España,807
"08104 Llacuna, La",Extranjero,154
"08105 Llagosta, La",Total,13.254
"08105 Llagosta, La",España,10.359
"08105 Llagosta, La",Extranjero,2.895
08106 Llinars del Vallès,Total,10.931
08106 Llinars del Vallès,España,9.368
08106 Llinars del Vallès,Extranjero,1.563
08107 Lliçà d'Amunt,Total,16.519
08107 Lliçà d'Amunt,España,15.347
08107 Lliçà d'Amunt,Extranjero,1.172
08108 Lliçà de Vall,Total,6.891
08108 Lliçà de Vall,España,6.338
08108 Lliçà de Vall,Extranjero,553
08109 Lluçà,Total,280
08109 Lluçà,España,264
08109 Lluçà,Extranjero,16
08110 Malgrat de Mar,Total,19.630
08110 Malgrat de Mar,España,15.810
08110 Malgrat de Mar,Extranjero,3.820
08111 Malla,Total,286
08111 Malla,España,267
08111 Malla,Extranjero,19
08112 Manlleu,Total,21.321
08112 Manlleu,España,15.047
08112 Manlleu,Extranjero,6.274
08113 Manresa,Total,80.692
08113 Manresa,España,57.817
08113 Manresa,Extranjero,22.875
08114 Martorell,Total,28.989
08114 Martorell,España,21.781
08114 Martorell,Extranjero,7.208
08115 Martorelles,Total,4.987
08115 Martorelles,España,4.359
08115 Martorelles,Extranjero,628
"08116 Masies de Roda, Les",Total,758
"08116 Masies de Roda, Les",España,683
"08116 Masies de Roda, Les",Extranjero,75
"08117 Masies de Voltregà, Les",Total,3.345
"08117 Masies de Voltregà, Les",España,3.053
"08117 Masies de Voltregà, Les",Extranjero,292
"08118 Masnou, El",Total,24.727
"08118 Masnou, El",España,20.342
"08118 Masnou, El",Extranjero,4.385
08119 Masquefa,Total,10.111
08119 Masquefa,España,8.958
08119 Masquefa,Extranjero,1.153
08120 Matadepera,Total,9.808
08120 Matadepera,España,9.059
08120 Matadepera,Extranjero,749
08121 Mataró,Total,131.370
08121 Mataró,España,102.300
08121 Mataró,Extranjero,29.070
08122 Mediona,Total,2.664
08122 Mediona,España,2.299
08122 Mediona,Extranjero,365
08123 Molins de Rei,Total,27.291
08123 Molins de Rei,España,23.738
08123 Molins de Rei,Extranjero,3.553
08124 Mollet del Vallès,Total,52.759
08124 Mollet del Vallès,España,41.352
08124 Mollet del Vallès,Extranjero,11.407
08125 Montcada i Reixac,Total,37.446
08125 Montcada i Reixac,España,29.663
08125 Montcada i Reixac,Extranjero,7.783
08126 Montgat,Total,12.835
08126 Montgat,España,10.691
08126 Montgat,Extranjero,2.144
08127 Monistrol de Montserrat,Total,3.233
08127 Monistrol de Montserrat,España,2.590
08127 Monistrol de Montserrat,Extranjero,643
08128 Monistrol de Calders,Total,764
08128 Monistrol de Calders,España,710
08128 Monistrol de Calders,Extranjero,54
08129 Muntanyola,Total,700
08129 Muntanyola,España,652
08129 Muntanyola,Extranjero,48
08130 Montclar,Total,133
08130 Montclar,España,130
08130 Montclar,Extranjero,3
08131 Montesquiu,Total,1.133
08131 Montesquiu,España,951
08131 Montesquiu,Extranjero,182
08132 Montmajor,Total,471
08132 Montmajor,España,426
08132 Montmajor,Extranjero,45
08133 Montmaneu,Total,182
08133 Montmaneu,España,152
08133 Montmaneu,Extranjero,30
08134 Figaró-Montmany,Total,1.187
08134 Figaró-Montmany,España,969
08134 Figaró-Montmany,Extranjero,218
08135 Montmeló,Total,8.868
08135 Montmeló,España,7.646
08135 Montmeló,Extranjero,1.222
08136 Montornès del Vallès,Total,17.062
08136 Montornès del Vallès,España,14.085
08136 Montornès del Vallès,Extranjero,2.977
08137 Montseny,Total,387
08137 Montseny,España,344
08137 Montseny,Extranjero,43
08138 Moià,Total,6.807
08138 Moià,España,5.502
08138 Moià,Extranjero,1.305
08139 Mura,Total,234
08139 Mura,España,224
08139 Mura,Extranjero,10
08140 Navarcles,Total,6.277
08140 Navarcles,España,5.582
08140 Navarcles,Extranjero,695
08141 Navàs,Total,6.242
08141 Navàs,España,5.357
08141 Navàs,Extranjero,885
"08142 Nou de Berguedà, La",Total,163
"08142 Nou de Berguedà, La",España,145
"08142 Nou de Berguedà, La",Extranjero,18
08143 Òdena,Total,3.756
08143 Òdena,España,3.403
08143 Òdena,Extranjero,353
08144 Olvan,Total,926
08144 Olvan,España,833
08144 Olvan,Extranjero,93
08145 Olèrdola,Total,3.953
08145 Olèrdola,España,3.485
08145 Olèrdola,Extranjero,468
08146 Olesa de Bonesvalls,Total,2.134
08146 Olesa de Bonesvalls,España,1.902
08146 Olesa de Bonesvalls,Extranjero,232
08147 Olesa de Montserrat,Total,25.000
08147 Olesa de Montserrat,España,21.254
08147 Olesa de Montserrat,Extranjero,3.746
08148 Olivella,Total,4.473
08148 Olivella,España,3.196
08148 Olivella,Extranjero,1.277
08149 Olost,Total,1.204
08149 Olost,España,1.107
08149 Olost,Extranjero,97
08150 Orís,Total,352
08150 Orís,España,331
08150 Orís,Extranjero,21
08151 Oristà,Total,556
08151 Oristà,España,515
08151 Oristà,Extranjero,41
08152 Orpí,Total,176
08152 Orpí,España,167
08152 Orpí,Extranjero,9
08153 Òrrius,Total,814
08153 Òrrius,España,763
08153 Òrrius,Extranjero,51
08154 Pacs del Penedès,Total,934
08154 Pacs del Penedès,España,836
08154 Pacs del Penedès,Extranjero,98
08155 Palafolls,Total,10.026
08155 Palafolls,España,8.939
08155 Palafolls,Extranjero,1.087
08156 Palau-solità i Plegamans,Total,15.584
08156 Palau-solità i Plegamans,España,13.819
08156 Palau-solità i Plegamans,Extranjero,1.765
08157 Pallejà,Total,11.976
08157 Pallejà,España,10.662
08157 Pallejà,Extranjero,1.314
"08158 Papiol, El",Total,4.404
"08158 Papiol, El",España,3.783
"08158 Papiol, El",Extranjero,621
08159 Parets del Vallès,Total,18.899
08159 Parets del Vallès,España,16.726
08159 Parets del Vallès,Extranjero,2.173
08160 Perafita,Total,433
08160 Perafita,España,382
08160 Perafita,Extranjero,51
08161 Piera,Total,17.884
08161 Piera,España,15.260
08161 Piera,Extranjero,2.624
"08162 Hostalets de Pierola, Els",Total,3.254
"08162 Hostalets de Pierola, Els",España,2.851
"08162 Hostalets de Pierola, Els",Extranjero,403
08163 Pineda de Mar,Total,30.071
08163 Pineda de Mar,España,22.836
08163 Pineda de Mar,Extranjero,7.235
"08164 Pla del Penedès, El",Total,1.392
"08164 Pla del Penedès, El",España,1.187
"08164 Pla del Penedès, El",Extranjero,205
"08165 Pobla de Claramunt, La",Total,2.350
"08165 Pobla de Claramunt, La",España,2.121
"08165 Pobla de Claramunt, La",Extranjero,229
"08166 Pobla de Lillet, La",Total,1.106
"08166 Pobla de Lillet, La",España,972
"08166 Pobla de Lillet, La",Extranjero,134
08167 Polinyà,Total,8.572
08167 Polinyà,España,7.668
08167 Polinyà,Extranjero,904
08168 Pontons,Total,515
08168 Pontons,España,416
08168 Pontons,Extranjero,99
"08169 Prat de Llobregat, El",Total,66.251
"08169 Prat de Llobregat, El",España,55.197
"08169 Prat de Llobregat, El",Extranjero,11.054
"08170 Prats de Rei, Els",Total,553
"08170 Prats de Rei, Els",España,518
"08170 Prats de Rei, Els",Extranjero,35
08171 Prats de Lluçanès,Total,2.759
08171 Prats de Lluçanès,España,2.351
08171 Prats de Lluçanès,Extranjero,408
08172 Premià de Mar,Total,29.348
08172 Premià de Mar,España,22.895
08172 Premià de Mar,Extranjero,6.453
08174 Puigdàlber,Total,621
08174 Puigdàlber,España,546
08174 Puigdàlber,Extranjero,75
08175 Puig-reig,Total,4.558
08175 Puig-reig,España,3.811
08175 Puig-reig,Extranjero,747
08176 Pujalt,Total,205
08176 Pujalt,España,182
08176 Pujalt,Extranjero,23
"08177 Quar, La",Total,44
"08177 Quar, La",España,38
"08177 Quar, La",Extranjero,6
08178 Rajadell,Total,598
08178 Rajadell,España,560
08178 Rajadell,Extranjero,38
08179 Rellinars,Total,928
08179 Rellinars,España,860
08179 Rellinars,Extranjero,68
08180 Ripollet,Total,39.773
08180 Ripollet,España,31.952
08180 Ripollet,Extranjero,7.821
"08181 Roca del Vallès, La",Total,11.021
"08181 Roca del Vallès, La",España,10.058
"08181 Roca del Vallès, La",Extranjero,963
"08182 Pont de Vilomara i Rocafort, El",Total,4.201
"08182 Pont de Vilomara i Rocafort, El",España,3.785
"08182 Pont de Vilomara i Rocafort, El",Extranjero,416
08183 Roda de Ter,Total,6.948
08183 Roda de Ter,España,5.539
08183 Roda de Ter,Extranjero,1.409
08184 Rubí,Total,82.825
08184 Rubí,España,63.352
08184 Rubí,Extranjero,19.473
08185 Rubió,Total,228
08185 Rubió,España,212
08185 Rubió,Extranjero,16
08187 Sabadell,Total,224.589
08187 Sabadell,España,177.721
08187 Sabadell,Extranjero,46.868
08188 Sagàs,Total,153
08188 Sagàs,España,148
08188 Sagàs,Extranjero,5
08189 Sant Pere Sallavinera,Total,177
08189 Sant Pere Sallavinera,España,160
08189 Sant Pere Sallavinera,Extranjero,17
08190 Saldes,Total,301
08190 Saldes,España,278
08190 Saldes,Extranjero,23
08191 Sallent,Total,7.043
08191 Sallent,España,6.111
08191 Sallent,Extranjero,932
08192 Santpedor,Total,7.739
08192 Santpedor,España,7.148
08192 Santpedor,Extranjero,591
08193 Sant Iscle de Vallalta,Total,1.482
08193 Sant Iscle de Vallalta,España,1.291
08193 Sant Iscle de Vallalta,Extranjero,191
08194 Sant Adrià de Besòs,Total,38.980
08194 Sant Adrià de Besòs,España,29.001
08194 Sant Adrià de Besòs,Extranjero,9.979
08195 Sant Agustí de Lluçanès,Total,106
08195 Sant Agustí de Lluçanès,España,101
08195 Sant Agustí de Lluçanès,Extranjero,5
08196 Sant Andreu de la Barca,Total,27.069
08196 Sant Andreu de la Barca,España,22.569
08196 Sant Andreu de la Barca,Extranjero,4.500
08197 Sant Andreu de Llavaneres,Total,11.910
08197 Sant Andreu de Llavaneres,España,9.661
08197 Sant Andreu de Llavaneres,Extranjero,2.249
08198 Sant Antoni de Vilamajor,Total,6.722
08198 Sant Antoni de Vilamajor,España,6.016
08198 Sant Antoni de Vilamajor,Extranjero,706
08199 Sant Bartomeu del Grau,Total,931
08199 Sant Bartomeu del Grau,España,757
08199 Sant Bartomeu del Grau,Extranjero,174
08200 Sant Boi de Llobregat,Total,85.317
08200 Sant Boi de Llobregat,España,70.293
08200 Sant Boi de Llobregat,Extranjero,15.024
08201 Sant Boi de Lluçanès,Total,600
08201 Sant Boi de Lluçanès,España,515
08201 Sant Boi de Lluçanès,Extranjero,85
08202 Sant Celoni,Total,18.916
08202 Sant Celoni,España,15.376
08202 Sant Celoni,Extranjero,3.540
08203 Sant Cebrià de Vallalta,Total,3.855
08203 Sant Cebrià de Vallalta,España,3.208
08203 Sant Cebrià de Vallalta,Extranjero,647
08204 Sant Climent de Llobregat,Total,4.187
08204 Sant Climent de Llobregat,España,3.891
08204 Sant Climent de Llobregat,Extranjero,296
08205 Sant Cugat del Vallès,Total,97.959
08205 Sant Cugat del Vallès,España,76.412
08205 Sant Cugat del Vallès,Extranjero,21.547
08206 Sant Cugat Sesgarrigues,Total,1.037
08206 Sant Cugat Sesgarrigues,España,930
08206 Sant Cugat Sesgarrigues,Extranjero,107
08207 Sant Esteve de Palautordera,Total,3.099
08207 Sant Esteve de Palautordera,España,2.728
08207 Sant Esteve de Palautordera,Extranjero,371
08208 Sant Esteve Sesrovires,Total,8.112
08208 Sant Esteve Sesrovires,España,7.065
08208 Sant Esteve Sesrovires,Extranjero,1.047
08209 Sant Fost de Campsentelles,Total,9.400
08209 Sant Fost de Campsentelles,España,8.530
08209 Sant Fost de Campsentelles,Extranjero,870
08210 Sant Feliu de Codines,Total,6.821
08210 Sant Feliu de Codines,España,5.599
08210 Sant Feliu de Codines,Extranjero,1.222
08211 Sant Feliu de Llobregat,Total,46.688
08211 Sant Feliu de Llobregat,España,39.052
08211 Sant Feliu de Llobregat,Extranjero,7.636
08212 Sant Feliu Sasserra,Total,634
08212 Sant Feliu Sasserra,España,572
08212 Sant Feliu Sasserra,Extranjero,62
08213 Sant Fruitós de Bages,Total,9.324
08213 Sant Fruitós de Bages,España,8.354
08213 Sant Fruitós de Bages,Extranjero,970
08214 Vilassar de Dalt,Total,9.433
08214 Vilassar de Dalt,España,8.276
08214 Vilassar de Dalt,Extranjero,1.157
08215 Sant Hipòlit de Voltregà,Total,3.649
08215 Sant Hipòlit de Voltregà,España,3.079
08215 Sant Hipòlit de Voltregà,Extranjero,570
08216 Sant Jaume de Frontanyà,Total,25
08216 Sant Jaume de Frontanyà,España,23
08216 Sant Jaume de Frontanyà,Extranjero,2
08217 Sant Joan Despí,Total,35.811
08217 Sant Joan Despí,España,29.340
08217 Sant Joan Despí,Extranjero,6.471
08218 Sant Joan de Vilatorrada,Total,11.109
08218 Sant Joan de Vilatorrada,España,9.719
08218 Sant Joan de Vilatorrada,Extranjero,1.390
08219 Vilassar de Mar,Total,21.234
08219 Vilassar de Mar,España,18.351
08219 Vilassar de Mar,Extranjero,2.883
08220 Sant Julià de Vilatorta,Total,3.336
08220 Sant Julià de Vilatorta,España,3.075
08220 Sant Julià de Vilatorta,Extranjero,261
08221 Sant Just Desvern,Total,21.045
08221 Sant Just Desvern,España,16.941
08221 Sant Just Desvern,Extranjero,4.104
08222 Sant Llorenç d'Hortons,Total,2.621
08222 Sant Llorenç d'Hortons,España,2.358
08222 Sant Llorenç d'Hortons,Extranjero,263
08223 Sant Llorenç Savall,Total,2.591
08223 Sant Llorenç Savall,España,2.315
08223 Sant Llorenç Savall,Extranjero,276
08224 Sant Martí de Centelles,Total,1.261
08224 Sant Martí de Centelles,España,1.036
08224 Sant Martí de Centelles,Extranjero,225
08225 Sant Martí d'Albars,Total,135
08225 Sant Martí d'Albars,España,134
08225 Sant Martí d'Albars,Extranjero,1
08226 Sant Martí de Tous,Total,1.269
08226 Sant Martí de Tous,España,1.206
08226 Sant Martí de Tous,Extranjero,63
08227 Sant Martí Sarroca,Total,3.476
08227 Sant Martí Sarroca,España,2.999
08227 Sant Martí Sarroca,Extranjero,477
08228 Sant Martí Sesgueioles,Total,353
08228 Sant Martí Sesgueioles,España,336
08228 Sant Martí Sesgueioles,Extranjero,17
08229 Sant Mateu de Bages,Total,640
08229 Sant Mateu de Bages,España,595
08229 Sant Mateu de Bages,Extranjero,45
08230 Premià de Dalt,Total,10.601
08230 Premià de Dalt,España,9.027
08230 Premià de Dalt,Extranjero,1.574
08231 Sant Pere de Ribes,Total,32.613
08231 Sant Pere de Ribes,España,24.815
08231 Sant Pere de Ribes,Extranjero,7.798
08232 Sant Pere de Riudebitlles,Total,2.512
08232 Sant Pere de Riudebitlles,España,2.232
08232 Sant Pere de Riudebitlles,Extranjero,280
08233 Sant Pere de Torelló,Total,2.607
08233 Sant Pere de Torelló,España,2.266
08233 Sant Pere de Torelló,Extranjero,341
08234 Sant Pere de Vilamajor,Total,5.069
08234 Sant Pere de Vilamajor,España,4.507
08234 Sant Pere de Vilamajor,Extranjero,562
08235 Sant Pol de Mar,Total,5.778
08235 Sant Pol de Mar,España,4.668
08235 Sant Pol de Mar,Extranjero,1.110
08236 Sant Quintí de Mediona,Total,2.585
08236 Sant Quintí de Mediona,España,2.044
08236 Sant Quintí de Mediona,Extranjero,541
08237 Sant Quirze de Besora,Total,2.163
08237 Sant Quirze de Besora,España,1.863
08237 Sant Quirze de Besora,Extranjero,300
08238 Sant Quirze del Vallès,Total,20.175
08238 Sant Quirze del Vallès,España,18.184
08238 Sant Quirze del Vallès,Extranjero,1.991
08239 Sant Quirze Safaja,Total,664
08239 Sant Quirze Safaja,España,588
08239 Sant Quirze Safaja,Extranjero,76
08240 Sant Sadurní d'Anoia,Total,12.930
08240 Sant Sadurní d'Anoia,España,11.204
08240 Sant Sadurní d'Anoia,Extranjero,1.726
08241 Sant Sadurní d'Osormort,Total,86
08241 Sant Sadurní d'Osormort,España,82
08241 Sant Sadurní d'Osormort,Extranjero,4
08242 Marganell,Total,311
08242 Marganell,España,276
08242 Marganell,Extranjero,35
08243 Santa Cecília de Voltregà,Total,197
08243 Santa Cecília de Voltregà,España,193
08243 Santa Cecília de Voltregà,Extranjero,4
08244 Santa Coloma de Cervelló,Total,8.275
08244 Santa Coloma de Cervelló,España,7.582
08244 Santa Coloma de Cervelló,Extranjero,693
08245 Santa Coloma de Gramenet,Total,123.250
08245 Santa Coloma de Gramenet,España,83.652
08245 Santa Coloma de Gramenet,Extranjero,39.598
08246 Santa Eugènia de Berga,Total,2.350
08246 Santa Eugènia de Berga,España,2.026
08246 Santa Eugènia de Berga,Extranjero,324
08247 Santa Eulàlia de Riuprimer,Total,1.516
08247 Santa Eulàlia de Riuprimer,España,1.385
08247 Santa Eulàlia de Riuprimer,Extranjero,131
08248 Santa Eulàlia de Ronçana,Total,7.955
08248 Santa Eulàlia de Ronçana,España,7.266
08248 Santa Eulàlia de Ronçana,Extranjero,689
08249 Santa Fe del Penedès,Total,367
08249 Santa Fe del Penedès,España,331
08249 Santa Fe del Penedès,Extranjero,36
08250 Santa Margarida de Montbui,Total,10.601
08250 Santa Margarida de Montbui,España,8.745
08250 Santa Margarida de Montbui,Extranjero,1.856
08251 Santa Margarida i els Monjos,Total,7.775
08251 Santa Margarida i els Monjos,España,6.379
08251 Santa Margarida i els Monjos,Extranjero,1.396
08252 Barberà del Vallès,Total,34.031
08252 Barberà del Vallès,España,29.078
08252 Barberà del Vallès,Extranjero,4.953
08253 Santa Maria de Besora,Total,164
08253 Santa Maria de Besora,España,155
08253 Santa Maria de Besora,Extranjero,9
"08254 Esquirol, L'",Total,2.303
"08254 Esquirol, L'",España,2.074
"08254 Esquirol, L'",Extranjero,229
08255 Santa Maria de Merlès,Total,179
08255 Santa Maria de Merlès,España,177
08255 Santa Maria de Merlès,Extranjero,2
08256 Santa Maria de Martorelles,Total,867
08256 Santa Maria de Martorelles,España,825
08256 Santa Maria de Martorelles,Extranjero,42
08257 Santa Maria de Miralles,Total,144
08257 Santa Maria de Miralles,España,126
08257 Santa Maria de Miralles,Extranjero,18
08258 Santa Maria d'Oló,Total,1.100
08258 Santa Maria d'Oló,España,992
08258 Santa Maria d'Oló,Extranjero,108
08259 Santa Maria de Palautordera,Total,10.060
08259 Santa Maria de Palautordera,España,8.717
08259 Santa Maria de Palautordera,Extranjero,1.343
08260 Santa Perpètua de Mogoda,Total,26.101
08260 Santa Perpètua de Mogoda,España,22.103
08260 Santa Perpètua de Mogoda,Extranjero,3.998
08261 Santa Susanna,Total,4.049
08261 Santa Susanna,España,3.118
08261 Santa Susanna,Extranjero,931
08262 Sant Vicenç de Castellet,Total,10.167
08262 Sant Vicenç de Castellet,España,8.168
08262 Sant Vicenç de Castellet,Extranjero,1.999
08263 Sant Vicenç dels Horts,Total,28.760
08263 Sant Vicenç dels Horts,España,24.422
08263 Sant Vicenç dels Horts,Extranjero,4.338
08264 Sant Vicenç de Montalt,Total,6.829
08264 Sant Vicenç de Montalt,España,5.572
08264 Sant Vicenç de Montalt,Extranjero,1.257
08265 Sant Vicenç de Torelló,Total,2.118
08265 Sant Vicenç de Torelló,España,1.951
08265 Sant Vicenç de Torelló,Extranjero,167
08266 Cerdanyola del Vallès,Total,58.264
08266 Cerdanyola del Vallès,España,48.305
08266 Cerdanyola del Vallès,Extranjero,9.959
08267 Sentmenat,Total,9.528
08267 Sentmenat,España,8.579
08267 Sentmenat,Extranjero,949
08268 Cercs,Total,1.236
08268 Cercs,España,1.129
08268 Cercs,Extranjero,107
08269 Seva,Total,3.818
08269 Seva,España,3.477
08269 Seva,Extranjero,341
08270 Sitges,Total,32.690
08270 Sitges,España,21.262
08270 Sitges,Extranjero,11.428
08271 Sobremunt,Total,89
08271 Sobremunt,España,81
08271 Sobremunt,Extranjero,8
08272 Sora,Total,225
08272 Sora,España,209
08272 Sora,Extranjero,16
08273 Subirats,Total,3.287
08273 Subirats,España,3.003
08273 Subirats,Extranjero,284
08274 Súria,Total,6.196
08274 Súria,España,5.404
08274 Súria,Extranjero,792
08275 Tavèrnoles,Total,354
08275 Tavèrnoles,España,333
08275 Tavèrnoles,Extranjero,21
08276 Tagamanent,Total,329
08276 Tagamanent,España,281
08276 Tagamanent,Extranjero,48
08277 Talamanca,Total,209
08277 Talamanca,España,195
08277 Talamanca,Extranjero,14
08278 Taradell,Total,6.838
08278 Taradell,España,6.035
08278 Taradell,Extranjero,803
08279 Terrassa,Total,232.676
08279 Terrassa,España,183.188
08279 Terrassa,Extranjero,49.488
08280 Tavertet,Total,128
08280 Tavertet,España,115
08280 Tavertet,Extranjero,13
08281 Teià,Total,6.894
08281 Teià,España,5.936
08281 Teià,Extranjero,958
08282 Tiana,Total,9.362
08282 Tiana,España,8.519
08282 Tiana,Extranjero,843
08283 Tona,Total,8.513
08283 Tona,España,7.270
08283 Tona,Extranjero,1.243
08284 Tordera,Total,19.047
08284 Tordera,España,15.970
08284 Tordera,Extranjero,3.077
08285 Torelló,Total,15.334
08285 Torelló,España,12.157
08285 Torelló,Extranjero,3.177
"08286 Torre de Claramunt, La",Total,4.154
"08286 Torre de Claramunt, La",España,3.831
"08286 Torre de Claramunt, La",Extranjero,323
08287 Torrelavit,Total,1.575
08287 Torrelavit,España,1.369
08287 Torrelavit,Extranjero,206
08288 Torrelles de Foix,Total,2.751
08288 Torrelles de Foix,España,2.156
08288 Torrelles de Foix,Extranjero,595
08289 Torrelles de Llobregat,Total,6.162
08289 Torrelles de Llobregat,España,5.618
08289 Torrelles de Llobregat,Extranjero,544
08290 Ullastrell,Total,2.170
08290 Ullastrell,España,2.041
08290 Ullastrell,Extranjero,129
08291 Vacarisses,Total,7.710
08291 Vacarisses,España,6.997
08291 Vacarisses,Extranjero,713
08292 Vallbona d'Anoia,Total,1.420
08292 Vallbona d'Anoia,España,1.242
08292 Vallbona d'Anoia,Extranjero,178
08293 Vallcebre,Total,260
08293 Vallcebre,España,249
08293 Vallcebre,Extranjero,11
08294 Vallgorguina,Total,3.273
08294 Vallgorguina,España,2.839
08294 Vallgorguina,Extranjero,434
08295 Vallirana,Total,16.239
08295 Vallirana,España,14.197
08295 Vallirana,Extranjero,2.042
08296 Vallromanes,Total,2.782
08296 Vallromanes,España,2.436
08296 Vallromanes,Extranjero,346
08297 Veciana,Total,170
08297 Veciana,España,159
08297 Veciana,Extranjero,11
08298 Vic,Total,50.405
08298 Vic,España,32.216
08298 Vic,Extranjero,18.189
08299 Vilada,Total,430
08299 Vilada,España,413
08299 Vilada,Extranjero,17
08300 Viladecavalls,Total,7.816
08300 Viladecavalls,España,7.370
08300 Viladecavalls,Extranjero,446
08301 Viladecans,Total,67.536
08301 Viladecans,España,57.419
08301 Viladecans,Extranjero,10.117
08302 Vilanova del Camí,Total,12.886
08302 Vilanova del Camí,España,11.253
08302 Vilanova del Camí,Extranjero,1.633
08303 Vilanova de Sau,Total,325
08303 Vilanova de Sau,España,296
08303 Vilanova de Sau,Extranjero,29
08304 Vilobí del Penedès,Total,1.157
08304 Vilobí del Penedès,España,1.070
08304 Vilobí del Penedès,Extranjero,87
08305 Vilafranca del Penedès,Total,42.561
08305 Vilafranca del Penedès,España,32.886
08305 Vilafranca del Penedès,Extranjero,9.675
08306 Vilalba Sasserra,Total,790
08306 Vilalba Sasserra,España,669
08306 Vilalba Sasserra,Extranjero,121
08307 Vilanova i la Geltrú,Total,71.305
08307 Vilanova i la Geltrú,España,57.250
08307 Vilanova i la Geltrú,Extranjero,14.055
08308 Viver i Serrateix,Total,178
08308 Viver i Serrateix,España,169
08308 Viver i Serrateix,Extranjero,9
08901 Rupit i Pruit,Total,277
08901 Rupit i Pruit,España,245
08901 Rupit i Pruit,Extranjero,32
08902 Vilanova del Vallès,Total,5.697
08902 Vilanova del Vallès,España,5.232
08902 Vilanova del Vallès,Extranjero,465
08903 Sant Julià de Cerdanyola,Total,234
08903 Sant Julià de Cerdanyola,España,233
08903 Sant Julià de Cerdanyola,Extranjero,1
08904 Badia del Vallès,Total,13.058
08904 Badia del Vallès,España,11.541
08904 Badia del Vallès,Extranjero,1.517
"08905 Palma de Cervelló, La",Total,3.059
"08905 Palma de Cervelló, La",España,2.695
"08905 Palma de Cervelló, La",Extranjero,364
09001 Abajas,Total,28
09001 Abajas,España,27
09001 Abajas,Extranjero,1
09003 Adrada de Haza,Total,198
09003 Adrada de Haza,España,172
09003 Adrada de Haza,Extranjero,26
09006 Aguas Cándidas,Total,61
09006 Aguas Cándidas,España,60
09006 Aguas Cándidas,Extranjero,1
09007 Aguilar de Bureba,Total,46
09007 Aguilar de Bureba,España,44
09007 Aguilar de Bureba,Extranjero,2
09009 Albillos,Total,220
09009 Albillos,España,212
09009 Albillos,Extranjero,8
09010 Alcocero de Mola,Total,40
09010 Alcocero de Mola,España,39
09010 Alcocero de Mola,Extranjero,1
09011 Alfoz de Bricia,Total,69
09011 Alfoz de Bricia,España,69
09011 Alfoz de Bricia,Extranjero,0
09012 Alfoz de Santa Gadea,Total,102
09012 Alfoz de Santa Gadea,España,100
09012 Alfoz de Santa Gadea,Extranjero,2
09013 Altable,Total,42
09013 Altable,España,39
09013 Altable,Extranjero,3
"09014 Altos, Los",Total,181
"09014 Altos, Los",España,177
"09014 Altos, Los",Extranjero,4
09016 Ameyugo,Total,107
09016 Ameyugo,España,100
09016 Ameyugo,Extranjero,7
09017 Anguix,Total,171
09017 Anguix,España,89
09017 Anguix,Extranjero,82
09018 Aranda de Duero,Total,33.904
09018 Aranda de Duero,España,27.499
09018 Aranda de Duero,Extranjero,6.405
09019 Arandilla,Total,157
09019 Arandilla,España,136
09019 Arandilla,Extranjero,21
09020 Arauzo de Miel,Total,258
09020 Arauzo de Miel,España,236
09020 Arauzo de Miel,Extranjero,22
09021 Arauzo de Salce,Total,44
09021 Arauzo de Salce,España,42
09021 Arauzo de Salce,Extranjero,2
09022 Arauzo de Torre,Total,56
09022 Arauzo de Torre,España,50
09022 Arauzo de Torre,Extranjero,6
09023 Arcos,Total,1.819
09023 Arcos,España,1.723
09023 Arcos,Extranjero,96
09024 Arenillas de Riopisuerga,Total,156
09024 Arenillas de Riopisuerga,España,150
09024 Arenillas de Riopisuerga,Extranjero,6
09025 Arija,Total,115
09025 Arija,España,104
09025 Arija,Extranjero,11
09026 Arlanzón,Total,429
09026 Arlanzón,España,399
09026 Arlanzón,Extranjero,30
09027 Arraya de Oca,Total,49
09027 Arraya de Oca,España,41
09027 Arraya de Oca,Extranjero,8
09029 Atapuerca,Total,181
09029 Atapuerca,España,168
09029 Atapuerca,Extranjero,13
"09030 Ausines, Los",Total,143
"09030 Ausines, Los",España,137
"09030 Ausines, Los",Extranjero,6
09032 Avellanosa de Muñó,Total,95
09032 Avellanosa de Muñó,España,93
09032 Avellanosa de Muñó,Extranjero,2
09033 Bahabón de Esgueva,Total,81
09033 Bahabón de Esgueva,España,74
09033 Bahabón de Esgueva,Extranjero,7
"09034 Balbases, Los",Total,302
"09034 Balbases, Los",España,274
"09034 Balbases, Los",Extranjero,28
09035 Baños de Valdearados,Total,322
09035 Baños de Valdearados,España,279
09035 Baños de Valdearados,Extranjero,43
09036 Bañuelos de Bureba,Total,32
09036 Bañuelos de Bureba,España,32
09036 Bañuelos de Bureba,Extranjero,0
09037 Barbadillo de Herreros,Total,104
09037 Barbadillo de Herreros,España,98
09037 Barbadillo de Herreros,Extranjero,6
09038 Barbadillo del Mercado,Total,133
09038 Barbadillo del Mercado,España,106
09038 Barbadillo del Mercado,Extranjero,27
09039 Barbadillo del Pez,Total,65
09039 Barbadillo del Pez,España,59
09039 Barbadillo del Pez,Extranjero,6
09041 Barrio de Muñó,Total,32
09041 Barrio de Muñó,España,32
09041 Barrio de Muñó,Extranjero,0
"09043 Barrios de Bureba, Los",Total,179
"09043 Barrios de Bureba, Los",España,173
"09043 Barrios de Bureba, Los",Extranjero,6
09044 Barrios de Colina,Total,55
09044 Barrios de Colina,España,49
09044 Barrios de Colina,Extranjero,6
09045 Basconcillos del Tozo,Total,275
09045 Basconcillos del Tozo,España,266
09045 Basconcillos del Tozo,Extranjero,9
09046 Bascuñana,Total,20
09046 Bascuñana,España,17
09046 Bascuñana,Extranjero,3
09047 Belbimbre,Total,53
09047 Belbimbre,España,49
09047 Belbimbre,Extranjero,4
09048 Belorado,Total,1.830
09048 Belorado,España,1.478
09048 Belorado,Extranjero,352
09050 Berberana,Total,52
09050 Berberana,España,48
09050 Berberana,Extranjero,4
09051 Berlangas de Roa,Total,203
09051 Berlangas de Roa,España,177
09051 Berlangas de Roa,Extranjero,26
09052 Berzosa de Bureba,Total,26
09052 Berzosa de Bureba,España,26
09052 Berzosa de Bureba,Extranjero,0
09054 Bozoó,Total,101
09054 Bozoó,España,96
09054 Bozoó,Extranjero,5
09055 Brazacorta,Total,43
09055 Brazacorta,España,42
09055 Brazacorta,Extranjero,1
09056 Briviesca,Total,6.711
09056 Briviesca,España,5.174
09056 Briviesca,Extranjero,1.537
09057 Bugedo,Total,194
09057 Bugedo,España,190
09057 Bugedo,Extranjero,4
09058 Buniel,Total,626
09058 Buniel,España,544
09058 Buniel,Extranjero,82
09059 Burgos,Total,178.370
09059 Burgos,España,152.187
09059 Burgos,Extranjero,26.183
09060 Busto de Bureba,Total,140
09060 Busto de Bureba,España,133
09060 Busto de Bureba,Extranjero,7
09061 Cabañes de Esgueva,Total,144
09061 Cabañes de Esgueva,España,133
09061 Cabañes de Esgueva,Extranjero,11
09062 Cabezón de la Sierra,Total,33
09062 Cabezón de la Sierra,España,33
09062 Cabezón de la Sierra,Extranjero,0
09063 Cavia,Total,252
09063 Cavia,España,233
09063 Cavia,Extranjero,19
09064 Caleruega,Total,377
09064 Caleruega,España,277
09064 Caleruega,Extranjero,100
09065 Campillo de Aranda,Total,174
09065 Campillo de Aranda,España,141
09065 Campillo de Aranda,Extranjero,33
09066 Campolara,Total,46
09066 Campolara,España,46
09066 Campolara,Extranjero,0
09067 Canicosa de la Sierra,Total,410
09067 Canicosa de la Sierra,España,377
09067 Canicosa de la Sierra,Extranjero,33
09068 Cantabrana,Total,22
09068 Cantabrana,España,22
09068 Cantabrana,Extranjero,0
09070 Carazo,Total,42
09070 Carazo,España,39
09070 Carazo,Extranjero,3
09071 Carcedo de Bureba,Total,36
09071 Carcedo de Bureba,España,35
09071 Carcedo de Bureba,Extranjero,1
09072 Carcedo de Burgos,Total,514
09072 Carcedo de Burgos,España,452
09072 Carcedo de Burgos,Extranjero,62
09073 Cardeñadijo,Total,1.446
09073 Cardeñadijo,España,1.309
09073 Cardeñadijo,Extranjero,137
09074 Cardeñajimeno,Total,1.186
09074 Cardeñajimeno,España,1.072
09074 Cardeñajimeno,Extranjero,114
09075 Cardeñuela Riopico,Total,106
09075 Cardeñuela Riopico,España,99
09075 Cardeñuela Riopico,Extranjero,7
09076 Carrias,Total,26
09076 Carrias,España,24
09076 Carrias,Extranjero,2
09077 Cascajares de Bureba,Total,25
09077 Cascajares de Bureba,España,25
09077 Cascajares de Bureba,Extranjero,0
09078 Cascajares de la Sierra,Total,25
09078 Cascajares de la Sierra,España,25
09078 Cascajares de la Sierra,Extranjero,0
09079 Castellanos de Castro,Total,48
09079 Castellanos de Castro,España,47
09079 Castellanos de Castro,Extranjero,1
09082 Castildelgado,Total,34
09082 Castildelgado,España,34
09082 Castildelgado,Extranjero,0
09083 Castil de Peones,Total,26
09083 Castil de Peones,España,24
09083 Castil de Peones,Extranjero,2
09084 Castrillo de la Reina,Total,159
09084 Castrillo de la Reina,España,149
09084 Castrillo de la Reina,Extranjero,10
09085 Castrillo de la Vega,Total,627
09085 Castrillo de la Vega,España,525
09085 Castrillo de la Vega,Extranjero,102
09086 Castrillo del Val,Total,857
09086 Castrillo del Val,España,789
09086 Castrillo del Val,Extranjero,68
09088 Castrillo de Riopisuerga,Total,56
09088 Castrillo de Riopisuerga,España,56
09088 Castrillo de Riopisuerga,Extranjero,0
09090 Castrillo Mota de Judíos,Total,49
09090 Castrillo Mota de Judíos,España,48
09090 Castrillo Mota de Judíos,Extranjero,1
09091 Castrojeriz,Total,792
09091 Castrojeriz,España,700
09091 Castrojeriz,Extranjero,92
09093 Cayuela,Total,185
09093 Cayuela,España,178
09093 Cayuela,Extranjero,7
09094 Cebrecos,Total,60
09094 Cebrecos,España,60
09094 Cebrecos,Extranjero,0
09095 Celada del Camino,Total,91
09095 Celada del Camino,España,89
09095 Celada del Camino,Extranjero,2
09098 Cerezo de Río Tirón,Total,469
09098 Cerezo de Río Tirón,España,433
09098 Cerezo de Río Tirón,Extranjero,36
09100 Cerratón de Juarros,Total,42
09100 Cerratón de Juarros,España,42
09100 Cerratón de Juarros,Extranjero,0
09101 Ciadoncha,Total,78
09101 Ciadoncha,España,71
09101 Ciadoncha,Extranjero,7
09102 Cillaperlata,Total,31
09102 Cillaperlata,España,31
09102 Cillaperlata,Extranjero,0
09103 Cilleruelo de Abajo,Total,211
09103 Cilleruelo de Abajo,España,192
09103 Cilleruelo de Abajo,Extranjero,19
09104 Cilleruelo de Arriba,Total,53
09104 Cilleruelo de Arriba,España,53
09104 Cilleruelo de Arriba,Extranjero,0
09105 Ciruelos de Cervera,Total,90
09105 Ciruelos de Cervera,España,86
09105 Ciruelos de Cervera,Extranjero,4
09108 Cogollos,Total,686
09108 Cogollos,España,573
09108 Cogollos,Extranjero,113
09109 Condado de Treviño,Total,1.472
09109 Condado de Treviño,España,1.350
09109 Condado de Treviño,Extranjero,122
09110 Contreras,Total,81
09110 Contreras,España,76
09110 Contreras,Extranjero,5
09112 Coruña del Conde,Total,95
09112 Coruña del Conde,España,92
09112 Coruña del Conde,Extranjero,3
09113 Covarrubias,Total,507
09113 Covarrubias,España,461
09113 Covarrubias,Extranjero,46
09114 Cubillo del Campo,Total,105
09114 Cubillo del Campo,España,79
09114 Cubillo del Campo,Extranjero,26
09115 Cubo de Bureba,Total,102
09115 Cubo de Bureba,España,92
09115 Cubo de Bureba,Extranjero,10
"09117 Cueva de Roa, La",Total,88
"09117 Cueva de Roa, La",España,68
"09117 Cueva de Roa, La",Extranjero,20
09119 Cuevas de San Clemente,Total,52
09119 Cuevas de San Clemente,España,37
09119 Cuevas de San Clemente,Extranjero,15
09120 Encío,Total,37
09120 Encío,España,36
09120 Encío,Extranjero,1
09122 Espinosa de Cervera,Total,82
09122 Espinosa de Cervera,España,69
09122 Espinosa de Cervera,Extranjero,13
09123 Espinosa del Camino,Total,43
09123 Espinosa del Camino,España,38
09123 Espinosa del Camino,Extranjero,5
09124 Espinosa de los Monteros,Total,1.625
09124 Espinosa de los Monteros,España,1.553
09124 Espinosa de los Monteros,Extranjero,72
09125 Estépar,Total,646
09125 Estépar,España,593
09125 Estépar,Extranjero,53
09127 Fontioso,Total,52
09127 Fontioso,España,45
09127 Fontioso,Extranjero,7
09128 Frandovínez,Total,95
09128 Frandovínez,España,84
09128 Frandovínez,Extranjero,11
09129 Fresneda de la Sierra Tirón,Total,98
09129 Fresneda de la Sierra Tirón,España,91
09129 Fresneda de la Sierra Tirón,Extranjero,7
09130 Fresneña,Total,68
09130 Fresneña,España,55
09130 Fresneña,Extranjero,13
09131 Fresnillo de las Dueñas,Total,702
09131 Fresnillo de las Dueñas,España,610
09131 Fresnillo de las Dueñas,Extranjero,92
09132 Fresno de Río Tirón,Total,156
09132 Fresno de Río Tirón,España,152
09132 Fresno de Río Tirón,Extranjero,4
09133 Fresno de Rodilla,Total,49
09133 Fresno de Rodilla,España,47
09133 Fresno de Rodilla,Extranjero,2
09134 Frías,Total,258
09134 Frías,España,236
09134 Frías,Extranjero,22
09135 Fuentebureba,Total,59
09135 Fuentebureba,España,40
09135 Fuentebureba,Extranjero,19
09136 Fuentecén,Total,244
09136 Fuentecén,España,185
09136 Fuentecén,Extranjero,59
09137 Fuentelcésped,Total,288
09137 Fuentelcésped,España,225
09137 Fuentelcésped,Extranjero,63
09138 Fuentelisendo,Total,99
09138 Fuentelisendo,España,85
09138 Fuentelisendo,Extranjero,14
09139 Fuentemolinos,Total,89
09139 Fuentemolinos,España,87
09139 Fuentemolinos,Extranjero,2
09140 Fuentenebro,Total,136
09140 Fuentenebro,España,116
09140 Fuentenebro,Extranjero,20
09141 Fuentespina,Total,834
09141 Fuentespina,España,766
09141 Fuentespina,Extranjero,68
09143 Galbarros,Total,28
09143 Galbarros,España,22
09143 Galbarros,Extranjero,6
"09144 Gallega, La",Total,34
"09144 Gallega, La",España,33
"09144 Gallega, La",Extranjero,1
09148 Grijalba,Total,117
09148 Grijalba,España,96
09148 Grijalba,Extranjero,21
09149 Grisaleña,Total,58
09149 Grisaleña,España,39
09149 Grisaleña,Extranjero,19
09151 Gumiel de Izán,Total,586
09151 Gumiel de Izán,España,504
09151 Gumiel de Izán,Extranjero,82
09152 Gumiel de Mercado,Total,380
09152 Gumiel de Mercado,España,262
09152 Gumiel de Mercado,Extranjero,118
09154 Hacinas,Total,144
09154 Hacinas,España,140
09154 Hacinas,Extranjero,4
09155 Haza,Total,32
09155 Haza,España,28
09155 Haza,Extranjero,4
09159 Hontanas,Total,69
09159 Hontanas,España,54
09159 Hontanas,Extranjero,15
09160 Hontangas,Total,92
09160 Hontangas,España,81
09160 Hontangas,Extranjero,11
09162 Hontoria de la Cantera,Total,172
09162 Hontoria de la Cantera,España,163
09162 Hontoria de la Cantera,Extranjero,9
09163 Hontoria del Pinar,Total,613
09163 Hontoria del Pinar,España,548
09163 Hontoria del Pinar,Extranjero,65
09164 Hontoria de Valdearados,Total,156
09164 Hontoria de Valdearados,España,141
09164 Hontoria de Valdearados,Extranjero,15
"09166 Hormazas, Las",Total,93
"09166 Hormazas, Las",España,93
"09166 Hormazas, Las",Extranjero,0
09167 Hornillos del Camino,Total,44
09167 Hornillos del Camino,España,44
09167 Hornillos del Camino,Extranjero,0
"09168 Horra, La",Total,295
"09168 Horra, La",España,254
"09168 Horra, La",Extranjero,41
09169 Hortigüela,Total,103
09169 Hortigüela,España,101
09169 Hortigüela,Extranjero,2
09170 Hoyales de Roa,Total,209
09170 Hoyales de Roa,España,204
09170 Hoyales de Roa,Extranjero,5
09172 Huérmeces,Total,159
09172 Huérmeces,España,153
09172 Huérmeces,Extranjero,6
09173 Huerta de Arriba,Total,121
09173 Huerta de Arriba,España,121
09173 Huerta de Arriba,Extranjero,0
09174 Huerta de Rey,Total,889
09174 Huerta de Rey,España,794
09174 Huerta de Rey,Extranjero,95
09175 Humada,Total,113
09175 Humada,España,110
09175 Humada,Extranjero,3
09176 Hurones,Total,58
09176 Hurones,España,57
09176 Hurones,Extranjero,1
09177 Ibeas de Juarros,Total,1.504
09177 Ibeas de Juarros,España,1.359
09177 Ibeas de Juarros,Extranjero,145
09178 Ibrillos,Total,30
09178 Ibrillos,España,29
09178 Ibrillos,Extranjero,1
09179 Iglesiarrubia,Total,45
09179 Iglesiarrubia,España,45
09179 Iglesiarrubia,Extranjero,0
09180 Iglesias,Total,134
09180 Iglesias,España,118
09180 Iglesias,Extranjero,16
09181 Isar,Total,278
09181 Isar,España,273
09181 Isar,Extranjero,5
09182 Itero del Castillo,Total,74
09182 Itero del Castillo,España,73
09182 Itero del Castillo,Extranjero,1
09183 Jaramillo de la Fuente,Total,45
09183 Jaramillo de la Fuente,España,45
09183 Jaramillo de la Fuente,Extranjero,0
09184 Jaramillo Quemado,Total,12
09184 Jaramillo Quemado,España,7
09184 Jaramillo Quemado,Extranjero,5
09189 Junta de Traslaloma,Total,118
09189 Junta de Traslaloma,España,111
09189 Junta de Traslaloma,Extranjero,7
09190 Junta de Villalba de Losa,Total,79
09190 Junta de Villalba de Losa,España,75
09190 Junta de Villalba de Losa,Extranjero,4
09191 Jurisdicción de Lara,Total,39
09191 Jurisdicción de Lara,España,39
09191 Jurisdicción de Lara,Extranjero,0
09192 Jurisdicción de San Zadornil,Total,62
09192 Jurisdicción de San Zadornil,España,60
09192 Jurisdicción de San Zadornil,Extranjero,2
09194 Lerma,Total,2.648
09194 Lerma,España,2.175
09194 Lerma,Extranjero,473
09195 Llano de Bureba,Total,45
09195 Llano de Bureba,España,44
09195 Llano de Bureba,Extranjero,1
09196 Madrigal del Monte,Total,141
09196 Madrigal del Monte,España,134
09196 Madrigal del Monte,Extranjero,7
09197 Madrigalejo del Monte,Total,161
09197 Madrigalejo del Monte,España,139
09197 Madrigalejo del Monte,Extranjero,22
09198 Mahamud,Total,107
09198 Mahamud,España,105
09198 Mahamud,Extranjero,2
09199 Mambrilla de Castrejón,Total,106
09199 Mambrilla de Castrejón,España,91
09199 Mambrilla de Castrejón,Extranjero,15
09200 Mambrillas de Lara,Total,54
09200 Mambrillas de Lara,España,51
09200 Mambrillas de Lara,Extranjero,3
09201 Mamolar,Total,28
09201 Mamolar,España,24
09201 Mamolar,Extranjero,4
09202 Manciles,Total,21
09202 Manciles,España,21
09202 Manciles,Extranjero,0
09206 Mazuela,Total,55
09206 Mazuela,España,54
09206 Mazuela,Extranjero,1
09208 Mecerreyes,Total,176
09208 Mecerreyes,España,168
09208 Mecerreyes,Extranjero,8
09209 Medina de Pomar,Total,6.157
09209 Medina de Pomar,España,5.202
09209 Medina de Pomar,Extranjero,955
09211 Melgar de Fernamental,Total,1.505
09211 Melgar de Fernamental,España,1.355
09211 Melgar de Fernamental,Extranjero,150
09213 Merindad de Cuesta-Urria,Total,263
09213 Merindad de Cuesta-Urria,España,248
09213 Merindad de Cuesta-Urria,Extranjero,15
09214 Merindad de Montija,Total,721
09214 Merindad de Montija,España,666
09214 Merindad de Montija,Extranjero,55
09215 Merindad de Sotoscueva,Total,400
09215 Merindad de Sotoscueva,España,371
09215 Merindad de Sotoscueva,Extranjero,29
09216 Merindad de Valdeporres,Total,411
09216 Merindad de Valdeporres,España,380
09216 Merindad de Valdeporres,Extranjero,31
09217 Merindad de Valdivielso,Total,385
09217 Merindad de Valdivielso,España,370
09217 Merindad de Valdivielso,Extranjero,15
09218 Milagros,Total,407
09218 Milagros,España,378
09218 Milagros,Extranjero,29
09219 Miranda de Ebro,Total,36.617
09219 Miranda de Ebro,España,30.116
09219 Miranda de Ebro,Extranjero,6.501
09220 Miraveche,Total,93
09220 Miraveche,España,86
09220 Miraveche,Extranjero,7
09221 Modúbar de la Emparedada,Total,771
09221 Modúbar de la Emparedada,España,670
09221 Modúbar de la Emparedada,Extranjero,101
09223 Monasterio de la Sierra,Total,38
09223 Monasterio de la Sierra,España,37
09223 Monasterio de la Sierra,Extranjero,1
09224 Monasterio de Rodilla,Total,172
09224 Monasterio de Rodilla,España,157
09224 Monasterio de Rodilla,Extranjero,15
09225 Moncalvillo,Total,77
09225 Moncalvillo,España,73
09225 Moncalvillo,Extranjero,4
09226 Monterrubio de la Demanda,Total,55
09226 Monterrubio de la Demanda,España,53
09226 Monterrubio de la Demanda,Extranjero,2
09227 Montorio,Total,141
09227 Montorio,España,123
09227 Montorio,Extranjero,18
09228 Moradillo de Roa,Total,166
09228 Moradillo de Roa,España,157
09228 Moradillo de Roa,Extranjero,9
09229 Nava de Roa,Total,203
09229 Nava de Roa,España,169
09229 Nava de Roa,Extranjero,34
09230 Navas de Bureba,Total,24
09230 Navas de Bureba,España,24
09230 Navas de Bureba,Extranjero,0
09231 Nebreda,Total,50
09231 Nebreda,España,50
09231 Nebreda,Extranjero,0
09232 Neila,Total,112
09232 Neila,España,102
09232 Neila,Extranjero,10
09235 Olmedillo de Roa,Total,188
09235 Olmedillo de Roa,España,149
09235 Olmedillo de Roa,Extranjero,39
09236 Olmillos de Muñó,Total,39
09236 Olmillos de Muñó,España,36
09236 Olmillos de Muñó,Extranjero,3
09238 Oña,Total,937
09238 Oña,España,892
09238 Oña,Extranjero,45
09239 Oquillas,Total,52
09239 Oquillas,España,45
09239 Oquillas,Extranjero,7
09241 Orbaneja Riopico,Total,341
09241 Orbaneja Riopico,España,275
09241 Orbaneja Riopico,Extranjero,66
09242 Padilla de Abajo,Total,73
09242 Padilla de Abajo,España,66
09242 Padilla de Abajo,Extranjero,7
09243 Padilla de Arriba,Total,88
09243 Padilla de Arriba,España,85
09243 Padilla de Arriba,Extranjero,3
09244 Padrones de Bureba,Total,49
09244 Padrones de Bureba,España,45
09244 Padrones de Bureba,Extranjero,4
09246 Palacios de la Sierra,Total,662
09246 Palacios de la Sierra,España,584
09246 Palacios de la Sierra,Extranjero,78
09247 Palacios de Riopisuerga,Total,19
09247 Palacios de Riopisuerga,España,18
09247 Palacios de Riopisuerga,Extranjero,1
09248 Palazuelos de la Sierra,Total,95
09248 Palazuelos de la Sierra,España,87
09248 Palazuelos de la Sierra,Extranjero,8
09249 Palazuelos de Muñó,Total,52
09249 Palazuelos de Muñó,España,52
09249 Palazuelos de Muñó,Extranjero,0
09250 Pampliega,Total,282
09250 Pampliega,España,258
09250 Pampliega,Extranjero,24
09251 Pancorbo,Total,431
09251 Pancorbo,España,368
09251 Pancorbo,Extranjero,63
09253 Pardilla,Total,109
09253 Pardilla,España,100
09253 Pardilla,Extranjero,9
09255 Partido de la Sierra en Tobalina,Total,75
09255 Partido de la Sierra en Tobalina,España,73
09255 Partido de la Sierra en Tobalina,Extranjero,2
09256 Pedrosa de Duero,Total,463
09256 Pedrosa de Duero,España,344
09256 Pedrosa de Duero,Extranjero,119
09257 Pedrosa del Páramo,Total,89
09257 Pedrosa del Páramo,España,85
09257 Pedrosa del Páramo,Extranjero,4
09258 Pedrosa del Príncipe,Total,155
09258 Pedrosa del Príncipe,España,148
09258 Pedrosa del Príncipe,Extranjero,7
09259 Pedrosa de Río Úrbel,Total,265
09259 Pedrosa de Río Úrbel,España,254
09259 Pedrosa de Río Úrbel,Extranjero,11
09261 Peñaranda de Duero,Total,469
09261 Peñaranda de Duero,España,439
09261 Peñaranda de Duero,Extranjero,30
09262 Peral de Arlanza,Total,169
09262 Peral de Arlanza,España,163
09262 Peral de Arlanza,Extranjero,6
09265 Piérnigas,Total,45
09265 Piérnigas,España,43
09265 Piérnigas,Extranjero,2
09266 Pineda de la Sierra,Total,93
09266 Pineda de la Sierra,España,87
09266 Pineda de la Sierra,Extranjero,6
09267 Pineda Trasmonte,Total,95
09267 Pineda Trasmonte,España,94
09267 Pineda Trasmonte,Extranjero,1
09268 Pinilla de los Barruecos,Total,101
09268 Pinilla de los Barruecos,España,95
09268 Pinilla de los Barruecos,Extranjero,6
09269 Pinilla de los Moros,Total,29
09269 Pinilla de los Moros,España,26
09269 Pinilla de los Moros,Extranjero,3
09270 Pinilla Trasmonte,Total,155
09270 Pinilla Trasmonte,España,149
09270 Pinilla Trasmonte,Extranjero,6
09272 Poza de la Sal,Total,278
09272 Poza de la Sal,España,260
09272 Poza de la Sal,Extranjero,18
09273 Prádanos de Bureba,Total,55
09273 Prádanos de Bureba,España,54
09273 Prádanos de Bureba,Extranjero,1
09274 Pradoluengo,Total,1.089
09274 Pradoluengo,España,1.026
09274 Pradoluengo,Extranjero,63
09275 Presencio,Total,212
09275 Presencio,España,187
09275 Presencio,Extranjero,25
"09276 Puebla de Arganzón, La",Total,562
"09276 Puebla de Arganzón, La",España,478
"09276 Puebla de Arganzón, La",Extranjero,84
09277 Puentedura,Total,118
09277 Puentedura,España,114
09277 Puentedura,Extranjero,4
09279 Quemada,Total,247
09279 Quemada,España,189
09279 Quemada,Extranjero,58
09280 Quintanabureba,Total,29
09280 Quintanabureba,España,24
09280 Quintanabureba,Extranjero,5
09281 Quintana del Pidio,Total,151
09281 Quintana del Pidio,España,132
09281 Quintana del Pidio,Extranjero,19
09283 Quintanaélez,Total,45
09283 Quintanaélez,España,41
09283 Quintanaélez,Extranjero,4
09287 Quintanaortuño,Total,297
09287 Quintanaortuño,España,264
09287 Quintanaortuño,Extranjero,33
09288 Quintanapalla,Total,123
09288 Quintanapalla,España,91
09288 Quintanapalla,Extranjero,32
09289 Quintanar de la Sierra,Total,1.476
09289 Quintanar de la Sierra,España,1.312
09289 Quintanar de la Sierra,Extranjero,164
09292 Quintanavides,Total,65
09292 Quintanavides,España,58
09292 Quintanavides,Extranjero,7
09294 Quintanilla de la Mata,Total,109
09294 Quintanilla de la Mata,España,106
09294 Quintanilla de la Mata,Extranjero,3
09295 Quintanilla del Coco,Total,50
09295 Quintanilla del Coco,España,50
09295 Quintanilla del Coco,Extranjero,0
"09297 Quintanillas, Las",Total,386
"09297 Quintanillas, Las",España,351
"09297 Quintanillas, Las",Extranjero,35
09298 Quintanilla San García,Total,66
09298 Quintanilla San García,España,60
09298 Quintanilla San García,Extranjero,6
09301 Quintanilla Vivar,Total,904
09301 Quintanilla Vivar,España,824
09301 Quintanilla Vivar,Extranjero,80
09302 Rabanera del Pinar,Total,94
09302 Rabanera del Pinar,España,92
09302 Rabanera del Pinar,Extranjero,2
09303 Rábanos,Total,74
09303 Rábanos,España,71
09303 Rábanos,Extranjero,3
09304 Rabé de las Calzadas,Total,261
09304 Rabé de las Calzadas,España,237
09304 Rabé de las Calzadas,Extranjero,24
09306 Rebolledo de la Torre,Total,98
09306 Rebolledo de la Torre,España,95
09306 Rebolledo de la Torre,Extranjero,3
09307 Redecilla del Camino,Total,98
09307 Redecilla del Camino,España,82
09307 Redecilla del Camino,Extranjero,16
09308 Redecilla del Campo,Total,65
09308 Redecilla del Campo,España,59
09308 Redecilla del Campo,Extranjero,6
09309 Regumiel de la Sierra,Total,301
09309 Regumiel de la Sierra,España,269
09309 Regumiel de la Sierra,Extranjero,32
09310 Reinoso,Total,21
09310 Reinoso,España,19
09310 Reinoso,Extranjero,2
09311 Retuerta,Total,56
09311 Retuerta,España,56
09311 Retuerta,Extranjero,0
"09312 Revilla y Ahedo, La",Total,97
"09312 Revilla y Ahedo, La",España,90
"09312 Revilla y Ahedo, La",Extranjero,7
09314 Revilla del Campo,Total,96
09314 Revilla del Campo,España,93
09314 Revilla del Campo,Extranjero,3
09315 Revillarruz,Total,643
09315 Revillarruz,España,551
09315 Revillarruz,Extranjero,92
09316 Revilla Vallejera,Total,114
09316 Revilla Vallejera,España,105
09316 Revilla Vallejera,Extranjero,9
09317 Rezmondo,Total,18
09317 Rezmondo,España,17
09317 Rezmondo,Extranjero,1
09318 Riocavado de la Sierra,Total,54
09318 Riocavado de la Sierra,España,52
09318 Riocavado de la Sierra,Extranjero,2
09321 Roa,Total,2.305
09321 Roa,España,1.757
09321 Roa,Extranjero,548
09323 Rojas,Total,62
09323 Rojas,España,53
09323 Rojas,Extranjero,9
09325 Royuela de Río Franco,Total,169
09325 Royuela de Río Franco,España,160
09325 Royuela de Río Franco,Extranjero,9
09326 Rubena,Total,209
09326 Rubena,España,180
09326 Rubena,Extranjero,29
09327 Rublacedo de Abajo,Total,37
09327 Rublacedo de Abajo,España,33
09327 Rublacedo de Abajo,Extranjero,4
09328 Rucandio,Total,72
09328 Rucandio,España,71
09328 Rucandio,Extranjero,1
09329 Salas de Bureba,Total,129
09329 Salas de Bureba,España,115
09329 Salas de Bureba,Extranjero,14
09330 Salas de los Infantes,Total,1.974
09330 Salas de los Infantes,España,1.578
09330 Salas de los Infantes,Extranjero,396
09332 Saldaña de Burgos,Total,206
09332 Saldaña de Burgos,España,169
09332 Saldaña de Burgos,Extranjero,37
09334 Salinillas de Bureba,Total,56
09334 Salinillas de Bureba,España,51
09334 Salinillas de Bureba,Extranjero,5
09335 San Adrián de Juarros,Total,84
09335 San Adrián de Juarros,España,81
09335 San Adrián de Juarros,Extranjero,3
09337 San Juan del Monte,Total,162
09337 San Juan del Monte,España,117
09337 San Juan del Monte,Extranjero,45
09338 San Mamés de Burgos,Total,323
09338 San Mamés de Burgos,España,288
09338 San Mamés de Burgos,Extranjero,35
09339 San Martín de Rubiales,Total,140
09339 San Martín de Rubiales,España,114
09339 San Martín de Rubiales,Extranjero,26
09340 San Millán de Lara,Total,61
09340 San Millán de Lara,España,60
09340 San Millán de Lara,Extranjero,1
09343 Santa Cecilia,Total,108
09343 Santa Cecilia,España,102
09343 Santa Cecilia,Extranjero,6
09345 Santa Cruz de la Salceda,Total,149
09345 Santa Cruz de la Salceda,España,107
09345 Santa Cruz de la Salceda,Extranjero,42
09346 Santa Cruz del Valle Urbión,Total,94
09346 Santa Cruz del Valle Urbión,España,93
09346 Santa Cruz del Valle Urbión,Extranjero,1
09347 Santa Gadea del Cid,Total,182
09347 Santa Gadea del Cid,España,160
09347 Santa Gadea del Cid,Extranjero,22
09348 Santa Inés,Total,156
09348 Santa Inés,España,145
09348 Santa Inés,Extranjero,11
09350 Santa María del Campo,Total,502
09350 Santa María del Campo,España,432
09350 Santa María del Campo,Extranjero,70
09351 Santa María del Invierno,Total,70
09351 Santa María del Invierno,España,68
09351 Santa María del Invierno,Extranjero,2
09352 Santa María del Mercadillo,Total,118
09352 Santa María del Mercadillo,España,106
09352 Santa María del Mercadillo,Extranjero,12
09353 Santa María Ribarredonda,Total,101
09353 Santa María Ribarredonda,España,82
09353 Santa María Ribarredonda,Extranjero,19
09354 Santa Olalla de Bureba,Total,37
09354 Santa Olalla de Bureba,España,31
09354 Santa Olalla de Bureba,Extranjero,6
09355 Santibáñez de Esgueva,Total,72
09355 Santibáñez de Esgueva,España,69
09355 Santibáñez de Esgueva,Extranjero,3
09356 Santibáñez del Val,Total,64
09356 Santibáñez del Val,España,61
09356 Santibáñez del Val,Extranjero,3
09358 Santo Domingo de Silos,Total,251
09358 Santo Domingo de Silos,España,221
09358 Santo Domingo de Silos,Extranjero,30
09360 San Vicente del Valle,Total,26
09360 San Vicente del Valle,España,23
09360 San Vicente del Valle,Extranjero,3
09361 Sargentes de la Lora,Total,130
09361 Sargentes de la Lora,España,122
09361 Sargentes de la Lora,Extranjero,8
09362 Sarracín,Total,264
09362 Sarracín,España,248
09362 Sarracín,Extranjero,16
09363 Sasamón,Total,896
09363 Sasamón,España,859
09363 Sasamón,Extranjero,37
"09365 Sequera de Haza, La",Total,28
"09365 Sequera de Haza, La",España,27
"09365 Sequera de Haza, La",Extranjero,1
09366 Solarana,Total,74
09366 Solarana,España,71
09366 Solarana,Extranjero,3
09368 Sordillos,Total,23
09368 Sordillos,España,20
09368 Sordillos,Extranjero,3
09369 Sotillo de la Ribera,Total,483
09369 Sotillo de la Ribera,España,429
09369 Sotillo de la Ribera,Extranjero,54
09372 Sotragero,Total,303
09372 Sotragero,España,287
09372 Sotragero,Extranjero,16
09373 Sotresgudo,Total,414
09373 Sotresgudo,España,399
09373 Sotresgudo,Extranjero,15
09374 Susinos del Páramo,Total,115
09374 Susinos del Páramo,España,115
09374 Susinos del Páramo,Extranjero,0
09375 Tamarón,Total,52
09375 Tamarón,España,50
09375 Tamarón,Extranjero,2
09377 Tardajos,Total,865
09377 Tardajos,España,806
09377 Tardajos,Extranjero,59
09378 Tejada,Total,35
09378 Tejada,España,34
09378 Tejada,Extranjero,1
09380 Terradillos de Esgueva,Total,58
09380 Terradillos de Esgueva,España,56
09380 Terradillos de Esgueva,Extranjero,2
09381 Tinieblas de la Sierra,Total,22
09381 Tinieblas de la Sierra,España,20
09381 Tinieblas de la Sierra,Extranjero,2
09382 Tobar,Total,27
09382 Tobar,España,26
09382 Tobar,Extranjero,1
09384 Tordómar,Total,298
09384 Tordómar,España,275
09384 Tordómar,Extranjero,23
09386 Torrecilla del Monte,Total,79
09386 Torrecilla del Monte,España,76
09386 Torrecilla del Monte,Extranjero,3
09387 Torregalindo,Total,129
09387 Torregalindo,España,114
09387 Torregalindo,Extranjero,15
09388 Torrelara,Total,35
09388 Torrelara,España,34
09388 Torrelara,Extranjero,1
09389 Torrepadre,Total,69
09389 Torrepadre,España,63
09389 Torrepadre,Extranjero,6
09390 Torresandino,Total,564
09390 Torresandino,España,531
09390 Torresandino,Extranjero,33
09391 Tórtoles de Esgueva,Total,361
09391 Tórtoles de Esgueva,España,292
09391 Tórtoles de Esgueva,Extranjero,69
09392 Tosantos,Total,47
09392 Tosantos,España,45
09392 Tosantos,Extranjero,2
09394 Trespaderne,Total,722
09394 Trespaderne,España,645
09394 Trespaderne,Extranjero,77
09395 Tubilla del Agua,Total,126
09395 Tubilla del Agua,España,118
09395 Tubilla del Agua,Extranjero,8
09396 Tubilla del Lago,Total,166
09396 Tubilla del Lago,España,142
09396 Tubilla del Lago,Extranjero,24
09398 Úrbel del Castillo,Total,53
09398 Úrbel del Castillo,España,53
09398 Úrbel del Castillo,Extranjero,0
09400 Vadocondes,Total,368
09400 Vadocondes,España,332
09400 Vadocondes,Extranjero,36
09403 Valdeande,Total,103
09403 Valdeande,España,98
09403 Valdeande,Extranjero,5
09405 Valdezate,Total,115
09405 Valdezate,España,110
09405 Valdezate,Extranjero,5
09406 Valdorros,Total,372
09406 Valdorros,España,320
09406 Valdorros,Extranjero,52
09407 Valmala,Total,23
09407 Valmala,España,22
09407 Valmala,Extranjero,1
09408 Vallarta de Bureba,Total,41
09408 Vallarta de Bureba,España,40
09408 Vallarta de Bureba,Extranjero,1
09409 Valle de Manzanedo,Total,116
09409 Valle de Manzanedo,España,107
09409 Valle de Manzanedo,Extranjero,9
09410 Valle de Mena,Total,4.168
09410 Valle de Mena,España,3.618
09410 Valle de Mena,Extranjero,550
09411 Valle de Oca,Total,163
09411 Valle de Oca,España,149
09411 Valle de Oca,Extranjero,14
09412 Valle de Tobalina,Total,878
09412 Valle de Tobalina,España,787
09412 Valle de Tobalina,Extranjero,91
09413 Valle de Valdebezana,Total,480
09413 Valle de Valdebezana,España,438
09413 Valle de Valdebezana,Extranjero,42
09414 Valle de Valdelaguna,Total,186
09414 Valle de Valdelaguna,España,174
09414 Valle de Valdelaguna,Extranjero,12
09415 Valle de Valdelucio,Total,341
09415 Valle de Valdelucio,España,303
09415 Valle de Valdelucio,Extranjero,38
09416 Valle de Zamanzas,Total,46
09416 Valle de Zamanzas,España,44
09416 Valle de Zamanzas,Extranjero,2
09417 Vallejera,Total,38
09417 Vallejera,España,38
09417 Vallejera,Extranjero,0
09418 Valles de Palenzuela,Total,74
09418 Valles de Palenzuela,España,72
09418 Valles de Palenzuela,Extranjero,2
09419 Valluércanes,Total,70
09419 Valluércanes,España,68
09419 Valluércanes,Extranjero,2
"09421 Vid y Barrios, La",Total,237
"09421 Vid y Barrios, La",España,233
"09421 Vid y Barrios, La",Extranjero,4
"09422 Vid de Bureba, La",Total,26
"09422 Vid de Bureba, La",España,24
"09422 Vid de Bureba, La",Extranjero,2
09423 Vileña,Total,23
09423 Vileña,España,23
09423 Vileña,Extranjero,0
09424 Viloria de Rioja,Total,38
09424 Viloria de Rioja,España,34
09424 Viloria de Rioja,Extranjero,4
09425 Vilviestre del Pinar,Total,511
09425 Vilviestre del Pinar,España,471
09425 Vilviestre del Pinar,Extranjero,40
09427 Villadiego,Total,1.454
09427 Villadiego,España,1.310
09427 Villadiego,Extranjero,144
09428 Villaescusa de Roa,Total,96
09428 Villaescusa de Roa,España,89
09428 Villaescusa de Roa,Extranjero,7
09429 Villaescusa la Sombría,Total,60
09429 Villaescusa la Sombría,España,47
09429 Villaescusa la Sombría,Extranjero,13
09430 Villaespasa,Total,21
09430 Villaespasa,España,17
09430 Villaespasa,Extranjero,4
09431 Villafranca Montes de Oca,Total,117
09431 Villafranca Montes de Oca,España,113
09431 Villafranca Montes de Oca,Extranjero,4
09432 Villafruela,Total,140
09432 Villafruela,España,139
09432 Villafruela,Extranjero,1
09433 Villagalijo,Total,52
09433 Villagalijo,España,52
09433 Villagalijo,Extranjero,0
09434 Villagonzalo Pedernales,Total,1.901
09434 Villagonzalo Pedernales,España,1.736
09434 Villagonzalo Pedernales,Extranjero,165
09437 Villahoz,Total,262
09437 Villahoz,España,251
09437 Villahoz,Extranjero,11
09438 Villalba de Duero,Total,731
09438 Villalba de Duero,España,665
09438 Villalba de Duero,Extranjero,66
09439 Villalbilla de Burgos,Total,1.554
09439 Villalbilla de Burgos,España,1.368
09439 Villalbilla de Burgos,Extranjero,186
09440 Villalbilla de Gumiel,Total,73
09440 Villalbilla de Gumiel,España,68
09440 Villalbilla de Gumiel,Extranjero,5
09441 Villaldemiro,Total,92
09441 Villaldemiro,España,91
09441 Villaldemiro,Extranjero,1
09442 Villalmanzo,Total,409
09442 Villalmanzo,España,376
09442 Villalmanzo,Extranjero,33
09443 Villamayor de los Montes,Total,158
09443 Villamayor de los Montes,España,146
09443 Villamayor de los Montes,Extranjero,12
09444 Villamayor de Treviño,Total,59
09444 Villamayor de Treviño,España,57
09444 Villamayor de Treviño,Extranjero,2
09445 Villambistia,Total,44
09445 Villambistia,España,42
09445 Villambistia,Extranjero,2
09446 Villamedianilla,Total,9
09446 Villamedianilla,España,9
09446 Villamedianilla,Extranjero,0
09447 Villamiel de la Sierra,Total,43
09447 Villamiel de la Sierra,España,42
09447 Villamiel de la Sierra,Extranjero,1
09448 Villangómez,Total,230
09448 Villangómez,España,206
09448 Villangómez,Extranjero,24
09449 Villanueva de Argaño,Total,117
09449 Villanueva de Argaño,España,110
09449 Villanueva de Argaño,Extranjero,7
09450 Villanueva de Carazo,Total,24
09450 Villanueva de Carazo,España,23
09450 Villanueva de Carazo,Extranjero,1
09451 Villanueva de Gumiel,Total,280
09451 Villanueva de Gumiel,España,252
09451 Villanueva de Gumiel,Extranjero,28
09454 Villanueva de Teba,Total,43
09454 Villanueva de Teba,España,42
09454 Villanueva de Teba,Extranjero,1
09455 Villaquirán de la Puebla,Total,45
09455 Villaquirán de la Puebla,España,41
09455 Villaquirán de la Puebla,Extranjero,4
09456 Villaquirán de los Infantes,Total,153
09456 Villaquirán de los Infantes,España,128
09456 Villaquirán de los Infantes,Extranjero,25
09458 Villariezo,Total,735
09458 Villariezo,España,695
09458 Villariezo,Extranjero,40
09460 Villasandino,Total,178
09460 Villasandino,España,171
09460 Villasandino,Extranjero,7
09463 Villasur de Herreros,Total,270
09463 Villasur de Herreros,España,259
09463 Villasur de Herreros,Extranjero,11
09464 Villatuelda,Total,42
09464 Villatuelda,España,33
09464 Villatuelda,Extranjero,9
09466 Villaverde del Monte,Total,113
09466 Villaverde del Monte,España,112
09466 Villaverde del Monte,Extranjero,1
09467 Villaverde-Mogina,Total,70
09467 Villaverde-Mogina,España,56
09467 Villaverde-Mogina,Extranjero,14
09471 Villayerno Morquillas,Total,208
09471 Villayerno Morquillas,España,196
09471 Villayerno Morquillas,Extranjero,12
09472 Villazopeque,Total,51
09472 Villazopeque,España,49
09472 Villazopeque,Extranjero,2
09473 Villegas,Total,83
09473 Villegas,España,82
09473 Villegas,Extranjero,1
09476 Villoruebo,Total,62
09476 Villoruebo,España,62
09476 Villoruebo,Extranjero,0
09478 Vizcaínos,Total,41
09478 Vizcaínos,España,40
09478 Vizcaínos,Extranjero,1
09480 Zael,Total,117
09480 Zael,España,116
09480 Zael,Extranjero,1
09482 Zarzosa de Río Pisuerga,Total,29
09482 Zarzosa de Río Pisuerga,España,29
09482 Zarzosa de Río Pisuerga,Extranjero,0
09483 Zazuar,Total,198
09483 Zazuar,España,188
09483 Zazuar,Extranjero,10
09485 Zuñeda,Total,58
09485 Zuñeda,España,56
09485 Zuñeda,Extranjero,2
09901 Quintanilla del Agua y Tordueles,Total,341
09901 Quintanilla del Agua y Tordueles,España,300
09901 Quintanilla del Agua y Tordueles,Extranjero,41
09902 Valle de Santibáñez,Total,481
09902 Valle de Santibáñez,España,457
09902 Valle de Santibáñez,Extranjero,24
09903 Villarcayo de Merindad de Castilla la Vieja,Total,4.082
09903 Villarcayo de Merindad de Castilla la Vieja,España,3.419
09903 Villarcayo de Merindad de Castilla la Vieja,Extranjero,663
09904 Valle de las Navas,Total,551
09904 Valle de las Navas,España,509
09904 Valle de las Navas,Extranjero,42
09905 Valle de Sedano,Total,404
09905 Valle de Sedano,España,376
09905 Valle de Sedano,Extranjero,28
09906 Merindad de Río Ubierna,Total,1.405
09906 Merindad de Río Ubierna,España,1.303
09906 Merindad de Río Ubierna,Extranjero,102
09907 Alfoz de Quintanadueñas,Total,2.160
09907 Alfoz de Quintanadueñas,España,1.982
09907 Alfoz de Quintanadueñas,Extranjero,178
09908 Valle de Losa,Total,486
09908 Valle de Losa,España,445
09908 Valle de Losa,Extranjero,41
10001 Abadía,Total,338
10001 Abadía,España,324
10001 Abadía,Extranjero,14
10002 Abertura,Total,362
10002 Abertura,España,354
10002 Abertura,Extranjero,8
10003 Acebo,Total,574
10003 Acebo,España,534
10003 Acebo,Extranjero,40
10004 Acehúche,Total,808
10004 Acehúche,España,795
10004 Acehúche,Extranjero,13
10005 Aceituna,Total,569
10005 Aceituna,España,540
10005 Aceituna,Extranjero,29
10006 Ahigal,Total,1.342
10006 Ahigal,España,1.310
10006 Ahigal,Extranjero,32
10007 Albalá,Total,649
10007 Albalá,España,621
10007 Albalá,Extranjero,28
10008 Alcántara,Total,1.326
10008 Alcántara,España,1.283
10008 Alcántara,Extranjero,43
10009 Alcollarín,Total,256
10009 Alcollarín,España,236
10009 Alcollarín,Extranjero,20
10010 Alcuéscar,Total,2.462
10010 Alcuéscar,España,2.373
10010 Alcuéscar,Extranjero,89
10011 Aldeacentenera,Total,602
10011 Aldeacentenera,España,555
10011 Aldeacentenera,Extranjero,47
10012 Aldea del Cano,Total,609
10012 Aldea del Cano,España,583
10012 Aldea del Cano,Extranjero,26
"10013 Aldea del Obispo, La",Total,292
"10013 Aldea del Obispo, La",España,253
"10013 Aldea del Obispo, La",Extranjero,39
10014 Aldeanueva de la Vera,Total,1.965
10014 Aldeanueva de la Vera,España,1.892
10014 Aldeanueva de la Vera,Extranjero,73
10015 Aldeanueva del Camino,Total,694
10015 Aldeanueva del Camino,España,645
10015 Aldeanueva del Camino,Extranjero,49
10016 Aldehuela del Jerte,Total,348
10016 Aldehuela del Jerte,España,345
10016 Aldehuela del Jerte,Extranjero,3
10017 Alía,Total,722
10017 Alía,España,691
10017 Alía,Extranjero,31
10018 Aliseda,Total,1.727
10018 Aliseda,España,1.699
10018 Aliseda,Extranjero,28
10019 Almaraz,Total,1.595
10019 Almaraz,España,1.467
10019 Almaraz,Extranjero,128
10020 Almoharín,Total,1.769
10020 Almoharín,España,1.716
10020 Almoharín,Extranjero,53
10021 Arroyo de la Luz,Total,5.495
10021 Arroyo de la Luz,España,5.392
10021 Arroyo de la Luz,Extranjero,103
10022 Arroyomolinos de la Vera,Total,424
10022 Arroyomolinos de la Vera,España,402
10022 Arroyomolinos de la Vera,Extranjero,22
10023 Arroyomolinos,Total,824
10023 Arroyomolinos,España,779
10023 Arroyomolinos,Extranjero,45
10024 Baños de Montemayor,Total,738
10024 Baños de Montemayor,España,695
10024 Baños de Montemayor,Extranjero,43
10025 Barrado,Total,383
10025 Barrado,España,374
10025 Barrado,Extranjero,9
10026 Belvís de Monroy,Total,778
10026 Belvís de Monroy,España,707
10026 Belvís de Monroy,Extranjero,71
10027 Benquerencia,Total,75
10027 Benquerencia,España,70
10027 Benquerencia,Extranjero,5
10028 Berrocalejo,Total,120
10028 Berrocalejo,España,99
10028 Berrocalejo,Extranjero,21
10029 Berzocana,Total,375
10029 Berzocana,España,348
10029 Berzocana,Extranjero,27
10030 Bohonal de Ibor,Total,490
10030 Bohonal de Ibor,España,452
10030 Bohonal de Ibor,Extranjero,38
10031 Botija,Total,185
10031 Botija,España,169
10031 Botija,Extranjero,16
10032 Brozas,Total,1.718
10032 Brozas,España,1.677
10032 Brozas,Extranjero,41
10033 Cabañas del Castillo,Total,407
10033 Cabañas del Castillo,España,392
10033 Cabañas del Castillo,Extranjero,15
10034 Cabezabellosa,Total,316
10034 Cabezabellosa,España,310
10034 Cabezabellosa,Extranjero,6
10035 Cabezuela del Valle,Total,2.092
10035 Cabezuela del Valle,España,1.998
10035 Cabezuela del Valle,Extranjero,94
10036 Cabrero,Total,354
10036 Cabrero,España,332
10036 Cabrero,Extranjero,22
10037 Cáceres,Total,96.598
10037 Cáceres,España,90.156
10037 Cáceres,Extranjero,6.442
10038 Cachorrilla,Total,84
10038 Cachorrilla,España,83
10038 Cachorrilla,Extranjero,1
10039 Cadalso,Total,395
10039 Cadalso,España,380
10039 Cadalso,Extranjero,15
10040 Calzadilla,Total,447
10040 Calzadilla,España,436
10040 Calzadilla,Extranjero,11
10041 Caminomorisco,Total,1.100
10041 Caminomorisco,España,1.060
10041 Caminomorisco,Extranjero,40
10042 Campillo de Deleitosa,Total,84
10042 Campillo de Deleitosa,España,74
10042 Campillo de Deleitosa,Extranjero,10
10043 Campo Lugar,Total,789
10043 Campo Lugar,España,748
10043 Campo Lugar,Extranjero,41
10044 Cañamero,Total,1.579
10044 Cañamero,España,1.500
10044 Cañamero,Extranjero,79
10045 Cañaveral,Total,1.001
10045 Cañaveral,España,978
10045 Cañaveral,Extranjero,23
10046 Carbajo,Total,181
10046 Carbajo,España,179
10046 Carbajo,Extranjero,2
10047 Carcaboso,Total,1.078
10047 Carcaboso,España,1.038
10047 Carcaboso,Extranjero,40
10048 Carrascalejo,Total,222
10048 Carrascalejo,España,203
10048 Carrascalejo,Extranjero,19
10049 Casar de Cáceres,Total,4.514
10049 Casar de Cáceres,España,4.341
10049 Casar de Cáceres,Extranjero,173
10050 Casar de Palomero,Total,993
10050 Casar de Palomero,España,940
10050 Casar de Palomero,Extranjero,53
10051 Casares de las Hurdes,Total,364
10051 Casares de las Hurdes,España,344
10051 Casares de las Hurdes,Extranjero,20
10052 Casas de Don Antonio,Total,167
10052 Casas de Don Antonio,España,160
10052 Casas de Don Antonio,Extranjero,7
10053 Casas de Don Gómez,Total,341
10053 Casas de Don Gómez,España,322
10053 Casas de Don Gómez,Extranjero,19
10054 Casas del Castañar,Total,579
10054 Casas del Castañar,España,564
10054 Casas del Castañar,Extranjero,15
10055 Casas del Monte,Total,764
10055 Casas del Monte,España,743
10055 Casas del Monte,Extranjero,21
10056 Casas de Millán,Total,538
10056 Casas de Millán,España,508
10056 Casas de Millán,Extranjero,30
10057 Casas de Miravete,Total,106
10057 Casas de Miravete,España,106
10057 Casas de Miravete,Extranjero,0
10058 Casatejada,Total,1.390
10058 Casatejada,España,1.073
10058 Casatejada,Extranjero,317
10059 Casillas de Coria,Total,354
10059 Casillas de Coria,España,351
10059 Casillas de Coria,Extranjero,3
10060 Castañar de Ibor,Total,1.027
10060 Castañar de Ibor,España,933
10060 Castañar de Ibor,Extranjero,94
10061 Ceclavín,Total,1.769
10061 Ceclavín,España,1.746
10061 Ceclavín,Extranjero,23
10062 Cedillo,Total,452
10062 Cedillo,España,441
10062 Cedillo,Extranjero,11
10063 Cerezo,Total,148
10063 Cerezo,España,148
10063 Cerezo,Extranjero,0
10064 Cilleros,Total,1.548
10064 Cilleros,España,1.497
10064 Cilleros,Extranjero,51
10065 Collado de la Vera,Total,276
10065 Collado de la Vera,España,260
10065 Collado de la Vera,Extranjero,16
10066 Conquista de la Sierra,Total,192
10066 Conquista de la Sierra,España,175
10066 Conquista de la Sierra,Extranjero,17
10067 Coria,Total,12.004
10067 Coria,España,11.330
10067 Coria,Extranjero,674
10068 Cuacos de Yuste,Total,809
10068 Cuacos de Yuste,España,756
10068 Cuacos de Yuste,Extranjero,53
"10069 Cumbre, La",Total,817
"10069 Cumbre, La",España,795
"10069 Cumbre, La",Extranjero,22
10070 Deleitosa,Total,686
10070 Deleitosa,España,621
10070 Deleitosa,Extranjero,65
10071 Descargamaría,Total,105
10071 Descargamaría,España,103
10071 Descargamaría,Extranjero,2
10072 Eljas,Total,826
10072 Eljas,España,775
10072 Eljas,Extranjero,51
10073 Escurial,Total,854
10073 Escurial,España,832
10073 Escurial,Extranjero,22
10075 Fresnedoso de Ibor,Total,236
10075 Fresnedoso de Ibor,España,213
10075 Fresnedoso de Ibor,Extranjero,23
10076 Galisteo,Total,857
10076 Galisteo,España,802
10076 Galisteo,Extranjero,55
10077 Garciaz,Total,665
10077 Garciaz,España,634
10077 Garciaz,Extranjero,31
"10078 Garganta, La",Total,355
"10078 Garganta, La",España,335
"10078 Garganta, La",Extranjero,20
10079 Garganta la Olla,Total,878
10079 Garganta la Olla,España,850
10079 Garganta la Olla,Extranjero,28
10080 Gargantilla,Total,346
10080 Gargantilla,España,334
10080 Gargantilla,Extranjero,12
10081 Gargüera,Total,188
10081 Gargüera,España,181
10081 Gargüera,Extranjero,7
10082 Garrovillas de Alconétar,Total,1.947
10082 Garrovillas de Alconétar,España,1.906
10082 Garrovillas de Alconétar,Extranjero,41
10083 Garvín,Total,111
10083 Garvín,España,100
10083 Garvín,Extranjero,11
10084 Gata,Total,1.341
10084 Gata,España,1.265
10084 Gata,Extranjero,76
"10085 Gordo, El",Total,372
"10085 Gordo, El",España,335
"10085 Gordo, El",Extranjero,37
"10086 Granja, La",Total,314
"10086 Granja, La",España,311
"10086 Granja, La",Extranjero,3
10087 Guadalupe,Total,1.720
10087 Guadalupe,España,1.600
10087 Guadalupe,Extranjero,120
10088 Guijo de Coria,Total,187
10088 Guijo de Coria,España,177
10088 Guijo de Coria,Extranjero,10
10089 Guijo de Galisteo,Total,1.465
10089 Guijo de Galisteo,España,1.440
10089 Guijo de Galisteo,Extranjero,25
10090 Guijo de Granadilla,Total,498
10090 Guijo de Granadilla,España,487
10090 Guijo de Granadilla,Extranjero,11
10091 Guijo de Santa Bárbara,Total,375
10091 Guijo de Santa Bárbara,España,358
10091 Guijo de Santa Bárbara,Extranjero,17
10092 Herguijuela,Total,267
10092 Herguijuela,España,254
10092 Herguijuela,Extranjero,13
10093 Hernán-Pérez,Total,401
10093 Hernán-Pérez,España,384
10093 Hernán-Pérez,Extranjero,17
10094 Herrera de Alcántara,Total,229
10094 Herrera de Alcántara,España,208
10094 Herrera de Alcántara,Extranjero,21
10095 Herreruela,Total,328
10095 Herreruela,España,327
10095 Herreruela,Extranjero,1
10096 Hervás,Total,3.900
10096 Hervás,España,3.671
10096 Hervás,Extranjero,229
10097 Higuera de Albalat,Total,103
10097 Higuera de Albalat,España,102
10097 Higuera de Albalat,Extranjero,1
10098 Hinojal,Total,391
10098 Hinojal,España,388
10098 Hinojal,Extranjero,3
10099 Holguera,Total,587
10099 Holguera,España,576
10099 Holguera,Extranjero,11
10100 Hoyos,Total,850
10100 Hoyos,España,812
10100 Hoyos,Extranjero,38
10101 Huélaga,Total,205
10101 Huélaga,España,199
10101 Huélaga,Extranjero,6
10102 Ibahernando,Total,540
10102 Ibahernando,España,520
10102 Ibahernando,Extranjero,20
10103 Jaraicejo,Total,418
10103 Jaraicejo,España,405
10103 Jaraicejo,Extranjero,13
10104 Jaraíz de la Vera,Total,6.835
10104 Jaraíz de la Vera,España,5.755
10104 Jaraíz de la Vera,Extranjero,1.080
10105 Jarandilla de la Vera,Total,2.895
10105 Jarandilla de la Vera,España,2.659
10105 Jarandilla de la Vera,Extranjero,236
10106 Jarilla,Total,128
10106 Jarilla,España,123
10106 Jarilla,Extranjero,5
10107 Jerte,Total,1.199
10107 Jerte,España,1.113
10107 Jerte,Extranjero,86
10108 Ladrillar,Total,179
10108 Ladrillar,España,175
10108 Ladrillar,Extranjero,4
10109 Logrosán,Total,1.856
10109 Logrosán,España,1.803
10109 Logrosán,Extranjero,53
10110 Losar de la Vera,Total,2.804
10110 Losar de la Vera,España,2.396
10110 Losar de la Vera,Extranjero,408
10111 Madrigal de la Vera,Total,1.534
10111 Madrigal de la Vera,España,1.366
10111 Madrigal de la Vera,Extranjero,168
10112 Madrigalejo,Total,1.707
10112 Madrigalejo,España,1.602
10112 Madrigalejo,Extranjero,105
10113 Madroñera,Total,2.358
10113 Madroñera,España,2.271
10113 Madroñera,Extranjero,87
10114 Majadas,Total,1.272
10114 Majadas,España,1.050
10114 Majadas,Extranjero,222
10115 Malpartida de Cáceres,Total,4.024
10115 Malpartida de Cáceres,España,3.905
10115 Malpartida de Cáceres,Extranjero,119
10116 Malpartida de Plasencia,Total,4.664
10116 Malpartida de Plasencia,España,4.395
10116 Malpartida de Plasencia,Extranjero,269
10117 Marchagaz,Total,231
10117 Marchagaz,España,216
10117 Marchagaz,Extranjero,15
10118 Mata de Alcántara,Total,302
10118 Mata de Alcántara,España,300
10118 Mata de Alcántara,Extranjero,2
10119 Membrío,Total,594
10119 Membrío,España,574
10119 Membrío,Extranjero,20
10120 Mesas de Ibor,Total,146
10120 Mesas de Ibor,España,136
10120 Mesas de Ibor,Extranjero,10
10121 Miajadas,Total,9.393
10121 Miajadas,España,8.989
10121 Miajadas,Extranjero,404
10122 Millanes,Total,243
10122 Millanes,España,227
10122 Millanes,Extranjero,16
10123 Mirabel,Total,620
10123 Mirabel,España,603
10123 Mirabel,Extranjero,17
10124 Mohedas de Granadilla,Total,825
10124 Mohedas de Granadilla,España,793
10124 Mohedas de Granadilla,Extranjero,32
10125 Monroy,Total,909
10125 Monroy,España,893
10125 Monroy,Extranjero,16
10126 Montánchez,Total,1.595
10126 Montánchez,España,1.525
10126 Montánchez,Extranjero,70
10127 Montehermoso,Total,5.571
10127 Montehermoso,España,5.415
10127 Montehermoso,Extranjero,156
10128 Moraleja,Total,6.566
10128 Moraleja,España,6.232
10128 Moraleja,Extranjero,334
10129 Morcillo,Total,378
10129 Morcillo,España,370
10129 Morcillo,Extranjero,8
10130 Navaconcejo,Total,2.039
10130 Navaconcejo,España,1.920
10130 Navaconcejo,Extranjero,119
10131 Navalmoral de la Mata,Total,17.297
10131 Navalmoral de la Mata,España,14.369
10131 Navalmoral de la Mata,Extranjero,2.928
10132 Navalvillar de Ibor,Total,376
10132 Navalvillar de Ibor,España,363
10132 Navalvillar de Ibor,Extranjero,13
10133 Navas del Madroño,Total,1.254
10133 Navas del Madroño,España,1.235
10133 Navas del Madroño,Extranjero,19
10134 Navezuelas,Total,668
10134 Navezuelas,España,638
10134 Navezuelas,Extranjero,30
10135 Nuñomoral,Total,1.189
10135 Nuñomoral,España,1.143
10135 Nuñomoral,Extranjero,46
10136 Oliva de Plasencia,Total,294
10136 Oliva de Plasencia,España,286
10136 Oliva de Plasencia,Extranjero,8
10137 Palomero,Total,449
10137 Palomero,España,418
10137 Palomero,Extranjero,31
10138 Pasarón de la Vera,Total,590
10138 Pasarón de la Vera,España,550
10138 Pasarón de la Vera,Extranjero,40
10139 Pedroso de Acim,Total,101
10139 Pedroso de Acim,España,96
10139 Pedroso de Acim,Extranjero,5
10140 Peraleda de la Mata,Total,1.445
10140 Peraleda de la Mata,España,1.241
10140 Peraleda de la Mata,Extranjero,204
10141 Peraleda de San Román,Total,269
10141 Peraleda de San Román,España,256
10141 Peraleda de San Román,Extranjero,13
10142 Perales del Puerto,Total,877
10142 Perales del Puerto,España,832
10142 Perales del Puerto,Extranjero,45
10143 Pescueza,Total,149
10143 Pescueza,España,144
10143 Pescueza,Extranjero,5
"10144 Pesga, La",Total,948
"10144 Pesga, La",España,931
"10144 Pesga, La",Extranjero,17
10145 Piedras Albas,Total,124
10145 Piedras Albas,España,112
10145 Piedras Albas,Extranjero,12
10146 Pinofranqueado,Total,1.785
10146 Pinofranqueado,España,1.705
10146 Pinofranqueado,Extranjero,80
10147 Piornal,Total,1.439
10147 Piornal,España,1.411
10147 Piornal,Extranjero,28
10148 Plasencia,Total,40.224
10148 Plasencia,España,37.264
10148 Plasencia,Extranjero,2.960
10149 Plasenzuela,Total,533
10149 Plasenzuela,España,501
10149 Plasenzuela,Extranjero,32
10150 Portaje,Total,377
10150 Portaje,España,374
10150 Portaje,Extranjero,3
10151 Portezuelo,Total,198
10151 Portezuelo,España,194
10151 Portezuelo,Extranjero,4
10152 Pozuelo de Zarzón,Total,431
10152 Pozuelo de Zarzón,España,417
10152 Pozuelo de Zarzón,Extranjero,14
10153 Puerto de Santa Cruz,Total,266
10153 Puerto de Santa Cruz,España,263
10153 Puerto de Santa Cruz,Extranjero,3
10154 Rebollar,Total,203
10154 Rebollar,España,191
10154 Rebollar,Extranjero,12
10155 Riolobos,Total,1.174
10155 Riolobos,España,1.160
10155 Riolobos,Extranjero,14
10156 Robledillo de Gata,Total,89
10156 Robledillo de Gata,España,88
10156 Robledillo de Gata,Extranjero,1
10157 Robledillo de la Vera,Total,251
10157 Robledillo de la Vera,España,239
10157 Robledillo de la Vera,Extranjero,12
10158 Robledillo de Trujillo,Total,394
10158 Robledillo de Trujillo,España,367
10158 Robledillo de Trujillo,Extranjero,27
10159 Robledollano,Total,325
10159 Robledollano,España,293
10159 Robledollano,Extranjero,32
10160 Romangordo,Total,240
10160 Romangordo,España,234
10160 Romangordo,Extranjero,6
10161 Ruanes,Total,83
10161 Ruanes,España,78
10161 Ruanes,Extranjero,5
10162 Salorino,Total,525
10162 Salorino,España,511
10162 Salorino,Extranjero,14
10163 Salvatierra de Santiago,Total,229
10163 Salvatierra de Santiago,España,225
10163 Salvatierra de Santiago,Extranjero,4
10164 San Martín de Trevejo,Total,697
10164 San Martín de Trevejo,España,659
10164 San Martín de Trevejo,Extranjero,38
10165 Santa Ana,Total,303
10165 Santa Ana,España,289
10165 Santa Ana,Extranjero,14
10166 Santa Cruz de la Sierra,Total,316
10166 Santa Cruz de la Sierra,España,306
10166 Santa Cruz de la Sierra,Extranjero,10
10167 Santa Cruz de Paniagua,Total,286
10167 Santa Cruz de Paniagua,España,279
10167 Santa Cruz de Paniagua,Extranjero,7
10168 Santa Marta de Magasca,Total,293
10168 Santa Marta de Magasca,España,291
10168 Santa Marta de Magasca,Extranjero,2
10169 Santiago de Alcántara,Total,450
10169 Santiago de Alcántara,España,437
10169 Santiago de Alcántara,Extranjero,13
10170 Santiago del Campo,Total,251
10170 Santiago del Campo,España,245
10170 Santiago del Campo,Extranjero,6
10171 Santibáñez el Alto,Total,393
10171 Santibáñez el Alto,España,365
10171 Santibáñez el Alto,Extranjero,28
10172 Santibáñez el Bajo,Total,713
10172 Santibáñez el Bajo,España,698
10172 Santibáñez el Bajo,Extranjero,15
10173 Saucedilla,Total,1.006
10173 Saucedilla,España,780
10173 Saucedilla,Extranjero,226
10174 Segura de Toro,Total,192
10174 Segura de Toro,España,181
10174 Segura de Toro,Extranjero,11
10175 Serradilla,Total,1.462
10175 Serradilla,España,1.411
10175 Serradilla,Extranjero,51
10176 Serrejón,Total,408
10176 Serrejón,España,370
10176 Serrejón,Extranjero,38
10177 Sierra de Fuentes,Total,2.080
10177 Sierra de Fuentes,España,2.005
10177 Sierra de Fuentes,Extranjero,75
10178 Talaván,Total,776
10178 Talaván,España,764
10178 Talaván,Extranjero,12
10179 Talaveruela de la Vera,Total,303
10179 Talaveruela de la Vera,España,262
10179 Talaveruela de la Vera,Extranjero,41
10180 Talayuela,Total,7.425
10180 Talayuela,España,5.265
10180 Talayuela,Extranjero,2.160
10181 Tejeda de Tiétar,Total,761
10181 Tejeda de Tiétar,España,744
10181 Tejeda de Tiétar,Extranjero,17
10182 Toril,Total,153
10182 Toril,España,110
10182 Toril,Extranjero,43
10183 Tornavacas,Total,1.007
10183 Tornavacas,España,963
10183 Tornavacas,Extranjero,44
"10184 Torno, El",Total,804
"10184 Torno, El",España,743
"10184 Torno, El",Extranjero,61
10185 Torrecilla de los Ángeles,Total,637
10185 Torrecilla de los Ángeles,España,600
10185 Torrecilla de los Ángeles,Extranjero,37
10186 Torrecillas de la Tiesa,Total,1.036
10186 Torrecillas de la Tiesa,España,1.005
10186 Torrecillas de la Tiesa,Extranjero,31
10187 Torre de Don Miguel,Total,480
10187 Torre de Don Miguel,España,446
10187 Torre de Don Miguel,Extranjero,34
10188 Torre de Santa María,Total,508
10188 Torre de Santa María,España,487
10188 Torre de Santa María,Extranjero,21
10189 Torrejoncillo,Total,2.757
10189 Torrejoncillo,España,2.708
10189 Torrejoncillo,Extranjero,49
10190 Torrejón el Rubio,Total,543
10190 Torrejón el Rubio,España,531
10190 Torrejón el Rubio,Extranjero,12
10191 Torremenga,Total,620
10191 Torremenga,España,566
10191 Torremenga,Extranjero,54
10192 Torremocha,Total,751
10192 Torremocha,España,704
10192 Torremocha,Extranjero,47
10193 Torreorgaz,Total,1.644
10193 Torreorgaz,España,1.589
10193 Torreorgaz,Extranjero,55
10194 Torrequemada,Total,566
10194 Torrequemada,España,539
10194 Torrequemada,Extranjero,27
10195 Trujillo,Total,8.660
10195 Trujillo,España,8.190
10195 Trujillo,Extranjero,470
10196 Valdastillas,Total,335
10196 Valdastillas,España,310
10196 Valdastillas,Extranjero,25
10197 Valdecañas de Tajo,Total,98
10197 Valdecañas de Tajo,España,91
10197 Valdecañas de Tajo,Extranjero,7
10198 Valdefuentes,Total,1.079
10198 Valdefuentes,España,1.051
10198 Valdefuentes,Extranjero,28
10199 Valdehúncar,Total,189
10199 Valdehúncar,España,184
10199 Valdehúncar,Extranjero,5
10200 Valdelacasa de Tajo,Total,336
10200 Valdelacasa de Tajo,España,303
10200 Valdelacasa de Tajo,Extranjero,33
10201 Valdemorales,Total,218
10201 Valdemorales,España,209
10201 Valdemorales,Extranjero,9
10202 Valdeobispo,Total,616
10202 Valdeobispo,España,598
10202 Valdeobispo,Extranjero,18
10203 Valencia de Alcántara,Total,5.140
10203 Valencia de Alcántara,España,4.750
10203 Valencia de Alcántara,Extranjero,390
10204 Valverde de la Vera,Total,431
10204 Valverde de la Vera,España,385
10204 Valverde de la Vera,Extranjero,46
10205 Valverde del Fresno,Total,2.160
10205 Valverde del Fresno,España,2.003
10205 Valverde del Fresno,Extranjero,157
10206 Viandar de la Vera,Total,216
10206 Viandar de la Vera,España,201
10206 Viandar de la Vera,Extranjero,15
10207 Villa del Campo,Total,434
10207 Villa del Campo,España,429
10207 Villa del Campo,Extranjero,5
10208 Villa del Rey,Total,118
10208 Villa del Rey,España,117
10208 Villa del Rey,Extranjero,1
10209 Villamesías,Total,274
10209 Villamesías,España,255
10209 Villamesías,Extranjero,19
10210 Villamiel,Total,416
10210 Villamiel,España,409
10210 Villamiel,Extranjero,7
10211 Villanueva de la Sierra,Total,475
10211 Villanueva de la Sierra,España,464
10211 Villanueva de la Sierra,Extranjero,11
10212 Villanueva de la Vera,Total,2.108
10212 Villanueva de la Vera,España,1.856
10212 Villanueva de la Vera,Extranjero,252
10213 Villar del Pedroso,Total,549
10213 Villar del Pedroso,España,487
10213 Villar del Pedroso,Extranjero,62
10214 Villar de Plasencia,Total,225
10214 Villar de Plasencia,España,221
10214 Villar de Plasencia,Extranjero,4
10215 Villasbuenas de Gata,Total,483
10215 Villasbuenas de Gata,España,458
10215 Villasbuenas de Gata,Extranjero,25
10216 Zarza de Granadilla,Total,1.816
10216 Zarza de Granadilla,España,1.739
10216 Zarza de Granadilla,Extranjero,77
10217 Zarza de Montánchez,Total,506
10217 Zarza de Montánchez,España,490
10217 Zarza de Montánchez,Extranjero,16
10218 Zarza la Mayor,Total,1.109
10218 Zarza la Mayor,España,1.054
10218 Zarza la Mayor,Extranjero,55
10219 Zorita,Total,1.227
10219 Zorita,España,1.160
10219 Zorita,Extranjero,67
10901 Rosalejo,Total,1.301
10901 Rosalejo,España,1.214
10901 Rosalejo,Extranjero,87
10902 Vegaviana,Total,840
10902 Vegaviana,España,824
10902 Vegaviana,Extranjero,16
10903 Alagón del Río,Total,919
10903 Alagón del Río,España,897
10903 Alagón del Río,Extranjero,22
10904 Tiétar,Total,837
10904 Tiétar,España,793
10904 Tiétar,Extranjero,44
10905 Pueblonuevo de Miramontes,Total,753
10905 Pueblonuevo de Miramontes,España,686
10905 Pueblonuevo de Miramontes,Extranjero,67
11001 Alcalá de los Gazules,Total,5.242
11001 Alcalá de los Gazules,España,5.050
11001 Alcalá de los Gazules,Extranjero,192
11002 Alcalá del Valle,Total,4.867
11002 Alcalá del Valle,España,4.666
11002 Alcalá del Valle,Extranjero,201
11003 Algar,Total,1.453
11003 Algar,España,1.353
11003 Algar,Extranjero,100
11004 Algeciras,Total,126.500
11004 Algeciras,España,108.044
11004 Algeciras,Extranjero,18.456
11005 Algodonales,Total,5.422
11005 Algodonales,España,5.097
11005 Algodonales,Extranjero,325
11006 Arcos de la Frontera,Total,31.281
11006 Arcos de la Frontera,España,29.898
11006 Arcos de la Frontera,Extranjero,1.383
11007 Barbate,Total,22.686
11007 Barbate,España,21.466
11007 Barbate,Extranjero,1.220
"11008 Barrios, Los",Total,24.588
"11008 Barrios, Los",España,22.726
"11008 Barrios, Los",Extranjero,1.862
11009 Benaocaz,Total,748
11009 Benaocaz,España,705
11009 Benaocaz,Extranjero,43
11010 Bornos,Total,7.506
11010 Bornos,España,7.271
11010 Bornos,Extranjero,235
"11011 Bosque, El",Total,2.244
"11011 Bosque, El",España,2.108
"11011 Bosque, El",Extranjero,136
11012 Cádiz,Total,110.123
11012 Cádiz,España,104.890
11012 Cádiz,Extranjero,5.233
11013 Castellar de la Frontera,Total,2.996
11013 Castellar de la Frontera,España,2.770
11013 Castellar de la Frontera,Extranjero,226
11014 Conil de la Frontera,Total,24.133
11014 Conil de la Frontera,España,21.902
11014 Conil de la Frontera,Extranjero,2.231
11015 Chiclana de la Frontera,Total,90.997
11015 Chiclana de la Frontera,España,84.289
11015 Chiclana de la Frontera,Extranjero,6.708
11016 Chipiona,Total,20.078
11016 Chipiona,España,19.032
11016 Chipiona,Extranjero,1.046
11017 Espera,Total,3.753
11017 Espera,España,3.694
11017 Espera,Extranjero,59
"11018 Gastor, El",Total,1.687
"11018 Gastor, El",España,1.566
"11018 Gastor, El",Extranjero,121
11019 Grazalema,Total,1.987
11019 Grazalema,España,1.901
11019 Grazalema,Extranjero,86
11020 Jerez de la Frontera,Total,215.025
11020 Jerez de la Frontera,España,201.621
11020 Jerez de la Frontera,Extranjero,13.404
11021 Jimena de la Frontera,Total,6.830
11021 Jimena de la Frontera,España,5.753
11021 Jimena de la Frontera,Extranjero,1.077
"11022 Línea de la Concepción, La",Total,65.420
"11022 Línea de la Concepción, La",España,56.255
"11022 Línea de la Concepción, La",Extranjero,9.165
11023 Medina Sidonia,Total,11.870
11023 Medina Sidonia,España,11.413
11023 Medina Sidonia,Extranjero,457
11024 Olvera,Total,7.838
11024 Olvera,España,7.327
11024 Olvera,Extranjero,511
11025 Paterna de Rivera,Total,5.546
11025 Paterna de Rivera,España,5.391
11025 Paterna de Rivera,Extranjero,155
11026 Prado del Rey,Total,5.738
11026 Prado del Rey,España,5.477
11026 Prado del Rey,Extranjero,261
"11027 Puerto de Santa María, El",Total,90.242
"11027 Puerto de Santa María, El",España,83.660
"11027 Puerto de Santa María, El",Extranjero,6.582
11028 Puerto Real,Total,42.472
11028 Puerto Real,España,40.111
11028 Puerto Real,Extranjero,2.361
11029 Puerto Serrano,Total,6.860
11029 Puerto Serrano,España,6.745
11029 Puerto Serrano,Extranjero,115
11030 Rota,Total,29.620
11030 Rota,España,27.175
11030 Rota,Extranjero,2.445
11031 San Fernando,Total,93.490
11031 San Fernando,España,90.325
11031 San Fernando,Extranjero,3.165
11032 Sanlúcar de Barrameda,Total,69.952
11032 Sanlúcar de Barrameda,España,67.531
11032 Sanlúcar de Barrameda,Extranjero,2.421
11033 San Roque,Total,34.873
11033 San Roque,España,27.377
11033 San Roque,Extranjero,7.496
11034 Setenil de las Bodegas,Total,2.637
11034 Setenil de las Bodegas,España,2.519
11034 Setenil de las Bodegas,Extranjero,118
11035 Tarifa,Total,18.627
11035 Tarifa,España,16.266
11035 Tarifa,Extranjero,2.361
11036 Torre Alháquime,Total,781
11036 Torre Alháquime,España,761
11036 Torre Alháquime,Extranjero,20
11037 Trebujena,Total,7.009
11037 Trebujena,España,6.726
11037 Trebujena,Extranjero,283
11038 Ubrique,Total,16.624
11038 Ubrique,España,15.634
11038 Ubrique,Extranjero,990
11039 Vejer de la Frontera,Total,13.117
11039 Vejer de la Frontera,España,12.263
11039 Vejer de la Frontera,Extranjero,854
11040 Villaluenga del Rosario,Total,464
11040 Villaluenga del Rosario,España,452
11040 Villaluenga del Rosario,Extranjero,12
11041 Villamartín,Total,12.264
11041 Villamartín,España,11.772
11041 Villamartín,Extranjero,492
11042 Zahara,Total,1.354
11042 Zahara,España,1.291
11042 Zahara,Extranjero,63
11901 Benalup-Casas Viejas,Total,7.281
11901 Benalup-Casas Viejas,España,7.023
11901 Benalup-Casas Viejas,Extranjero,258
11902 San José del Valle,Total,4.417
11902 San José del Valle,España,4.296
11902 San José del Valle,Extranjero,121
11903 San Martín del Tesorillo,Total,2.778
11903 San Martín del Tesorillo,España,2.169
11903 San Martín del Tesorillo,Extranjero,609
12001 Atzeneta del Maestrat,Total,1.282
12001 Atzeneta del Maestrat,España,1.130
12001 Atzeneta del Maestrat,Extranjero,152
12002 Aín,Total,133
12002 Aín,España,129
12002 Aín,Extranjero,4
12003 Albocàsser,Total,1.370
12003 Albocàsser,España,1.120
12003 Albocàsser,Extranjero,250
12004 Alcalà de Xivert,Total,7.489
12004 Alcalà de Xivert,España,4.977
12004 Alcalà de Xivert,Extranjero,2.512
"12005 Alcora, l'",Total,10.646
"12005 Alcora, l'",España,9.393
"12005 Alcora, l'",Extranjero,1.253
12006 Alcudia de Veo,Total,203
12006 Alcudia de Veo,España,194
12006 Alcudia de Veo,Extranjero,9
12007 Alfondeguilla,Total,881
12007 Alfondeguilla,España,814
12007 Alfondeguilla,Extranjero,67
12008 Algimia de Almonacid,Total,251
12008 Algimia de Almonacid,España,222
12008 Algimia de Almonacid,Extranjero,29
12009 Almassora,Total,29.094
12009 Almassora,España,22.793
12009 Almassora,Extranjero,6.301
12010 Almedíjar,Total,289
12010 Almedíjar,España,269
12010 Almedíjar,Extranjero,20
12011 Almenara,Total,6.846
12011 Almenara,España,5.653
12011 Almenara,Extranjero,1.193
12012 Altura,Total,3.912
12012 Altura,España,3.269
12012 Altura,Extranjero,643
12013 Arañuel,Total,149
12013 Arañuel,España,134
12013 Arañuel,Extranjero,15
12014 Ares del Maestrat,Total,182
12014 Ares del Maestrat,España,178
12014 Ares del Maestrat,Extranjero,4
12015 Argelita,Total,142
12015 Argelita,España,133
12015 Argelita,Extranjero,9
12016 Artana,Total,1.992
12016 Artana,España,1.815
12016 Artana,Extranjero,177
12017 Ayódar,Total,176
12017 Ayódar,España,161
12017 Ayódar,Extranjero,15
12018 Azuébar,Total,359
12018 Azuébar,España,335
12018 Azuébar,Extranjero,24
12020 Barracas,Total,193
12020 Barracas,España,151
12020 Barracas,Extranjero,42
12021 Betxí,Total,5.697
12021 Betxí,España,5.176
12021 Betxí,Extranjero,521
12022 Bejís,Total,400
12022 Bejís,España,347
12022 Bejís,Extranjero,53
12024 Benafer,Total,169
12024 Benafer,España,155
12024 Benafer,Extranjero,14
12025 Benafigos,Total,121
12025 Benafigos,España,107
12025 Benafigos,Extranjero,14
12026 Benassal,Total,1.047
12026 Benassal,España,920
12026 Benassal,Extranjero,127
12027 Benicarló,Total,30.394
12027 Benicarló,España,20.936
12027 Benicarló,Extranjero,9.458
12028 Benicàssim/Benicasim,Total,20.586
12028 Benicàssim/Benicasim,España,16.825
12028 Benicàssim/Benicasim,Extranjero,3.761
12029 Benlloc,Total,1.146
12029 Benlloc,España,861
12029 Benlloc,Extranjero,285
12031 Borriol,Total,6.006
12031 Borriol,España,5.131
12031 Borriol,Extranjero,875
12032 Borriana/Burriana,Total,37.803
12032 Borriana/Burriana,España,28.676
12032 Borriana/Burriana,Extranjero,9.127
12033 Cabanes,Total,3.491
12033 Cabanes,España,2.521
12033 Cabanes,Extranjero,970
12034 Càlig,Total,2.062
12034 Càlig,España,1.666
12034 Càlig,Extranjero,396
12036 Canet lo Roig,Total,708
12036 Canet lo Roig,España,608
12036 Canet lo Roig,Extranjero,100
12037 Castell de Cabres,Total,21
12037 Castell de Cabres,España,21
12037 Castell de Cabres,Extranjero,0
12038 Castellfort,Total,178
12038 Castellfort,España,170
12038 Castellfort,Extranjero,8
12039 Castellnovo,Total,911
12039 Castellnovo,España,830
12039 Castellnovo,Extranjero,81
12040 Castelló de la Plana/Castellón de la Plana,Total,183.709
12040 Castelló de la Plana/Castellón de la Plana,España,138.380
12040 Castelló de la Plana/Castellón de la Plana,Extranjero,45.329
12041 Castillo de Villamalefa,Total,113
12041 Castillo de Villamalefa,España,110
12041 Castillo de Villamalefa,Extranjero,3
12042 Catí,Total,740
12042 Catí,España,633
12042 Catí,Extranjero,107
12043 Caudiel,Total,736
12043 Caudiel,España,637
12043 Caudiel,Extranjero,99
12044 Cervera del Maestre,Total,631
12044 Cervera del Maestre,España,433
12044 Cervera del Maestre,Extranjero,198
12045 Cinctorres,Total,431
12045 Cinctorres,España,396
12045 Cinctorres,Extranjero,35
12046 Cirat,Total,220
12046 Cirat,España,202
12046 Cirat,Extranjero,18
12048 Cortes de Arenoso,Total,317
12048 Cortes de Arenoso,España,287
12048 Cortes de Arenoso,Extranjero,30
12049 Costur,Total,510
12049 Costur,España,483
12049 Costur,Extranjero,27
"12050 Coves de Vinromà, les",Total,1.881
"12050 Coves de Vinromà, les",España,1.391
"12050 Coves de Vinromà, les",Extranjero,490
12051 Culla,Total,503
12051 Culla,España,441
12051 Culla,Extranjero,62
12052 Xert,Total,701
12052 Xert,España,586
12052 Xert,Extranjero,115
12053 Chilches/Xilxes,Total,3.186
12053 Chilches/Xilxes,España,2.514
12053 Chilches/Xilxes,Extranjero,672
12055 Xodos/Chodos,Total,107
12055 Xodos/Chodos,España,106
12055 Xodos/Chodos,Extranjero,1
12056 Chóvar,Total,318
12056 Chóvar,España,297
12056 Chóvar,Extranjero,21
12057 Eslida,Total,817
12057 Eslida,España,680
12057 Eslida,Extranjero,137
12058 Espadilla,Total,102
12058 Espadilla,España,93
12058 Espadilla,Extranjero,9
12059 Fanzara,Total,296
12059 Fanzara,España,280
12059 Fanzara,Extranjero,16
12060 Figueroles,Total,526
12060 Figueroles,España,491
12060 Figueroles,Extranjero,35
12061 Forcall,Total,475
12061 Forcall,España,420
12061 Forcall,Extranjero,55
12063 Fuente la Reina,Total,54
12063 Fuente la Reina,España,48
12063 Fuente la Reina,Extranjero,6
12064 Fuentes de Ayódar,Total,98
12064 Fuentes de Ayódar,España,92
12064 Fuentes de Ayódar,Extranjero,6
12065 Gaibiel,Total,200
12065 Gaibiel,España,190
12065 Gaibiel,Extranjero,10
12067 Geldo,Total,666
12067 Geldo,España,585
12067 Geldo,Extranjero,81
12068 Herbers,Total,68
12068 Herbers,España,60
12068 Herbers,Extranjero,8
12069 Higueras,Total,53
12069 Higueras,España,50
12069 Higueras,Extranjero,3
"12070 Jana, la",Total,672
"12070 Jana, la",España,550
"12070 Jana, la",Extranjero,122
12071 Jérica,Total,1.768
12071 Jérica,España,1.569
12071 Jérica,Extranjero,199
12072 Llucena/Lucena del Cid,Total,1.418
12072 Llucena/Lucena del Cid,España,1.205
12072 Llucena/Lucena del Cid,Extranjero,213
12073 Ludiente,Total,166
12073 Ludiente,España,142
12073 Ludiente,Extranjero,24
"12074 Llosa, la",Total,1.032
"12074 Llosa, la",España,903
"12074 Llosa, la",Extranjero,129
"12075 Mata de Morella, la",Total,199
"12075 Mata de Morella, la",España,147
"12075 Mata de Morella, la",Extranjero,52
12076 Matet,Total,94
12076 Matet,España,89
12076 Matet,Extranjero,5
12077 Moncofa,Total,8.345
12077 Moncofa,España,6.405
12077 Moncofa,Extranjero,1.940
12078 Montán,Total,429
12078 Montán,España,395
12078 Montán,Extranjero,34
12079 Montanejos,Total,651
12079 Montanejos,España,489
12079 Montanejos,Extranjero,162
12080 Morella,Total,2.502
12080 Morella,España,2.073
12080 Morella,Extranjero,429
12081 Navajas,Total,926
12081 Navajas,España,748
12081 Navajas,Extranjero,178
12082 Nules,Total,14.382
12082 Nules,España,11.565
12082 Nules,Extranjero,2.817
12083 Olocau del Rey,Total,141
12083 Olocau del Rey,España,105
12083 Olocau del Rey,Extranjero,36
12084 Onda,Total,26.297
12084 Onda,España,21.673
12084 Onda,Extranjero,4.624
12085 Orpesa/Oropesa del Mar,Total,12.483
12085 Orpesa/Oropesa del Mar,España,6.972
12085 Orpesa/Oropesa del Mar,Extranjero,5.511
12087 Palanques,Total,34
12087 Palanques,España,32
12087 Palanques,Extranjero,2
12088 Pavías,Total,73
12088 Pavías,España,72
12088 Pavías,Extranjero,1
12089 Peníscola/Peñíscola,Total,8.748
12089 Peníscola/Peñíscola,España,5.812
12089 Peníscola/Peñíscola,Extranjero,2.936
12090 Pina de Montalgrao,Total,122
12090 Pina de Montalgrao,España,117
12090 Pina de Montalgrao,Extranjero,5
12091 Portell de Morella,Total,155
12091 Portell de Morella,España,150
12091 Portell de Morella,Extranjero,5
12092 Puebla de Arenoso,Total,169
12092 Puebla de Arenoso,España,156
12092 Puebla de Arenoso,Extranjero,13
"12093 Pobla de Benifassà, la",Total,230
"12093 Pobla de Benifassà, la",España,202
"12093 Pobla de Benifassà, la",Extranjero,28
"12094 Pobla Tornesa, la",Total,1.336
"12094 Pobla Tornesa, la",España,1.195
"12094 Pobla Tornesa, la",Extranjero,141
12095 Ribesalbes,Total,1.194
12095 Ribesalbes,España,1.090
12095 Ribesalbes,Extranjero,104
12096 Rossell,Total,908
12096 Rossell,España,811
12096 Rossell,Extranjero,97
12097 Sacañet,Total,67
12097 Sacañet,España,62
12097 Sacañet,Extranjero,5
"12098 Salzadella, la",Total,674
"12098 Salzadella, la",España,574
"12098 Salzadella, la",Extranjero,100
12099 Sant Jordi/San Jorge,Total,1.568
12099 Sant Jordi/San Jorge,España,980
12099 Sant Jordi/San Jorge,Extranjero,588
12100 Sant Mateu,Total,2.010
12100 Sant Mateu,España,1.596
12100 Sant Mateu,Extranjero,414
12101 San Rafael del Río,Total,536
12101 San Rafael del Río,España,430
12101 San Rafael del Río,Extranjero,106
12102 Santa Magdalena de Pulpis,Total,779
12102 Santa Magdalena de Pulpis,España,604
12102 Santa Magdalena de Pulpis,Extranjero,175
"12103 Serratella, la",Total,114
"12103 Serratella, la",España,106
"12103 Serratella, la",Extranjero,8
12104 Segorbe,Total,9.814
12104 Segorbe,España,7.977
12104 Segorbe,Extranjero,1.837
12105 Sierra Engarcerán,Total,1.041
12105 Sierra Engarcerán,España,901
12105 Sierra Engarcerán,Extranjero,140
12106 Soneja,Total,1.531
12106 Soneja,España,1.362
12106 Soneja,Extranjero,169
12107 Sot de Ferrer,Total,488
12107 Sot de Ferrer,España,431
12107 Sot de Ferrer,Extranjero,57
12108 Suera/Sueras,Total,595
12108 Suera/Sueras,España,549
12108 Suera/Sueras,Extranjero,46
12109 Tales,Total,836
12109 Tales,España,782
12109 Tales,Extranjero,54
12110 Teresa,Total,254
12110 Teresa,España,219
12110 Teresa,Extranjero,35
12111 Tírig,Total,417
12111 Tírig,España,351
12111 Tírig,Extranjero,66
12112 Todolella,Total,135
12112 Todolella,España,116
12112 Todolella,Extranjero,19
12113 Toga,Total,107
12113 Toga,España,97
12113 Toga,Extranjero,10
12114 Torás,Total,271
12114 Torás,España,227
12114 Torás,Extranjero,44
"12115 Toro, El",Total,257
"12115 Toro, El",España,229
"12115 Toro, El",Extranjero,28
12116 Torralba del Pinar,Total,57
12116 Torralba del Pinar,España,55
12116 Torralba del Pinar,Extranjero,2
12117 Torreblanca,Total,5.757
12117 Torreblanca,España,4.179
12117 Torreblanca,Extranjero,1.578
12118 Torrechiva,Total,108
12118 Torrechiva,España,95
12118 Torrechiva,Extranjero,13
"12119 Torre d'en Besora, la",Total,164
"12119 Torre d'en Besora, la",España,150
"12119 Torre d'en Besora, la",Extranjero,14
"12120 Torre d'en Doménec, la",Total,176
"12120 Torre d'en Doménec, la",España,145
"12120 Torre d'en Doménec, la",Extranjero,31
12121 Traiguera,Total,1.329
12121 Traiguera,España,1.115
12121 Traiguera,Extranjero,214
"12122 Useres, les/Useras",Total,966
"12122 Useres, les/Useras",España,839
"12122 Useres, les/Useras",Extranjero,127
12123 Vallat,Total,68
12123 Vallat,España,62
12123 Vallat,Extranjero,6
12124 Vall d'Alba,Total,3.203
12124 Vall d'Alba,España,2.342
12124 Vall d'Alba,Extranjero,861
12125 Vall de Almonacid,Total,285
12125 Vall de Almonacid,España,263
12125 Vall de Almonacid,Extranjero,22
"12126 Vall d'Uixó, la",Total,32.220
"12126 Vall d'Uixó, la",España,28.331
"12126 Vall d'Uixó, la",Extranjero,3.889
12127 Vallibona,Total,63
12127 Vallibona,España,61
12127 Vallibona,Extranjero,2
12128 Vilafamés,Total,1.961
12128 Vilafamés,España,1.693
12128 Vilafamés,Extranjero,268
12129 Vilafranca/Villafranca del Cid,Total,2.116
12129 Vilafranca/Villafranca del Cid,España,1.947
12129 Vilafranca/Villafranca del Cid,Extranjero,169
12130 Villahermosa del Río,Total,477
12130 Villahermosa del Río,España,427
12130 Villahermosa del Río,Extranjero,50
12131 Villamalur,Total,99
12131 Villamalur,España,96
12131 Villamalur,Extranjero,3
12132 Vilanova d'Alcolea,Total,601
12132 Vilanova d'Alcolea,España,529
12132 Vilanova d'Alcolea,Extranjero,72
12133 Villanueva de Viver,Total,94
12133 Villanueva de Viver,España,80
12133 Villanueva de Viver,Extranjero,14
12134 Vilar de Canes,Total,156
12134 Vilar de Canes,España,153
12134 Vilar de Canes,Extranjero,3
12135 Vila-real,Total,53.634
12135 Vila-real,España,43.596
12135 Vila-real,Extranjero,10.038
"12136 Vilavella, la",Total,3.068
"12136 Vilavella, la",España,2.953
"12136 Vilavella, la",Extranjero,115
12137 Villores,Total,51
12137 Villores,España,48
12137 Villores,Extranjero,3
12138 Vinaròs,Total,30.516
12138 Vinaròs,España,22.725
12138 Vinaròs,Extranjero,7.791
12139 Vistabella del Maestrat,Total,356
12139 Vistabella del Maestrat,España,329
12139 Vistabella del Maestrat,Extranjero,27
12140 Viver,Total,1.726
12140 Viver,España,1.437
12140 Viver,Extranjero,289
12141 Zorita del Maestrazgo,Total,120
12141 Zorita del Maestrazgo,España,99
12141 Zorita del Maestrazgo,Extranjero,21
12142 Zucaina,Total,172
12142 Zucaina,España,154
12142 Zucaina,Extranjero,18
"12901 Alqueries, les/Alquerías del Niño Perdido",Total,4.595
"12901 Alqueries, les/Alquerías del Niño Perdido",España,4.092
"12901 Alqueries, les/Alquerías del Niño Perdido",Extranjero,503
12902 Sant Joan de Moró,Total,3.727
12902 Sant Joan de Moró,España,3.019
12902 Sant Joan de Moró,Extranjero,708
13001 Abenójar,Total,1.310
13001 Abenójar,España,1.243
13001 Abenójar,Extranjero,67
13002 Agudo,Total,1.604
13002 Agudo,España,1.525
13002 Agudo,Extranjero,79
13003 Alamillo,Total,453
13003 Alamillo,España,431
13003 Alamillo,Extranjero,22
13004 Albaladejo,Total,995
13004 Albaladejo,España,941
13004 Albaladejo,Extranjero,54
13005 Alcázar de San Juan,Total,31.907
13005 Alcázar de San Juan,España,27.643
13005 Alcázar de San Juan,Extranjero,4.264
13006 Alcoba,Total,576
13006 Alcoba,España,536
13006 Alcoba,Extranjero,40
13007 Alcolea de Calatrava,Total,1.362
13007 Alcolea de Calatrava,España,1.304
13007 Alcolea de Calatrava,Extranjero,58
13008 Alcubillas,Total,417
13008 Alcubillas,España,387
13008 Alcubillas,Extranjero,30
13009 Aldea del Rey,Total,1.569
13009 Aldea del Rey,España,1.456
13009 Aldea del Rey,Extranjero,113
13010 Alhambra,Total,947
13010 Alhambra,España,930
13010 Alhambra,Extranjero,17
13011 Almadén,Total,4.851
13011 Almadén,España,4.607
13011 Almadén,Extranjero,244
13012 Almadenejos,Total,382
13012 Almadenejos,España,373
13012 Almadenejos,Extranjero,9
13013 Almagro,Total,9.238
13013 Almagro,España,8.360
13013 Almagro,Extranjero,878
13014 Almedina,Total,471
13014 Almedina,España,450
13014 Almedina,Extranjero,21
13015 Almodóvar del Campo,Total,5.629
13015 Almodóvar del Campo,España,5.413
13015 Almodóvar del Campo,Extranjero,216
13016 Almuradiel,Total,747
13016 Almuradiel,España,670
13016 Almuradiel,Extranjero,77
13017 Anchuras,Total,265
13017 Anchuras,España,235
13017 Anchuras,Extranjero,30
13018 Arenas de San Juan,Total,1.010
13018 Arenas de San Juan,España,918
13018 Arenas de San Juan,Extranjero,92
13019 Argamasilla de Alba,Total,6.763
13019 Argamasilla de Alba,España,5.829
13019 Argamasilla de Alba,Extranjero,934
13020 Argamasilla de Calatrava,Total,5.853
13020 Argamasilla de Calatrava,España,5.624
13020 Argamasilla de Calatrava,Extranjero,229
13021 Arroba de los Montes,Total,388
13021 Arroba de los Montes,España,377
13021 Arroba de los Montes,Extranjero,11
13022 Ballesteros de Calatrava,Total,360
13022 Ballesteros de Calatrava,España,353
13022 Ballesteros de Calatrava,Extranjero,7
13023 Bolaños de Calatrava,Total,12.121
13023 Bolaños de Calatrava,España,10.032
13023 Bolaños de Calatrava,Extranjero,2.089
13024 Brazatortas,Total,998
13024 Brazatortas,España,959
13024 Brazatortas,Extranjero,39
13025 Cabezarados,Total,290
13025 Cabezarados,España,281
13025 Cabezarados,Extranjero,9
13026 Cabezarrubias del Puerto,Total,487
13026 Cabezarrubias del Puerto,España,463
13026 Cabezarrubias del Puerto,Extranjero,24
13027 Calzada de Calatrava,Total,3.677
13027 Calzada de Calatrava,España,3.450
13027 Calzada de Calatrava,Extranjero,227
13028 Campo de Criptana,Total,12.883
13028 Campo de Criptana,España,11.710
13028 Campo de Criptana,Extranjero,1.173
13029 Cañada de Calatrava,Total,99
13029 Cañada de Calatrava,España,99
13029 Cañada de Calatrava,Extranjero,0
13030 Caracuel de Calatrava,Total,140
13030 Caracuel de Calatrava,España,128
13030 Caracuel de Calatrava,Extranjero,12
13031 Carrión de Calatrava,Total,3.236
13031 Carrión de Calatrava,España,3.051
13031 Carrión de Calatrava,Extranjero,185
13032 Carrizosa,Total,1.096
13032 Carrizosa,España,1.077
13032 Carrizosa,Extranjero,19
13033 Castellar de Santiago,Total,1.711
13033 Castellar de Santiago,España,1.622
13033 Castellar de Santiago,Extranjero,89
13034 Ciudad Real,Total,76.087
13034 Ciudad Real,España,68.049
13034 Ciudad Real,Extranjero,8.038
13035 Corral de Calatrava,Total,1.162
13035 Corral de Calatrava,España,1.086
13035 Corral de Calatrava,Extranjero,76
"13036 Cortijos, Los",Total,850
"13036 Cortijos, Los",España,807
"13036 Cortijos, Los",Extranjero,43
13037 Cózar,Total,906
13037 Cózar,España,783
13037 Cózar,Extranjero,123
13038 Chillón,Total,1.748
13038 Chillón,España,1.687
13038 Chillón,Extranjero,61
13039 Daimiel,Total,17.741
13039 Daimiel,España,16.297
13039 Daimiel,Extranjero,1.444
13040 Fernán Caballero,Total,962
13040 Fernán Caballero,España,926
13040 Fernán Caballero,Extranjero,36
13041 Fontanarejo,Total,222
13041 Fontanarejo,España,214
13041 Fontanarejo,Extranjero,8
13042 Fuencaliente,Total,1.006
13042 Fuencaliente,España,964
13042 Fuencaliente,Extranjero,42
13043 Fuenllana,Total,192
13043 Fuenllana,España,179
13043 Fuenllana,Extranjero,13
13044 Fuente el Fresno,Total,3.009
13044 Fuente el Fresno,España,2.749
13044 Fuente el Fresno,Extranjero,260
13045 Granátula de Calatrava,Total,689
13045 Granátula de Calatrava,España,629
13045 Granátula de Calatrava,Extranjero,60
13046 Guadalmez,Total,709
13046 Guadalmez,España,678
13046 Guadalmez,Extranjero,31
13047 Herencia,Total,8.658
13047 Herencia,España,7.054
13047 Herencia,Extranjero,1.604
13048 Hinojosas de Calatrava,Total,509
13048 Hinojosas de Calatrava,España,501
13048 Hinojosas de Calatrava,Extranjero,8
13049 Horcajo de los Montes,Total,800
13049 Horcajo de los Montes,España,745
13049 Horcajo de los Montes,Extranjero,55
"13050 Labores, Las",Total,551
"13050 Labores, Las",España,486
"13050 Labores, Las",Extranjero,65
13051 Luciana,Total,350
13051 Luciana,España,333
13051 Luciana,Extranjero,17
13052 Malagón,Total,7.865
13052 Malagón,España,7.272
13052 Malagón,Extranjero,593
13053 Manzanares,Total,17.699
13053 Manzanares,España,16.011
13053 Manzanares,Extranjero,1.688
13054 Membrilla,Total,5.800
13054 Membrilla,España,5.610
13054 Membrilla,Extranjero,190
13055 Mestanza,Total,636
13055 Mestanza,España,603
13055 Mestanza,Extranjero,33
13056 Miguelturra,Total,15.890
13056 Miguelturra,España,14.816
13056 Miguelturra,Extranjero,1.074
13057 Montiel,Total,1.164
13057 Montiel,España,1.100
13057 Montiel,Extranjero,64
13058 Moral de Calatrava,Total,5.176
13058 Moral de Calatrava,España,4.680
13058 Moral de Calatrava,Extranjero,496
13059 Navalpino,Total,197
13059 Navalpino,España,180
13059 Navalpino,Extranjero,17
13060 Navas de Estena,Total,277
13060 Navas de Estena,España,255
13060 Navas de Estena,Extranjero,22
13061 Pedro Muñoz,Total,7.707
13061 Pedro Muñoz,España,6.445
13061 Pedro Muñoz,Extranjero,1.262
13062 Picón,Total,692
13062 Picón,España,655
13062 Picón,Extranjero,37
13063 Piedrabuena,Total,4.319
13063 Piedrabuena,España,4.130
13063 Piedrabuena,Extranjero,189
13064 Poblete,Total,3.005
13064 Poblete,España,2.812
13064 Poblete,Extranjero,193
13065 Porzuna,Total,3.535
13065 Porzuna,España,3.161
13065 Porzuna,Extranjero,374
13066 Pozuelo de Calatrava,Total,4.091
13066 Pozuelo de Calatrava,España,3.526
13066 Pozuelo de Calatrava,Extranjero,565
"13067 Pozuelos de Calatrava, Los",Total,331
"13067 Pozuelos de Calatrava, Los",España,302
"13067 Pozuelos de Calatrava, Los",Extranjero,29
13068 Puebla de Don Rodrigo,Total,1.150
13068 Puebla de Don Rodrigo,España,1.109
13068 Puebla de Don Rodrigo,Extranjero,41
13069 Puebla del Príncipe,Total,649
13069 Puebla del Príncipe,España,609
13069 Puebla del Príncipe,Extranjero,40
13070 Puerto Lápice,Total,827
13070 Puerto Lápice,España,791
13070 Puerto Lápice,Extranjero,36
13071 Puertollano,Total,45.699
13071 Puertollano,España,42.043
13071 Puertollano,Extranjero,3.656
13072 Retuerta del Bullaque,Total,876
13072 Retuerta del Bullaque,España,775
13072 Retuerta del Bullaque,Extranjero,101
13073 Saceruela,Total,520
13073 Saceruela,España,488
13073 Saceruela,Extranjero,32
13074 San Carlos del Valle,Total,1.055
13074 San Carlos del Valle,España,1.042
13074 San Carlos del Valle,Extranjero,13
13075 San Lorenzo de Calatrava,Total,188
13075 San Lorenzo de Calatrava,España,184
13075 San Lorenzo de Calatrava,Extranjero,4
13076 Santa Cruz de los Cáñamos,Total,466
13076 Santa Cruz de los Cáñamos,España,459
13076 Santa Cruz de los Cáñamos,Extranjero,7
13077 Santa Cruz de Mudela,Total,3.869
13077 Santa Cruz de Mudela,España,3.645
13077 Santa Cruz de Mudela,Extranjero,224
13078 Socuéllamos,Total,12.236
13078 Socuéllamos,España,10.296
13078 Socuéllamos,Extranjero,1.940
"13079 Solana, La",Total,15.214
"13079 Solana, La",España,14.254
"13079 Solana, La",Extranjero,960
13080 Solana del Pino,Total,333
13080 Solana del Pino,España,327
13080 Solana del Pino,Extranjero,6
13081 Terrinches,Total,579
13081 Terrinches,España,561
13081 Terrinches,Extranjero,18
13082 Tomelloso,Total,37.185
13082 Tomelloso,España,30.957
13082 Tomelloso,Extranjero,6.228
13083 Torralba de Calatrava,Total,3.086
13083 Torralba de Calatrava,España,2.867
13083 Torralba de Calatrava,Extranjero,219
13084 Torre de Juan Abad,Total,928
13084 Torre de Juan Abad,España,890
13084 Torre de Juan Abad,Extranjero,38
13085 Torrenueva,Total,2.637
13085 Torrenueva,España,2.523
13085 Torrenueva,Extranjero,114
13086 Valdemanco del Esteras,Total,157
13086 Valdemanco del Esteras,España,150
13086 Valdemanco del Esteras,Extranjero,7
13087 Valdepeñas,Total,30.698
13087 Valdepeñas,España,27.157
13087 Valdepeñas,Extranjero,3.541
13088 Valenzuela de Calatrava,Total,639
13088 Valenzuela de Calatrava,España,608
13088 Valenzuela de Calatrava,Extranjero,31
13089 Villahermosa,Total,1.714
13089 Villahermosa,España,1.659
13089 Villahermosa,Extranjero,55
13090 Villamanrique,Total,1.049
13090 Villamanrique,España,998
13090 Villamanrique,Extranjero,51
13091 Villamayor de Calatrava,Total,609
13091 Villamayor de Calatrava,España,579
13091 Villamayor de Calatrava,Extranjero,30
13092 Villanueva de la Fuente,Total,1.832
13092 Villanueva de la Fuente,España,1.730
13092 Villanueva de la Fuente,Extranjero,102
13093 Villanueva de los Infantes,Total,4.722
13093 Villanueva de los Infantes,España,4.197
13093 Villanueva de los Infantes,Extranjero,525
13094 Villanueva de San Carlos,Total,263
13094 Villanueva de San Carlos,España,259
13094 Villanueva de San Carlos,Extranjero,4
13095 Villar del Pozo,Total,48
13095 Villar del Pozo,España,48
13095 Villar del Pozo,Extranjero,0
13096 Villarrubia de los Ojos,Total,9.583
13096 Villarrubia de los Ojos,España,8.765
13096 Villarrubia de los Ojos,Extranjero,818
13097 Villarta de San Juan,Total,2.685
13097 Villarta de San Juan,España,2.437
13097 Villarta de San Juan,Extranjero,248
13098 Viso del Marqués,Total,2.088
13098 Viso del Marqués,España,1.979
13098 Viso del Marqués,Extranjero,109
"13901 Robledo, El",Total,1.080
"13901 Robledo, El",España,1.006
"13901 Robledo, El",Extranjero,74
13902 Ruidera,Total,528
13902 Ruidera,España,479
13902 Ruidera,Extranjero,49
13903 Arenales de San Gregorio,Total,625
13903 Arenales de San Gregorio,España,595
13903 Arenales de San Gregorio,Extranjero,30
13904 Llanos del Caudillo,Total,661
13904 Llanos del Caudillo,España,549
13904 Llanos del Caudillo,Extranjero,112
14001 Adamuz,Total,4.098
14001 Adamuz,España,3.968
14001 Adamuz,Extranjero,130
14002 Aguilar de la Frontera,Total,13.119
14002 Aguilar de la Frontera,España,12.666
14002 Aguilar de la Frontera,Extranjero,453
14003 Alcaracejos,Total,1.506
14003 Alcaracejos,España,1.449
14003 Alcaracejos,Extranjero,57
14004 Almedinilla,Total,2.310
14004 Almedinilla,España,2.165
14004 Almedinilla,Extranjero,145
14005 Almodóvar del Río,Total,8.029
14005 Almodóvar del Río,España,7.740
14005 Almodóvar del Río,Extranjero,289
14006 Añora,Total,1.487
14006 Añora,España,1.426
14006 Añora,Extranjero,61
14007 Baena,Total,18.335
14007 Baena,España,17.644
14007 Baena,Extranjero,691
14008 Belalcázar,Total,3.090
14008 Belalcázar,España,2.975
14008 Belalcázar,Extranjero,115
14009 Belmez,Total,2.866
14009 Belmez,España,2.692
14009 Belmez,Extranjero,174
14010 Benamejí,Total,4.887
14010 Benamejí,España,4.750
14010 Benamejí,Extranjero,137
"14011 Blázquez, Los",Total,620
"14011 Blázquez, Los",España,603
"14011 Blázquez, Los",Extranjero,17
14012 Bujalance,Total,7.072
14012 Bujalance,España,6.924
14012 Bujalance,Extranjero,148
14013 Cabra,Total,19.986
14013 Cabra,España,18.731
14013 Cabra,Extranjero,1.255
14014 Cañete de las Torres,Total,2.763
14014 Cañete de las Torres,España,2.647
14014 Cañete de las Torres,Extranjero,116
14015 Carcabuey,Total,2.322
14015 Carcabuey,España,2.201
14015 Carcabuey,Extranjero,121
14016 Cardeña,Total,1.389
14016 Cardeña,España,1.351
14016 Cardeña,Extranjero,38
"14017 Carlota, La",Total,14.520
"14017 Carlota, La",España,13.738
"14017 Carlota, La",Extranjero,782
"14018 Carpio, El",Total,4.321
"14018 Carpio, El",España,4.238
"14018 Carpio, El",Extranjero,83
14019 Castro del Río,Total,7.590
14019 Castro del Río,España,7.202
14019 Castro del Río,Extranjero,388
14020 Conquista,Total,368
14020 Conquista,España,354
14020 Conquista,Extranjero,14
14021 Córdoba,Total,324.159
14021 Córdoba,España,303.947
14021 Córdoba,Extranjero,20.212
14022 Doña Mencía,Total,4.462
14022 Doña Mencía,España,4.360
14022 Doña Mencía,Extranjero,102
14023 Dos Torres,Total,2.361
14023 Dos Torres,España,2.300
14023 Dos Torres,Extranjero,61
14024 Encinas Reales,Total,2.216
14024 Encinas Reales,España,2.128
14024 Encinas Reales,Extranjero,88
14025 Espejo,Total,3.178
14025 Espejo,España,3.051
14025 Espejo,Extranjero,127
14026 Espiel,Total,2.323
14026 Espiel,España,2.226
14026 Espiel,Extranjero,97
14027 Fernán-Núñez,Total,9.650
14027 Fernán-Núñez,España,9.346
14027 Fernán-Núñez,Extranjero,304
14028 Fuente la Lancha,Total,330
14028 Fuente la Lancha,España,323
14028 Fuente la Lancha,Extranjero,7
14029 Fuente Obejuna,Total,4.319
14029 Fuente Obejuna,España,4.200
14029 Fuente Obejuna,Extranjero,119
14030 Fuente Palmera,Total,9.932
14030 Fuente Palmera,España,9.501
14030 Fuente Palmera,Extranjero,431
14031 Fuente-Tójar,Total,666
14031 Fuente-Tójar,España,623
14031 Fuente-Tójar,Extranjero,43
"14032 Granjuela, La",Total,414
"14032 Granjuela, La",España,388
"14032 Granjuela, La",Extranjero,26
14033 Guadalcázar,Total,1.583
14033 Guadalcázar,España,1.529
14033 Guadalcázar,Extranjero,54
"14034 Guijo, El",Total,341
"14034 Guijo, El",España,322
"14034 Guijo, El",Extranjero,19
14035 Hinojosa del Duque,Total,6.533
14035 Hinojosa del Duque,España,6.314
14035 Hinojosa del Duque,Extranjero,219
14036 Hornachuelos,Total,4.374
14036 Hornachuelos,España,4.261
14036 Hornachuelos,Extranjero,113
14037 Iznájar,Total,3.669
14037 Iznájar,España,3.270
14037 Iznájar,Extranjero,399
14038 Lucena,Total,43.410
14038 Lucena,España,39.963
14038 Lucena,Extranjero,3.447
14039 Luque,Total,2.804
14039 Luque,España,2.719
14039 Luque,Extranjero,85
14040 Montalbán de Córdoba,Total,4.402
14040 Montalbán de Córdoba,España,4.262
14040 Montalbán de Córdoba,Extranjero,140
14041 Montemayor,Total,3.894
14041 Montemayor,España,3.707
14041 Montemayor,Extranjero,187
14042 Montilla,Total,22.192
14042 Montilla,España,21.108
14042 Montilla,Extranjero,1.084
14043 Montoro,Total,9.012
14043 Montoro,España,8.734
14043 Montoro,Extranjero,278
14044 Monturque,Total,1.927
14044 Monturque,España,1.870
14044 Monturque,Extranjero,57
14045 Moriles,Total,3.662
14045 Moriles,España,3.567
14045 Moriles,Extranjero,95
14046 Nueva Carteya,Total,5.244
14046 Nueva Carteya,España,5.131
14046 Nueva Carteya,Extranjero,113
14047 Obejo,Total,2.101
14047 Obejo,España,1.985
14047 Obejo,Extranjero,116
14048 Palenciana,Total,1.430
14048 Palenciana,España,1.360
14048 Palenciana,Extranjero,70
14049 Palma del Río,Total,20.535
14049 Palma del Río,España,19.003
14049 Palma del Río,Extranjero,1.532
14050 Pedro Abad,Total,2.797
14050 Pedro Abad,España,2.714
14050 Pedro Abad,Extranjero,83
14051 Pedroche,Total,1.439
14051 Pedroche,España,1.417
14051 Pedroche,Extranjero,22
14052 Peñarroya-Pueblonuevo,Total,10.252
14052 Peñarroya-Pueblonuevo,España,9.845
14052 Peñarroya-Pueblonuevo,Extranjero,407
14053 Posadas,Total,7.279
14053 Posadas,España,6.948
14053 Posadas,Extranjero,331
14054 Pozoblanco,Total,16.918
14054 Pozoblanco,España,15.923
14054 Pozoblanco,Extranjero,995
14055 Priego de Córdoba,Total,21.731
14055 Priego de Córdoba,España,20.792
14055 Priego de Córdoba,Extranjero,939
14056 Puente Genil,Total,29.977
14056 Puente Genil,España,27.850
14056 Puente Genil,Extranjero,2.127
"14057 Rambla, La",Total,7.444
"14057 Rambla, La",España,7.181
"14057 Rambla, La",Extranjero,263
14058 Rute,Total,9.816
14058 Rute,España,9.057
14058 Rute,Extranjero,759
14059 San Sebastián de los Ballesteros,Total,863
14059 San Sebastián de los Ballesteros,España,837
14059 San Sebastián de los Ballesteros,Extranjero,26
14060 Santaella,Total,4.681
14060 Santaella,España,4.487
14060 Santaella,Extranjero,194
14061 Santa Eufemia,Total,686
14061 Santa Eufemia,España,669
14061 Santa Eufemia,Extranjero,17
14062 Torrecampo,Total,991
14062 Torrecampo,España,963
14062 Torrecampo,Extranjero,28
14063 Valenzuela,Total,1.032
14063 Valenzuela,España,1.004
14063 Valenzuela,Extranjero,28
14064 Valsequillo,Total,352
14064 Valsequillo,España,334
14064 Valsequillo,Extranjero,18
"14065 Victoria, La",Total,2.323
"14065 Victoria, La",España,2.249
"14065 Victoria, La",Extranjero,74
14066 Villa del Río,Total,6.847
14066 Villa del Río,España,6.705
14066 Villa del Río,Extranjero,142
14067 Villafranca de Córdoba,Total,4.900
14067 Villafranca de Córdoba,España,4.772
14067 Villafranca de Córdoba,Extranjero,128
14068 Villaharta,Total,628
14068 Villaharta,España,556
14068 Villaharta,Extranjero,72
14069 Villanueva de Córdoba,Total,8.322
14069 Villanueva de Córdoba,España,8.141
14069 Villanueva de Córdoba,Extranjero,181
14070 Villanueva del Duque,Total,1.409
14070 Villanueva del Duque,España,1.355
14070 Villanueva del Duque,Extranjero,54
14071 Villanueva del Rey,Total,1.030
14071 Villanueva del Rey,España,999
14071 Villanueva del Rey,Extranjero,31
14072 Villaralto,Total,1.054
14072 Villaralto,España,1.030
14072 Villaralto,Extranjero,24
14073 Villaviciosa de Córdoba,Total,3.049
14073 Villaviciosa de Córdoba,España,2.951
14073 Villaviciosa de Córdoba,Extranjero,98
"14074 Viso, El",Total,2.498
"14074 Viso, El",España,2.389
"14074 Viso, El",Extranjero,109
14075 Zuheros,Total,596
14075 Zuheros,España,574
14075 Zuheros,Extranjero,22
14901 Fuente Carreteros,Total,1.073
14901 Fuente Carreteros,España,1.054
14901 Fuente Carreteros,Extranjero,19
"14902 Guijarrosa, La",Total,1.375
"14902 Guijarrosa, La",España,1.349
"14902 Guijarrosa, La",Extranjero,26
15001 Abegondo,Total,5.631
15001 Abegondo,España,5.267
15001 Abegondo,Extranjero,364
15002 Ames,Total,33.213
15002 Ames,España,28.310
15002 Ames,Extranjero,4.903
15003 Aranga,Total,1.793
15003 Aranga,España,1.709
15003 Aranga,Extranjero,84
15004 Ares,Total,6.263
15004 Ares,España,5.838
15004 Ares,Extranjero,425
15005 Arteixo,Total,34.389
15005 Arteixo,España,28.643
15005 Arteixo,Extranjero,5.746
15006 Arzúa,Total,5.931
15006 Arzúa,España,5.430
15006 Arzúa,Extranjero,501
"15007 Baña, A",Total,3.239
"15007 Baña, A",España,3.093
"15007 Baña, A",Extranjero,146
15008 Bergondo,Total,7.121
15008 Bergondo,España,6.539
15008 Bergondo,Extranjero,582
15009 Betanzos,Total,13.508
15009 Betanzos,España,11.546
15009 Betanzos,Extranjero,1.962
15010 Boimorto,Total,1.804
15010 Boimorto,España,1.690
15010 Boimorto,Extranjero,114
15011 Boiro,Total,18.958
15011 Boiro,España,17.698
15011 Boiro,Extranjero,1.260
15012 Boqueixón,Total,4.241
15012 Boqueixón,España,3.999
15012 Boqueixón,Extranjero,242
15013 Brión,Total,8.190
15013 Brión,España,7.357
15013 Brión,Extranjero,833
15014 Cabana de Bergantiños,Total,4.068
15014 Cabana de Bergantiños,España,3.889
15014 Cabana de Bergantiños,Extranjero,179
15015 Cabanas,Total,3.273
15015 Cabanas,España,3.115
15015 Cabanas,Extranjero,158
15016 Camariñas,Total,5.067
15016 Camariñas,España,4.617
15016 Camariñas,Extranjero,450
15017 Cambre,Total,24.771
15017 Cambre,España,21.507
15017 Cambre,Extranjero,3.264
"15018 Capela, A",Total,1.164
"15018 Capela, A",España,1.125
"15018 Capela, A",Extranjero,39
15019 Carballo,Total,32.095
15019 Carballo,España,28.620
15019 Carballo,Extranjero,3.475
15020 Carnota,Total,3.777
15020 Carnota,España,3.557
15020 Carnota,Extranjero,220
15021 Carral,Total,6.836
15021 Carral,España,5.969
15021 Carral,Extranjero,867
15022 Cedeira,Total,6.573
15022 Cedeira,España,5.827
15022 Cedeira,Extranjero,746
15023 Cee,Total,7.731
15023 Cee,España,6.842
15023 Cee,Extranjero,889
15024 Cerceda,Total,5.113
15024 Cerceda,España,4.480
15024 Cerceda,Extranjero,633
15025 Cerdido,Total,1.007
15025 Cerdido,España,915
15025 Cerdido,Extranjero,92
15027 Coirós,Total,1.941
15027 Coirós,España,1.805
15027 Coirós,Extranjero,136
15028 Corcubión,Total,1.656
15028 Corcubión,España,1.523
15028 Corcubión,Extranjero,133
15029 Coristanco,Total,5.708
15029 Coristanco,España,5.439
15029 Coristanco,Extranjero,269
"15030 Coruña, A",Total,251.277
"15030 Coruña, A",España,206.487
"15030 Coruña, A",Extranjero,44.790
15031 Culleredo,Total,31.232
15031 Culleredo,España,26.372
15031 Culleredo,Extranjero,4.860
15032 Curtis,Total,4.233
15032 Curtis,España,3.784
15032 Curtis,Extranjero,449
15033 Dodro,Total,2.604
15033 Dodro,España,2.524
15033 Dodro,Extranjero,80
15034 Dumbría,Total,2.718
15034 Dumbría,España,2.575
15034 Dumbría,Extranjero,143
15035 Fene,Total,12.462
15035 Fene,España,11.803
15035 Fene,Extranjero,659
15036 Ferrol,Total,64.903
15036 Ferrol,España,57.567
15036 Ferrol,Extranjero,7.336
15037 Fisterra,Total,4.690
15037 Fisterra,España,4.314
15037 Fisterra,Extranjero,376
15038 Frades,Total,2.146
15038 Frades,España,2.089
15038 Frades,Extranjero,57
15039 Irixoa,Total,1.338
15039 Irixoa,España,1.266
15039 Irixoa,Extranjero,72
15040 Laxe,Total,2.881
15040 Laxe,España,2.683
15040 Laxe,Extranjero,198
"15041 Laracha, A",Total,11.773
"15041 Laracha, A",España,10.826
"15041 Laracha, A",Extranjero,947
15042 Lousame,Total,3.060
15042 Lousame,España,2.943
15042 Lousame,Extranjero,117
15043 Malpica de Bergantiños,Total,5.247
15043 Malpica de Bergantiños,España,4.917
15043 Malpica de Bergantiños,Extranjero,330
15044 Mañón,Total,1.215
15044 Mañón,España,1.074
15044 Mañón,Extranjero,141
15045 Mazaricos,Total,3.730
15045 Mazaricos,España,3.530
15045 Mazaricos,Extranjero,200
15046 Melide,Total,7.840
15046 Melide,España,6.842
15046 Melide,Extranjero,998
15047 Mesía,Total,2.366
15047 Mesía,España,2.295
15047 Mesía,Extranjero,71
15048 Miño,Total,7.106
15048 Miño,España,6.135
15048 Miño,Extranjero,971
15049 Moeche,Total,1.203
15049 Moeche,España,1.139
15049 Moeche,Extranjero,64
15050 Monfero,Total,1.814
15050 Monfero,España,1.724
15050 Monfero,Extranjero,90
15051 Mugardos,Total,5.199
15051 Mugardos,España,4.922
15051 Mugardos,Extranjero,277
15052 Muxía,Total,4.326
15052 Muxía,España,4.070
15052 Muxía,Extranjero,256
15053 Muros,Total,8.171
15053 Muros,España,7.806
15053 Muros,Extranjero,365
15054 Narón,Total,39.890
15054 Narón,España,36.200
15054 Narón,Extranjero,3.690
15055 Neda,Total,4.919
15055 Neda,España,4.663
15055 Neda,Extranjero,256
15056 Negreira,Total,6.963
15056 Negreira,España,6.018
15056 Negreira,Extranjero,945
15057 Noia,Total,14.108
15057 Noia,España,12.901
15057 Noia,Extranjero,1.207
15058 Oleiros,Total,38.750
15058 Oleiros,España,33.334
15058 Oleiros,Extranjero,5.416
15059 Ordes,Total,12.970
15059 Ordes,España,11.114
15059 Ordes,Extranjero,1.856
15060 Oroso,Total,7.770
15060 Oroso,España,6.844
15060 Oroso,Extranjero,926
15061 Ortigueira,Total,5.424
15061 Ortigueira,España,4.882
15061 Ortigueira,Extranjero,542
15062 Outes,Total,5.993
15062 Outes,España,5.683
15062 Outes,Extranjero,310
15064 Paderne,Total,2.460
15064 Paderne,España,2.299
15064 Paderne,Extranjero,161
15065 Padrón,Total,8.324
15065 Padrón,España,7.741
15065 Padrón,Extranjero,583
"15066 Pino, O",Total,4.588
"15066 Pino, O",España,4.319
"15066 Pino, O",Extranjero,269
"15067 Pobra do Caramiñal, A",Total,9.122
"15067 Pobra do Caramiñal, A",España,8.751
"15067 Pobra do Caramiñal, A",Extranjero,371
15068 Ponteceso,Total,5.260
15068 Ponteceso,España,4.921
15068 Ponteceso,Extranjero,339
15069 Pontedeume,Total,7.428
15069 Pontedeume,España,6.906
15069 Pontedeume,Extranjero,522
"15070 Pontes de García Rodríguez, As",Total,9.787
"15070 Pontes de García Rodríguez, As",España,9.189
"15070 Pontes de García Rodríguez, As",Extranjero,598
15071 Porto do Son,Total,9.059
15071 Porto do Son,España,8.592
15071 Porto do Son,Extranjero,467
15072 Rianxo,Total,10.755
15072 Rianxo,España,10.350
15072 Rianxo,Extranjero,405
15073 Ribeira,Total,27.110
15073 Ribeira,España,24.589
15073 Ribeira,Extranjero,2.521
15074 Rois,Total,4.355
15074 Rois,España,4.152
15074 Rois,Extranjero,203
15075 Sada,Total,17.469
15075 Sada,España,14.311
15075 Sada,Extranjero,3.158
15076 San Sadurniño,Total,2.739
15076 San Sadurniño,España,2.602
15076 San Sadurniño,Extranjero,137
15077 Santa Comba,Total,9.437
15077 Santa Comba,España,8.235
15077 Santa Comba,Extranjero,1.202
15078 Santiago de Compostela,Total,100.842
15078 Santiago de Compostela,España,86.297
15078 Santiago de Compostela,Extranjero,14.545
15079 Santiso,Total,1.430
15079 Santiso,España,1.382
15079 Santiso,Extranjero,48
15080 Sobrado,Total,1.822
15080 Sobrado,España,1.610
15080 Sobrado,Extranjero,212
"15081 Somozas, As",Total,1.045
"15081 Somozas, As",España,980
"15081 Somozas, As",Extranjero,65
15082 Teo,Total,19.038
15082 Teo,España,17.612
15082 Teo,Extranjero,1.426
15083 Toques,Total,1.061
15083 Toques,España,1.021
15083 Toques,Extranjero,40
15084 Tordoia,Total,3.153
15084 Tordoia,España,2.975
15084 Tordoia,Extranjero,178
15085 Touro,Total,3.339
15085 Touro,España,3.180
15085 Touro,Extranjero,159
15086 Trazo,Total,2.997
15086 Trazo,España,2.804
15086 Trazo,Extranjero,193
15087 Valdoviño,Total,6.805
15087 Valdoviño,España,6.513
15087 Valdoviño,Extranjero,292
15088 Val do Dubra,Total,3.685
15088 Val do Dubra,España,3.373
15088 Val do Dubra,Extranjero,312
15089 Vedra,Total,4.906
15089 Vedra,España,4.672
15089 Vedra,Extranjero,234
15090 Vilasantar,Total,1.232
15090 Vilasantar,España,1.143
15090 Vilasantar,Extranjero,89
15091 Vilarmaior,Total,1.239
15091 Vilarmaior,España,1.185
15091 Vilarmaior,Extranjero,54
15092 Vimianzo,Total,6.754
15092 Vimianzo,España,6.180
15092 Vimianzo,Extranjero,574
15093 Zas,Total,4.197
15093 Zas,España,3.976
15093 Zas,Extranjero,221
15901 Cariño,Total,3.651
15901 Cariño,España,3.213
15901 Cariño,Extranjero,438
15902 Oza-Cesuras,Total,5.152
15902 Oza-Cesuras,España,4.808
15902 Oza-Cesuras,Extranjero,344
16001 Abia de la Obispalía,Total,68
16001 Abia de la Obispalía,España,64
16001 Abia de la Obispalía,Extranjero,4
"16002 Acebrón, El",Total,235
"16002 Acebrón, El",España,198
"16002 Acebrón, El",Extranjero,37
16003 Alarcón,Total,174
16003 Alarcón,España,151
16003 Alarcón,Extranjero,23
16004 Albaladejo del Cuende,Total,199
16004 Albaladejo del Cuende,España,187
16004 Albaladejo del Cuende,Extranjero,12
16005 Albalate de las Nogueras,Total,260
16005 Albalate de las Nogueras,España,244
16005 Albalate de las Nogueras,Extranjero,16
16006 Albendea,Total,140
16006 Albendea,España,120
16006 Albendea,Extranjero,20
"16007 Alberca de Záncara, La",Total,1.529
"16007 Alberca de Záncara, La",España,1.257
"16007 Alberca de Záncara, La",Extranjero,272
16008 Alcalá de la Vega,Total,83
16008 Alcalá de la Vega,España,68
16008 Alcalá de la Vega,Extranjero,15
16009 Alcantud,Total,61
16009 Alcantud,España,55
16009 Alcantud,Extranjero,6
16010 Alcázar del Rey,Total,171
16010 Alcázar del Rey,España,142
16010 Alcázar del Rey,Extranjero,29
16011 Alcohujate,Total,25
16011 Alcohujate,España,17
16011 Alcohujate,Extranjero,8
16012 Alconchel de la Estrella,Total,77
16012 Alconchel de la Estrella,España,74
16012 Alconchel de la Estrella,Extranjero,3
16013 Algarra,Total,25
16013 Algarra,España,20
16013 Algarra,Extranjero,5
16014 Aliaguilla,Total,595
16014 Aliaguilla,España,569
16014 Aliaguilla,Extranjero,26
"16015 Almarcha, La",Total,475
"16015 Almarcha, La",España,388
"16015 Almarcha, La",Extranjero,87
16016 Almendros,Total,240
16016 Almendros,España,223
16016 Almendros,Extranjero,17
16017 Almodóvar del Pinar,Total,399
16017 Almodóvar del Pinar,España,357
16017 Almodóvar del Pinar,Extranjero,42
16018 Almonacid del Marquesado,Total,415
16018 Almonacid del Marquesado,España,379
16018 Almonacid del Marquesado,Extranjero,36
16019 Altarejos,Total,195
16019 Altarejos,España,187
16019 Altarejos,Extranjero,8
16020 Arandilla del Arroyo,Total,14
16020 Arandilla del Arroyo,España,13
16020 Arandilla del Arroyo,Extranjero,1
16022 Arcos de la Sierra,Total,78
16022 Arcos de la Sierra,España,73
16022 Arcos de la Sierra,Extranjero,5
16023 Chillarón de Cuenca,Total,908
16023 Chillarón de Cuenca,España,806
16023 Chillarón de Cuenca,Extranjero,102
16024 Arguisuelas,Total,135
16024 Arguisuelas,España,131
16024 Arguisuelas,Extranjero,4
16025 Arrancacepas,Total,14
16025 Arrancacepas,España,14
16025 Arrancacepas,Extranjero,0
16026 Atalaya del Cañavate,Total,91
16026 Atalaya del Cañavate,España,75
16026 Atalaya del Cañavate,Extranjero,16
16027 Barajas de Melo,Total,1.035
16027 Barajas de Melo,España,811
16027 Barajas de Melo,Extranjero,224
16029 Barchín del Hoyo,Total,105
16029 Barchín del Hoyo,España,95
16029 Barchín del Hoyo,Extranjero,10
16030 Bascuñana de San Pedro,Total,23
16030 Bascuñana de San Pedro,España,23
16030 Bascuñana de San Pedro,Extranjero,0
16031 Beamud,Total,46
16031 Beamud,España,41
16031 Beamud,Extranjero,5
16032 Belinchón,Total,458
16032 Belinchón,España,409
16032 Belinchón,Extranjero,49
16033 Belmonte,Total,1.776
16033 Belmonte,España,1.659
16033 Belmonte,Extranjero,117
16034 Belmontejo,Total,126
16034 Belmontejo,España,125
16034 Belmontejo,Extranjero,1
16035 Beteta,Total,258
16035 Beteta,España,228
16035 Beteta,Extranjero,30
16036 Boniches,Total,138
16036 Boniches,España,113
16036 Boniches,Extranjero,25
16038 Buciegas,Total,38
16038 Buciegas,España,23
16038 Buciegas,Extranjero,15
16039 Buenache de Alarcón,Total,441
16039 Buenache de Alarcón,España,353
16039 Buenache de Alarcón,Extranjero,88
16040 Buenache de la Sierra,Total,112
16040 Buenache de la Sierra,España,106
16040 Buenache de la Sierra,Extranjero,6
16041 Buendía,Total,422
16041 Buendía,España,374
16041 Buendía,Extranjero,48
16042 Campillo de Altobuey,Total,1.309
16042 Campillo de Altobuey,España,1.111
16042 Campillo de Altobuey,Extranjero,198
16043 Campillos-Paravientos,Total,114
16043 Campillos-Paravientos,España,102
16043 Campillos-Paravientos,Extranjero,12
16044 Campillos-Sierra,Total,28
16044 Campillos-Sierra,España,28
16044 Campillos-Sierra,Extranjero,0
16045 Canalejas del Arroyo,Total,153
16045 Canalejas del Arroyo,España,146
16045 Canalejas del Arroyo,Extranjero,7
16046 Cañada del Hoyo,Total,219
16046 Cañada del Hoyo,España,209
16046 Cañada del Hoyo,Extranjero,10
16047 Cañada Juncosa,Total,217
16047 Cañada Juncosa,España,181
16047 Cañada Juncosa,Extranjero,36
16048 Cañamares,Total,458
16048 Cañamares,España,424
16048 Cañamares,Extranjero,34
"16049 Cañavate, El",Total,126
"16049 Cañavate, El",España,122
"16049 Cañavate, El",Extranjero,4
16050 Cañaveras,Total,243
16050 Cañaveras,España,208
16050 Cañaveras,Extranjero,35
16051 Cañaveruelas,Total,112
16051 Cañaveruelas,España,98
16051 Cañaveruelas,Extranjero,14
16052 Cañete,Total,870
16052 Cañete,España,676
16052 Cañete,Extranjero,194
16053 Cañizares,Total,443
16053 Cañizares,España,424
16053 Cañizares,Extranjero,19
16055 Carboneras de Guadazaón,Total,800
16055 Carboneras de Guadazaón,España,704
16055 Carboneras de Guadazaón,Extranjero,96
16056 Cardenete,Total,477
16056 Cardenete,España,438
16056 Cardenete,Extranjero,39
16057 Carrascosa,Total,68
16057 Carrascosa,España,68
16057 Carrascosa,Extranjero,0
16058 Carrascosa de Haro,Total,88
16058 Carrascosa de Haro,España,82
16058 Carrascosa de Haro,Extranjero,6
16060 Casas de Benítez,Total,883
16060 Casas de Benítez,España,734
16060 Casas de Benítez,Extranjero,149
16061 Casas de Fernando Alonso,Total,1.085
16061 Casas de Fernando Alonso,España,917
16061 Casas de Fernando Alonso,Extranjero,168
16062 Casas de Garcimolina,Total,30
16062 Casas de Garcimolina,España,29
16062 Casas de Garcimolina,Extranjero,1
16063 Casas de Guijarro,Total,106
16063 Casas de Guijarro,España,103
16063 Casas de Guijarro,Extranjero,3
16064 Casas de Haro,Total,815
16064 Casas de Haro,España,710
16064 Casas de Haro,Extranjero,105
16065 Casas de los Pinos,Total,377
16065 Casas de los Pinos,España,343
16065 Casas de los Pinos,Extranjero,34
16066 Casasimarro,Total,3.196
16066 Casasimarro,España,2.634
16066 Casasimarro,Extranjero,562
16067 Castejón,Total,126
16067 Castejón,España,100
16067 Castejón,Extranjero,26
16068 Castillejo de Iniesta,Total,115
16068 Castillejo de Iniesta,España,96
16068 Castillejo de Iniesta,Extranjero,19
16070 Castillejo-Sierra,Total,31
16070 Castillejo-Sierra,España,31
16070 Castillejo-Sierra,Extranjero,0
16071 Castillo-Albaráñez,Total,17
16071 Castillo-Albaráñez,España,17
16071 Castillo-Albaráñez,Extranjero,0
16072 Castillo de Garcimuñoz,Total,123
16072 Castillo de Garcimuñoz,España,120
16072 Castillo de Garcimuñoz,Extranjero,3
16073 Cervera del Llano,Total,221
16073 Cervera del Llano,España,182
16073 Cervera del Llano,Extranjero,39
"16074 Cierva, La",Total,38
"16074 Cierva, La",España,34
"16074 Cierva, La",Extranjero,4
16078 Cuenca,Total,53.761
16078 Cuenca,España,45.814
16078 Cuenca,Extranjero,7.947
16079 Cueva del Hierro,Total,27
16079 Cueva del Hierro,España,20
16079 Cueva del Hierro,Extranjero,7
16081 Chumillas,Total,49
16081 Chumillas,España,46
16081 Chumillas,Extranjero,3
16082 Enguídanos,Total,275
16082 Enguídanos,España,243
16082 Enguídanos,Extranjero,32
16083 Fresneda de Altarejos,Total,35
16083 Fresneda de Altarejos,España,35
16083 Fresneda de Altarejos,Extranjero,0
16084 Fresneda de la Sierra,Total,42
16084 Fresneda de la Sierra,España,42
16084 Fresneda de la Sierra,Extranjero,0
"16085 Frontera, La",Total,153
"16085 Frontera, La",España,133
"16085 Frontera, La",Extranjero,20
16086 Fuente de Pedro Naharro,Total,1.302
16086 Fuente de Pedro Naharro,España,1.030
16086 Fuente de Pedro Naharro,Extranjero,272
16087 Fuentelespino de Haro,Total,229
16087 Fuentelespino de Haro,España,203
16087 Fuentelespino de Haro,Extranjero,26
16088 Fuentelespino de Moya,Total,103
16088 Fuentelespino de Moya,España,98
16088 Fuentelespino de Moya,Extranjero,5
16089 Fuentes,Total,465
16089 Fuentes,España,440
16089 Fuentes,Extranjero,25
16091 Fuertescusa,Total,67
16091 Fuertescusa,España,67
16091 Fuertescusa,Extranjero,0
16092 Gabaldón,Total,147
16092 Gabaldón,España,141
16092 Gabaldón,Extranjero,6
16093 Garaballa,Total,60
16093 Garaballa,España,57
16093 Garaballa,Extranjero,3
16094 Gascueña,Total,136
16094 Gascueña,España,119
16094 Gascueña,Extranjero,17
16095 Graja de Campalbo,Total,85
16095 Graja de Campalbo,España,80
16095 Graja de Campalbo,Extranjero,5
16096 Graja de Iniesta,Total,343
16096 Graja de Iniesta,España,294
16096 Graja de Iniesta,Extranjero,49
16097 Henarejos,Total,132
16097 Henarejos,España,124
16097 Henarejos,Extranjero,8
"16098 Herrumblar, El",Total,812
"16098 Herrumblar, El",España,607
"16098 Herrumblar, El",Extranjero,205
"16099 Hinojosa, La",Total,183
"16099 Hinojosa, La",España,174
"16099 Hinojosa, La",Extranjero,9
"16100 Hinojosos, Los",Total,699
"16100 Hinojosos, Los",España,659
"16100 Hinojosos, Los",Extranjero,40
"16101 Hito, El",Total,118
"16101 Hito, El",España,118
"16101 Hito, El",Extranjero,0
16102 Honrubia,Total,1.521
16102 Honrubia,España,1.292
16102 Honrubia,Extranjero,229
16103 Hontanaya,Total,258
16103 Hontanaya,España,236
16103 Hontanaya,Extranjero,22
16104 Hontecillas,Total,54
16104 Hontecillas,España,49
16104 Hontecillas,Extranjero,5
16106 Horcajo de Santiago,Total,3.968
16106 Horcajo de Santiago,España,3.293
16106 Horcajo de Santiago,Extranjero,675
16107 Huélamo,Total,71
16107 Huélamo,España,70
16107 Huélamo,Extranjero,1
16108 Huelves,Total,107
16108 Huelves,España,81
16108 Huelves,Extranjero,26
16109 Huérguina,Total,41
16109 Huérguina,España,39
16109 Huérguina,Extranjero,2
16110 Huerta de la Obispalía,Total,125
16110 Huerta de la Obispalía,España,97
16110 Huerta de la Obispalía,Extranjero,28
16111 Huerta del Marquesado,Total,166
16111 Huerta del Marquesado,España,145
16111 Huerta del Marquesado,Extranjero,21
16112 Huete,Total,1.813
16112 Huete,España,1.629
16112 Huete,Extranjero,184
16113 Iniesta,Total,4.535
16113 Iniesta,España,3.473
16113 Iniesta,Extranjero,1.062
16115 Laguna del Marquesado,Total,58
16115 Laguna del Marquesado,España,47
16115 Laguna del Marquesado,Extranjero,11
16116 Lagunaseca,Total,51
16116 Lagunaseca,España,51
16116 Lagunaseca,Extranjero,0
16117 Landete,Total,1.216
16117 Landete,España,1.002
16117 Landete,Extranjero,214
16118 Ledaña,Total,1.584
16118 Ledaña,España,1.431
16118 Ledaña,Extranjero,153
16119 Leganiel,Total,226
16119 Leganiel,España,217
16119 Leganiel,Extranjero,9
"16121 Majadas, Las",Total,214
"16121 Majadas, Las",España,212
"16121 Majadas, Las",Extranjero,2
16122 Mariana,Total,335
16122 Mariana,España,312
16122 Mariana,Extranjero,23
16123 Masegosa,Total,57
16123 Masegosa,España,57
16123 Masegosa,Extranjero,0
"16124 Mesas, Las",Total,2.253
"16124 Mesas, Las",España,1.981
"16124 Mesas, Las",Extranjero,272
16125 Minglanilla,Total,2.413
16125 Minglanilla,España,1.923
16125 Minglanilla,Extranjero,490
16126 Mira,Total,934
16126 Mira,España,829
16126 Mira,Extranjero,105
16128 Monreal del Llano,Total,45
16128 Monreal del Llano,España,42
16128 Monreal del Llano,Extranjero,3
16129 Montalbanejo,Total,83
16129 Montalbanejo,España,71
16129 Montalbanejo,Extranjero,12
16130 Montalbo,Total,716
16130 Montalbo,España,602
16130 Montalbo,Extranjero,114
16131 Monteagudo de las Salinas,Total,130
16131 Monteagudo de las Salinas,España,126
16131 Monteagudo de las Salinas,Extranjero,4
16132 Mota de Altarejos,Total,24
16132 Mota de Altarejos,España,24
16132 Mota de Altarejos,Extranjero,0
16133 Mota del Cuervo,Total,6.071
16133 Mota del Cuervo,España,5.277
16133 Mota del Cuervo,Extranjero,794
16134 Motilla del Palancar,Total,6.485
16134 Motilla del Palancar,España,5.085
16134 Motilla del Palancar,Extranjero,1.400
16135 Moya,Total,133
16135 Moya,España,115
16135 Moya,Extranjero,18
16137 Narboneta,Total,43
16137 Narboneta,España,38
16137 Narboneta,Extranjero,5
16139 Olivares de Júcar,Total,299
16139 Olivares de Júcar,España,267
16139 Olivares de Júcar,Extranjero,32
16140 Olmeda de la Cuesta,Total,17
16140 Olmeda de la Cuesta,España,17
16140 Olmeda de la Cuesta,Extranjero,0
16141 Olmeda del Rey,Total,131
16141 Olmeda del Rey,España,119
16141 Olmeda del Rey,Extranjero,12
16142 Olmedilla de Alarcón,Total,129
16142 Olmedilla de Alarcón,España,111
16142 Olmedilla de Alarcón,Extranjero,18
16143 Olmedilla de Eliz,Total,20
16143 Olmedilla de Eliz,España,20
16143 Olmedilla de Eliz,Extranjero,0
16145 Osa de la Vega,Total,450
16145 Osa de la Vega,España,412
16145 Osa de la Vega,Extranjero,38
16146 Pajarón,Total,71
16146 Pajarón,España,70
16146 Pajarón,Extranjero,1
16147 Pajaroncillo,Total,66
16147 Pajaroncillo,España,55
16147 Pajaroncillo,Extranjero,11
16148 Palomares del Campo,Total,553
16148 Palomares del Campo,España,524
16148 Palomares del Campo,Extranjero,29
16149 Palomera,Total,187
16149 Palomera,España,174
16149 Palomera,Extranjero,13
16150 Paracuellos,Total,105
16150 Paracuellos,España,96
16150 Paracuellos,Extranjero,9
16151 Paredes,Total,62
16151 Paredes,España,60
16151 Paredes,Extranjero,2
"16152 Parra de las Vegas, La",Total,37
"16152 Parra de las Vegas, La",España,37
"16152 Parra de las Vegas, La",Extranjero,0
"16153 Pedernoso, El",Total,1.117
"16153 Pedernoso, El",España,979
"16153 Pedernoso, El",Extranjero,138
"16154 Pedroñeras, Las",Total,6.530
"16154 Pedroñeras, Las",España,5.264
"16154 Pedroñeras, Las",Extranjero,1.266
"16155 Peral, El",Total,677
"16155 Peral, El",España,543
"16155 Peral, El",Extranjero,134
"16156 Peraleja, La",Total,80
"16156 Peraleja, La",España,68
"16156 Peraleja, La",Extranjero,12
"16157 Pesquera, La",Total,225
"16157 Pesquera, La",España,211
"16157 Pesquera, La",Extranjero,14
"16158 Picazo, El",Total,698
"16158 Picazo, El",España,590
"16158 Picazo, El",Extranjero,108
16159 Pinarejo,Total,174
16159 Pinarejo,España,160
16159 Pinarejo,Extranjero,14
16160 Pineda de Gigüela,Total,58
16160 Pineda de Gigüela,España,47
16160 Pineda de Gigüela,Extranjero,11
16161 Piqueras del Castillo,Total,36
16161 Piqueras del Castillo,España,34
16161 Piqueras del Castillo,Extranjero,2
16162 Portalrubio de Guadamejud,Total,37
16162 Portalrubio de Guadamejud,España,34
16162 Portalrubio de Guadamejud,Extranjero,3
16163 Portilla,Total,58
16163 Portilla,España,58
16163 Portilla,Extranjero,0
16165 Poyatos,Total,72
16165 Poyatos,España,67
16165 Poyatos,Extranjero,5
16166 Pozoamargo,Total,251
16166 Pozoamargo,España,218
16166 Pozoamargo,Extranjero,33
16167 Pozorrubio de Santiago,Total,307
16167 Pozorrubio de Santiago,España,290
16167 Pozorrubio de Santiago,Extranjero,17
"16169 Pozuelo, El",Total,45
"16169 Pozuelo, El",España,41
"16169 Pozuelo, El",Extranjero,4
16170 Priego,Total,913
16170 Priego,España,678
16170 Priego,Extranjero,235
"16171 Provencio, El",Total,2.329
"16171 Provencio, El",España,1.881
"16171 Provencio, El",Extranjero,448
16172 Puebla de Almenara,Total,295
16172 Puebla de Almenara,España,262
16172 Puebla de Almenara,Extranjero,33
"16173 Valle de Altomira, El",Total,194
"16173 Valle de Altomira, El",España,172
"16173 Valle de Altomira, El",Extranjero,22
16174 Puebla del Salvador,Total,193
16174 Puebla del Salvador,España,187
16174 Puebla del Salvador,Extranjero,6
16175 Quintanar del Rey,Total,7.642
16175 Quintanar del Rey,España,6.101
16175 Quintanar del Rey,Extranjero,1.541
16176 Rada de Haro,Total,49
16176 Rada de Haro,España,26
16176 Rada de Haro,Extranjero,23
16177 Reíllo,Total,107
16177 Reíllo,España,82
16177 Reíllo,Extranjero,25
16181 Rozalén del Monte,Total,48
16181 Rozalén del Monte,España,47
16181 Rozalén del Monte,Extranjero,1
16185 Saceda-Trasierra,Total,34
16185 Saceda-Trasierra,España,30
16185 Saceda-Trasierra,Extranjero,4
16186 Saelices,Total,478
16186 Saelices,España,407
16186 Saelices,Extranjero,71
16187 Salinas del Manzano,Total,88
16187 Salinas del Manzano,España,62
16187 Salinas del Manzano,Extranjero,26
16188 Salmeroncillos,Total,106
16188 Salmeroncillos,España,78
16188 Salmeroncillos,Extranjero,28
16189 Salvacañete,Total,298
16189 Salvacañete,España,256
16189 Salvacañete,Extranjero,42
16190 San Clemente,Total,6.730
16190 San Clemente,España,5.648
16190 San Clemente,Extranjero,1.082
16191 San Lorenzo de la Parrilla,Total,1.114
16191 San Lorenzo de la Parrilla,España,862
16191 San Lorenzo de la Parrilla,Extranjero,252
16192 San Martín de Boniches,Total,43
16192 San Martín de Boniches,España,43
16192 San Martín de Boniches,Extranjero,0
16193 San Pedro Palmiches,Total,54
16193 San Pedro Palmiches,España,52
16193 San Pedro Palmiches,Extranjero,2
16194 Santa Cruz de Moya,Total,234
16194 Santa Cruz de Moya,España,223
16194 Santa Cruz de Moya,Extranjero,11
16195 Santa María del Campo Rus,Total,529
16195 Santa María del Campo Rus,España,434
16195 Santa María del Campo Rus,Extranjero,95
16196 Santa María de los Llanos,Total,661
16196 Santa María de los Llanos,España,634
16196 Santa María de los Llanos,Extranjero,27
16197 Santa María del Val,Total,54
16197 Santa María del Val,España,52
16197 Santa María del Val,Extranjero,2
16198 Sisante,Total,1.643
16198 Sisante,España,1.413
16198 Sisante,Extranjero,230
16199 Solera de Gabaldón,Total,33
16199 Solera de Gabaldón,España,33
16199 Solera de Gabaldón,Extranjero,0
16202 Talayuelas,Total,870
16202 Talayuelas,España,757
16202 Talayuelas,Extranjero,113
16203 Tarancón,Total,17.207
16203 Tarancón,España,12.318
16203 Tarancón,Extranjero,4.889
16204 Tébar,Total,307
16204 Tébar,España,264
16204 Tébar,Extranjero,43
16205 Tejadillos,Total,105
16205 Tejadillos,España,104
16205 Tejadillos,Extranjero,1
16206 Tinajas,Total,187
16206 Tinajas,España,171
16206 Tinajas,Extranjero,16
16209 Torralba,Total,114
16209 Torralba,España,103
16209 Torralba,Extranjero,11
16211 Torrejoncillo del Rey,Total,340
16211 Torrejoncillo del Rey,España,318
16211 Torrejoncillo del Rey,Extranjero,22
16212 Torrubia del Campo,Total,315
16212 Torrubia del Campo,España,284
16212 Torrubia del Campo,Extranjero,31
16213 Torrubia del Castillo,Total,42
16213 Torrubia del Castillo,España,36
16213 Torrubia del Castillo,Extranjero,6
16215 Tragacete,Total,262
16215 Tragacete,España,235
16215 Tragacete,Extranjero,27
16216 Tresjuncos,Total,257
16216 Tresjuncos,España,251
16216 Tresjuncos,Extranjero,6
16217 Tribaldos,Total,102
16217 Tribaldos,España,91
16217 Tribaldos,Extranjero,11
16218 Uclés,Total,231
16218 Uclés,España,201
16218 Uclés,Extranjero,30
16219 Uña,Total,91
16219 Uña,España,88
16219 Uña,Extranjero,3
16224 Valdemeca,Total,82
16224 Valdemeca,España,81
16224 Valdemeca,Extranjero,1
16225 Valdemorillo de la Sierra,Total,49
16225 Valdemorillo de la Sierra,España,44
16225 Valdemorillo de la Sierra,Extranjero,5
16227 Valdemoro-Sierra,Total,98
16227 Valdemoro-Sierra,España,84
16227 Valdemoro-Sierra,Extranjero,14
16228 Valdeolivas,Total,212
16228 Valdeolivas,España,174
16228 Valdeolivas,Extranjero,38
16231 Valhermoso de la Fuente,Total,60
16231 Valhermoso de la Fuente,España,51
16231 Valhermoso de la Fuente,Extranjero,9
16234 Valsalobre,Total,17
16234 Valsalobre,España,17
16234 Valsalobre,Extranjero,0
16236 Valverde de Júcar,Total,1.122
16236 Valverde de Júcar,España,969
16236 Valverde de Júcar,Extranjero,153
16237 Valverdejo,Total,87
16237 Valverdejo,España,84
16237 Valverdejo,Extranjero,3
16238 Vara de Rey,Total,467
16238 Vara de Rey,España,443
16238 Vara de Rey,Extranjero,24
16239 Vega del Codorno,Total,141
16239 Vega del Codorno,España,130
16239 Vega del Codorno,Extranjero,11
16240 Vellisca,Total,129
16240 Vellisca,España,114
16240 Vellisca,Extranjero,15
16242 Villaconejos de Trabaque,Total,331
16242 Villaconejos de Trabaque,España,293
16242 Villaconejos de Trabaque,Extranjero,38
16243 Villaescusa de Haro,Total,480
16243 Villaescusa de Haro,España,359
16243 Villaescusa de Haro,Extranjero,121
16244 Villagarcía del Llano,Total,774
16244 Villagarcía del Llano,España,720
16244 Villagarcía del Llano,Extranjero,54
16245 Villalba de la Sierra,Total,573
16245 Villalba de la Sierra,España,513
16245 Villalba de la Sierra,Extranjero,60
16246 Villalba del Rey,Total,475
16246 Villalba del Rey,España,436
16246 Villalba del Rey,Extranjero,39
16247 Villalgordo del Marquesado,Total,62
16247 Villalgordo del Marquesado,España,50
16247 Villalgordo del Marquesado,Extranjero,12
16248 Villalpardo,Total,981
16248 Villalpardo,España,916
16248 Villalpardo,Extranjero,65
16249 Villamayor de Santiago,Total,2.347
16249 Villamayor de Santiago,España,2.050
16249 Villamayor de Santiago,Extranjero,297
16250 Villanueva de Guadamejud,Total,59
16250 Villanueva de Guadamejud,España,57
16250 Villanueva de Guadamejud,Extranjero,2
16251 Villanueva de la Jara,Total,2.460
16251 Villanueva de la Jara,España,1.876
16251 Villanueva de la Jara,Extranjero,584
16253 Villar de Cañas,Total,391
16253 Villar de Cañas,España,337
16253 Villar de Cañas,Extranjero,54
16254 Villar de Domingo García,Total,215
16254 Villar de Domingo García,España,204
16254 Villar de Domingo García,Extranjero,11
16255 Villar de la Encina,Total,149
16255 Villar de la Encina,España,129
16255 Villar de la Encina,Extranjero,20
16258 Villar del Humo,Total,182
16258 Villar del Humo,España,154
16258 Villar del Humo,Extranjero,28
16259 Villar del Infantado,Total,34
16259 Villar del Infantado,España,26
16259 Villar del Infantado,Extranjero,8
16263 Villar de Olalla,Total,1.565
16263 Villar de Olalla,España,1.295
16263 Villar de Olalla,Extranjero,270
16264 Villarejo de Fuentes,Total,404
16264 Villarejo de Fuentes,España,367
16264 Villarejo de Fuentes,Extranjero,37
16265 Villarejo de la Peñuela,Total,17
16265 Villarejo de la Peñuela,España,17
16265 Villarejo de la Peñuela,Extranjero,0
16266 Villarejo-Periesteban,Total,367
16266 Villarejo-Periesteban,España,357
16266 Villarejo-Periesteban,Extranjero,10
16269 Villares del Saz,Total,505
16269 Villares del Saz,España,407
16269 Villares del Saz,Extranjero,98
16270 Villarrubio,Total,215
16270 Villarrubio,España,178
16270 Villarrubio,Extranjero,37
16271 Villarta,Total,860
16271 Villarta,España,680
16271 Villarta,Extranjero,180
16272 Villas de la Ventosa,Total,226
16272 Villas de la Ventosa,España,209
16272 Villas de la Ventosa,Extranjero,17
16273 Villaverde y Pasaconsol,Total,323
16273 Villaverde y Pasaconsol,España,290
16273 Villaverde y Pasaconsol,Extranjero,33
16274 Víllora,Total,119
16274 Víllora,España,101
16274 Víllora,Extranjero,18
16275 Vindel,Total,20
16275 Vindel,España,18
16275 Vindel,Extranjero,2
16276 Yémeda,Total,19
16276 Yémeda,España,18
16276 Yémeda,Extranjero,1
16277 Zafra de Záncara,Total,92
16277 Zafra de Záncara,España,85
16277 Zafra de Záncara,Extranjero,7
16278 Zafrilla,Total,59
16278 Zafrilla,España,48
16278 Zafrilla,Extranjero,11
16279 Zarza de Tajo,Total,322
16279 Zarza de Tajo,España,212
16279 Zarza de Tajo,Extranjero,110
16280 Zarzuela,Total,176
16280 Zarzuela,España,171
16280 Zarzuela,Extranjero,5
16901 Campos del Paraíso,Total,653
16901 Campos del Paraíso,España,586
16901 Campos del Paraíso,Extranjero,67
16902 Valdetórtola,Total,115
16902 Valdetórtola,España,115
16902 Valdetórtola,Extranjero,0
"16903 Valeras, Las",Total,1.531
"16903 Valeras, Las",España,1.155
"16903 Valeras, Las",Extranjero,376
16904 Fuentenava de Jábaga,Total,640
16904 Fuentenava de Jábaga,España,601
16904 Fuentenava de Jábaga,Extranjero,39
16905 Arcas,Total,2.392
16905 Arcas,España,2.119
16905 Arcas,Extranjero,273
"16906 Valdecolmenas, Los",Total,69
"16906 Valdecolmenas, Los",España,64
"16906 Valdecolmenas, Los",Extranjero,5
16908 Pozorrubielos de la Mancha,Total,175
16908 Pozorrubielos de la Mancha,España,139
16908 Pozorrubielos de la Mancha,Extranjero,36
16909 Sotorribas,Total,710
16909 Sotorribas,España,671
16909 Sotorribas,Extranjero,39
16910 Villar y Velasco,Total,92
16910 Villar y Velasco,España,82
16910 Villar y Velasco,Extranjero,10
17001 Agullana,Total,881
17001 Agullana,España,711
17001 Agullana,Extranjero,170
17002 Aiguaviva,Total,805
17002 Aiguaviva,España,737
17002 Aiguaviva,Extranjero,68
17003 Albanyà,Total,158
17003 Albanyà,España,131
17003 Albanyà,Extranjero,27
17004 Albons,Total,852
17004 Albons,España,716
17004 Albons,Extranjero,136
"17005 Far d'Empordà, El",Total,624
"17005 Far d'Empordà, El",España,573
"17005 Far d'Empordà, El",Extranjero,51
17006 Alp,Total,1.724
17006 Alp,España,1.427
17006 Alp,Extranjero,297
17007 Amer,Total,2.419
17007 Amer,España,2.078
17007 Amer,Extranjero,341
17008 Anglès,Total,5.904
17008 Anglès,España,4.322
17008 Anglès,Extranjero,1.582
17009 Arbúcies,Total,6.635
17009 Arbúcies,España,4.986
17009 Arbúcies,Extranjero,1.649
17010 Argelaguer,Total,467
17010 Argelaguer,España,410
17010 Argelaguer,Extranjero,57
"17011 Armentera, L'",Total,1.076
"17011 Armentera, L'",España,876
"17011 Armentera, L'",Extranjero,200
17012 Avinyonet de Puigventós,Total,1.669
17012 Avinyonet de Puigventós,España,1.528
17012 Avinyonet de Puigventós,Extranjero,141
17013 Begur,Total,4.286
17013 Begur,España,3.224
17013 Begur,Extranjero,1.062
"17014 Vajol, La",Total,110
"17014 Vajol, La",España,78
"17014 Vajol, La",Extranjero,32
17015 Banyoles,Total,20.887
17015 Banyoles,España,16.009
17015 Banyoles,Extranjero,4.878
17016 Bàscara,Total,1.048
17016 Bàscara,España,884
17016 Bàscara,Extranjero,164
17018 Bellcaire d'Empordà,Total,722
17018 Bellcaire d'Empordà,España,593
17018 Bellcaire d'Empordà,Extranjero,129
17019 Besalú,Total,2.591
17019 Besalú,España,2.132
17019 Besalú,Extranjero,459
17020 Bescanó,Total,5.087
17020 Bescanó,España,4.659
17020 Bescanó,Extranjero,428
17021 Beuda,Total,202
17021 Beuda,España,164
17021 Beuda,Extranjero,38
"17022 Bisbal d'Empordà, La",Total,11.731
"17022 Bisbal d'Empordà, La",España,8.589
"17022 Bisbal d'Empordà, La",Extranjero,3.142
17023 Blanes,Total,42.446
17023 Blanes,España,31.484
17023 Blanes,Extranjero,10.962
17024 Bolvir,Total,493
17024 Bolvir,España,410
17024 Bolvir,Extranjero,83
17025 Bordils,Total,1.824
17025 Bordils,España,1.509
17025 Bordils,Extranjero,315
17026 Borrassà,Total,802
17026 Borrassà,España,717
17026 Borrassà,Extranjero,85
17027 Breda,Total,3.964
17027 Breda,España,3.451
17027 Breda,Extranjero,513
17028 Brunyola i Sant Martí Sapresa,Total,399
17028 Brunyola i Sant Martí Sapresa,España,349
17028 Brunyola i Sant Martí Sapresa,Extranjero,50
17029 Boadella i les Escaules,Total,264
17029 Boadella i les Escaules,España,225
17029 Boadella i les Escaules,Extranjero,39
17030 Cabanes,Total,998
17030 Cabanes,España,752
17030 Cabanes,Extranjero,246
17031 Cabanelles,Total,286
17031 Cabanelles,España,225
17031 Cabanelles,Extranjero,61
17032 Cadaqués,Total,2.906
17032 Cadaqués,España,1.865
17032 Cadaqués,Extranjero,1.041
17033 Caldes de Malavella,Total,8.644
17033 Caldes de Malavella,España,7.356
17033 Caldes de Malavella,Extranjero,1.288
17034 Calonge i Sant Antoni,Total,12.268
17034 Calonge i Sant Antoni,España,8.755
17034 Calonge i Sant Antoni,Extranjero,3.513
17035 Camós,Total,700
17035 Camós,España,655
17035 Camós,Extranjero,45
17036 Campdevànol,Total,3.240
17036 Campdevànol,España,2.949
17036 Campdevànol,Extranjero,291
17037 Campelles,Total,163
17037 Campelles,España,144
17037 Campelles,Extranjero,19
17038 Campllong,Total,534
17038 Campllong,España,494
17038 Campllong,Extranjero,40
17039 Camprodon,Total,2.560
17039 Camprodon,España,1.955
17039 Camprodon,Extranjero,605
17040 Canet d'Adri,Total,742
17040 Canet d'Adri,España,671
17040 Canet d'Adri,Extranjero,71
17041 Cantallops,Total,367
17041 Cantallops,España,271
17041 Cantallops,Extranjero,96
17042 Capmany,Total,677
17042 Capmany,España,502
17042 Capmany,Extranjero,175
17043 Queralbs,Total,202
17043 Queralbs,España,193
17043 Queralbs,Extranjero,9
17044 Cassà de la Selva,Total,11.167
17044 Cassà de la Selva,España,8.762
17044 Cassà de la Selva,Extranjero,2.405
17046 Castellfollit de la Roca,Total,960
17046 Castellfollit de la Roca,España,812
17046 Castellfollit de la Roca,Extranjero,148
17047 Castelló d'Empúries,Total,12.275
17047 Castelló d'Empúries,España,6.199
17047 Castelló d'Empúries,Extranjero,6.076
"17048 Castell d'Aro, Platja d'Aro i s'Agaró",Total,12.889
"17048 Castell d'Aro, Platja d'Aro i s'Agaró",España,7.344
"17048 Castell d'Aro, Platja d'Aro i s'Agaró",Extranjero,5.545
17049 Celrà,Total,5.613
17049 Celrà,España,4.453
17049 Celrà,Extranjero,1.160
17050 Cervià de Ter,Total,1.030
17050 Cervià de Ter,España,894
17050 Cervià de Ter,Extranjero,136
17051 Cistella,Total,285
17051 Cistella,España,255
17051 Cistella,Extranjero,30
17052 Siurana,Total,188
17052 Siurana,España,157
17052 Siurana,Extranjero,31
17054 Colera,Total,489
17054 Colera,España,371
17054 Colera,Extranjero,118
17055 Colomers,Total,206
17055 Colomers,España,170
17055 Colomers,Extranjero,36
17056 Cornellà del Terri,Total,2.413
17056 Cornellà del Terri,España,2.105
17056 Cornellà del Terri,Extranjero,308
17057 Corçà,Total,1.285
17057 Corçà,España,1.175
17057 Corçà,Extranjero,110
17058 Crespià,Total,253
17058 Crespià,España,210
17058 Crespià,Extranjero,43
17060 Darnius,Total,561
17060 Darnius,España,438
17060 Darnius,Extranjero,123
17061 Das,Total,261
17061 Das,España,232
17061 Das,Extranjero,29
"17062 Escala, L'",Total,10.641
"17062 Escala, L'",España,7.216
"17062 Escala, L'",Extranjero,3.425
17063 Espinelves,Total,262
17063 Espinelves,España,243
17063 Espinelves,Extranjero,19
17064 Espolla,Total,399
17064 Espolla,España,334
17064 Espolla,Extranjero,65
17065 Esponellà,Total,444
17065 Esponellà,España,391
17065 Esponellà,Extranjero,53
17066 Figueres,Total,49.556
17066 Figueres,España,31.178
17066 Figueres,Extranjero,18.378
17067 Flaçà,Total,1.174
17067 Flaçà,España,872
17067 Flaçà,Extranjero,302
17068 Foixà,Total,298
17068 Foixà,España,272
17068 Foixà,Extranjero,26
17069 Fontanals de Cerdanya,Total,516
17069 Fontanals de Cerdanya,España,468
17069 Fontanals de Cerdanya,Extranjero,48
17070 Fontanilles,Total,170
17070 Fontanilles,España,123
17070 Fontanilles,Extranjero,47
17071 Fontcoberta,Total,1.482
17071 Fontcoberta,España,1.411
17071 Fontcoberta,Extranjero,71
17073 Fornells de la Selva,Total,2.813
17073 Fornells de la Selva,España,2.598
17073 Fornells de la Selva,Extranjero,215
17074 Fortià,Total,789
17074 Fortià,España,673
17074 Fortià,Extranjero,116
17075 Garrigàs,Total,479
17075 Garrigàs,España,420
17075 Garrigàs,Extranjero,59
17076 Garrigoles,Total,183
17076 Garrigoles,España,155
17076 Garrigoles,Extranjero,28
17077 Garriguella,Total,989
17077 Garriguella,España,787
17077 Garriguella,Extranjero,202
17078 Ger,Total,501
17078 Ger,España,446
17078 Ger,Extranjero,55
17079 Girona,Total,108.352
17079 Girona,España,76.436
17079 Girona,Extranjero,31.916
17080 Gombrèn,Total,206
17080 Gombrèn,España,184
17080 Gombrèn,Extranjero,22
17081 Gualta,Total,437
17081 Gualta,España,288
17081 Gualta,Extranjero,149
17082 Guils de Cerdanya,Total,559
17082 Guils de Cerdanya,España,505
17082 Guils de Cerdanya,Extranjero,54
17083 Hostalric,Total,4.464
17083 Hostalric,España,3.660
17083 Hostalric,Extranjero,804
17084 Isòvol,Total,314
17084 Isòvol,España,300
17084 Isòvol,Extranjero,14
17085 Jafre,Total,384
17085 Jafre,España,330
17085 Jafre,Extranjero,54
"17086 Jonquera, La",Total,3.410
"17086 Jonquera, La",España,1.836
"17086 Jonquera, La",Extranjero,1.574
17087 Juià,Total,320
17087 Juià,España,286
17087 Juià,Extranjero,34
17088 Lladó,Total,823
17088 Lladó,España,730
17088 Lladó,Extranjero,93
17089 Llagostera,Total,9.579
17089 Llagostera,España,7.542
17089 Llagostera,Extranjero,2.037
17090 Llambilles,Total,732
17090 Llambilles,España,676
17090 Llambilles,Extranjero,56
17091 Llanars,Total,517
17091 Llanars,España,446
17091 Llanars,Extranjero,71
17092 Llançà,Total,5.033
17092 Llançà,España,4.058
17092 Llançà,Extranjero,975
17093 Llers,Total,1.268
17093 Llers,España,1.070
17093 Llers,Extranjero,198
17094 Llívia,Total,1.572
17094 Llívia,España,1.269
17094 Llívia,Extranjero,303
17095 Lloret de Mar,Total,41.944
17095 Lloret de Mar,España,22.915
17095 Lloret de Mar,Extranjero,19.029
"17096 Llosses, Les",Total,197
"17096 Llosses, Les",España,181
"17096 Llosses, Les",Extranjero,16
17097 Madremanya,Total,277
17097 Madremanya,España,234
17097 Madremanya,Extranjero,43
17098 Maià de Montcal,Total,498
17098 Maià de Montcal,España,385
17098 Maià de Montcal,Extranjero,113
17099 Meranges,Total,111
17099 Meranges,España,94
17099 Meranges,Extranjero,17
17100 Masarac i Vilarnadal,Total,291
17100 Masarac i Vilarnadal,España,227
17100 Masarac i Vilarnadal,Extranjero,64
17101 Massanes,Total,881
17101 Massanes,España,774
17101 Massanes,Extranjero,107
17102 Maçanet de Cabrenys,Total,768
17102 Maçanet de Cabrenys,España,610
17102 Maçanet de Cabrenys,Extranjero,158
17103 Maçanet de la Selva,Total,8.065
17103 Maçanet de la Selva,España,6.640
17103 Maçanet de la Selva,Extranjero,1.425
17105 Mieres,Total,368
17105 Mieres,España,321
17105 Mieres,Extranjero,47
17106 Mollet de Peralada,Total,202
17106 Mollet de Peralada,España,161
17106 Mollet de Peralada,Extranjero,41
17107 Molló,Total,350
17107 Molló,España,322
17107 Molló,Extranjero,28
17109 Montagut i Oix,Total,1.014
17109 Montagut i Oix,España,904
17109 Montagut i Oix,Extranjero,110
17110 Mont-ras,Total,1.690
17110 Mont-ras,España,1.459
17110 Mont-ras,Extranjero,231
17111 Navata,Total,1.504
17111 Navata,España,1.222
17111 Navata,Extranjero,282
17112 Ogassa,Total,222
17112 Ogassa,España,214
17112 Ogassa,Extranjero,8
17114 Olot,Total,39.516
17114 Olot,España,26.328
17114 Olot,Extranjero,13.188
17115 Ordis,Total,411
17115 Ordis,España,364
17115 Ordis,Extranjero,47
17116 Osor,Total,429
17116 Osor,España,372
17116 Osor,Extranjero,57
17117 Palafrugell,Total,24.556
17117 Palafrugell,España,17.106
17117 Palafrugell,Extranjero,7.450
17118 Palamós,Total,18.921
17118 Palamós,España,14.339
17118 Palamós,Extranjero,4.582
17119 Palau de Santa Eulàlia,Total,124
17119 Palau de Santa Eulàlia,España,110
17119 Palau de Santa Eulàlia,Extranjero,14
17120 Palau-saverdera,Total,1.524
17120 Palau-saverdera,España,1.066
17120 Palau-saverdera,Extranjero,458
17121 Palau-sator,Total,320
17121 Palau-sator,España,256
17121 Palau-sator,Extranjero,64
17123 Palol de Revardit,Total,463
17123 Palol de Revardit,España,430
17123 Palol de Revardit,Extranjero,33
17124 Pals,Total,2.552
17124 Pals,España,1.827
17124 Pals,Extranjero,725
17125 Pardines,Total,168
17125 Pardines,España,161
17125 Pardines,Extranjero,7
17126 Parlavà,Total,435
17126 Parlavà,España,403
17126 Parlavà,Extranjero,32
17128 Pau,Total,558
17128 Pau,España,404
17128 Pau,Extranjero,154
17129 Pedret i Marzà,Total,208
17129 Pedret i Marzà,España,171
17129 Pedret i Marzà,Extranjero,37
"17130 Pera, La",Total,449
"17130 Pera, La",España,392
"17130 Pera, La",Extranjero,57
17132 Peralada,Total,2.087
17132 Peralada,España,1.740
17132 Peralada,Extranjero,347
"17133 Planes d'Hostoles, Les",Total,1.747
"17133 Planes d'Hostoles, Les",España,1.506
"17133 Planes d'Hostoles, Les",Extranjero,241
17134 Planoles,Total,313
17134 Planoles,España,268
17134 Planoles,Extranjero,45
17135 Pont de Molins,Total,586
17135 Pont de Molins,España,471
17135 Pont de Molins,Extranjero,115
17136 Pontós,Total,295
17136 Pontós,España,247
17136 Pontós,Extranjero,48
17137 Porqueres,Total,4.804
17137 Porqueres,España,4.318
17137 Porqueres,Extranjero,486
17138 Portbou,Total,1.132
17138 Portbou,España,841
17138 Portbou,Extranjero,291
"17139 Preses, Les",Total,1.946
"17139 Preses, Les",España,1.780
"17139 Preses, Les",Extranjero,166
"17140 Port de la Selva, El",Total,1.055
"17140 Port de la Selva, El",España,777
"17140 Port de la Selva, El",Extranjero,278
17141 Puigcerdà,Total,10.053
17141 Puigcerdà,España,6.605
17141 Puigcerdà,Extranjero,3.448
17142 Quart,Total,4.161
17142 Quart,España,3.714
17142 Quart,Extranjero,447
17143 Rabós,Total,236
17143 Rabós,España,176
17143 Rabós,Extranjero,60
17144 Regencós,Total,274
17144 Regencós,España,237
17144 Regencós,Extranjero,37
17145 Ribes de Freser,Total,1.839
17145 Ribes de Freser,España,1.554
17145 Ribes de Freser,Extranjero,285
17146 Riells i Viabrea,Total,4.627
17146 Riells i Viabrea,España,4.064
17146 Riells i Viabrea,Extranjero,563
17147 Ripoll,Total,10.812
17147 Ripoll,España,8.692
17147 Ripoll,Extranjero,2.120
17148 Riudarenes,Total,2.524
17148 Riudarenes,España,2.059
17148 Riudarenes,Extranjero,465
17149 Riudaura,Total,526
17149 Riudaura,España,494
17149 Riudaura,Extranjero,32
17150 Riudellots de la Selva,Total,2.121
17150 Riudellots de la Selva,España,1.817
17150 Riudellots de la Selva,Extranjero,304
17151 Riumors,Total,258
17151 Riumors,España,209
17151 Riumors,Extranjero,49
17152 Roses,Total,20.175
17152 Roses,España,12.815
17152 Roses,Extranjero,7.360
17153 Rupià,Total,323
17153 Rupià,España,269
17153 Rupià,Extranjero,54
17154 Sales de Llierca,Total,164
17154 Sales de Llierca,España,125
17154 Sales de Llierca,Extranjero,39
17155 Salt,Total,34.603
17155 Salt,España,19.108
17155 Salt,Extranjero,15.495
17157 Sant Andreu Salou,Total,163
17157 Sant Andreu Salou,España,149
17157 Sant Andreu Salou,Extranjero,14
17158 Sant Climent Sescebes,Total,691
17158 Sant Climent Sescebes,España,561
17158 Sant Climent Sescebes,Extranjero,130
17159 Sant Feliu de Buixalleu,Total,883
17159 Sant Feliu de Buixalleu,España,801
17159 Sant Feliu de Buixalleu,Extranjero,82
17160 Sant Feliu de Guíxols,Total,23.060
17160 Sant Feliu de Guíxols,España,16.860
17160 Sant Feliu de Guíxols,Extranjero,6.200
17161 Sant Feliu de Pallerols,Total,1.658
17161 Sant Feliu de Pallerols,España,1.335
17161 Sant Feliu de Pallerols,Extranjero,323
17162 Sant Ferriol,Total,248
17162 Sant Ferriol,España,197
17162 Sant Ferriol,Extranjero,51
17163 Sant Gregori,Total,4.187
17163 Sant Gregori,España,3.894
17163 Sant Gregori,Extranjero,293
17164 Sant Hilari Sacalm,Total,6.071
17164 Sant Hilari Sacalm,España,4.805
17164 Sant Hilari Sacalm,Extranjero,1.266
17165 Sant Jaume de Llierca,Total,861
17165 Sant Jaume de Llierca,España,717
17165 Sant Jaume de Llierca,Extranjero,144
17166 Sant Jordi Desvalls,Total,881
17166 Sant Jordi Desvalls,España,724
17166 Sant Jordi Desvalls,Extranjero,157
17167 Sant Joan de les Abadesses,Total,3.393
17167 Sant Joan de les Abadesses,España,2.941
17167 Sant Joan de les Abadesses,Extranjero,452
17168 Sant Joan de Mollet,Total,536
17168 Sant Joan de Mollet,España,454
17168 Sant Joan de Mollet,Extranjero,82
17169 Sant Julià de Ramis,Total,3.702
17169 Sant Julià de Ramis,España,3.246
17169 Sant Julià de Ramis,Extranjero,456
17170 Vallfogona de Ripollès,Total,223
17170 Vallfogona de Ripollès,España,211
17170 Vallfogona de Ripollès,Extranjero,12
17171 Sant Llorenç de la Muga,Total,247
17171 Sant Llorenç de la Muga,España,199
17171 Sant Llorenç de la Muga,Extranjero,48
17172 Sant Martí de Llémena,Total,727
17172 Sant Martí de Llémena,España,621
17172 Sant Martí de Llémena,Extranjero,106
17173 Sant Martí Vell,Total,270
17173 Sant Martí Vell,España,220
17173 Sant Martí Vell,Extranjero,50
17174 Sant Miquel de Campmajor,Total,257
17174 Sant Miquel de Campmajor,España,221
17174 Sant Miquel de Campmajor,Extranjero,36
17175 Sant Miquel de Fluvià,Total,858
17175 Sant Miquel de Fluvià,España,670
17175 Sant Miquel de Fluvià,Extranjero,188
17176 Sant Mori,Total,167
17176 Sant Mori,España,119
17176 Sant Mori,Extranjero,48
17177 Sant Pau de Segúries,Total,719
17177 Sant Pau de Segúries,España,658
17177 Sant Pau de Segúries,Extranjero,61
17178 Sant Pere Pescador,Total,2.285
17178 Sant Pere Pescador,España,1.335
17178 Sant Pere Pescador,Extranjero,950
17180 Santa Coloma de Farners,Total,14.218
17180 Santa Coloma de Farners,España,10.903
17180 Santa Coloma de Farners,Extranjero,3.315
17181 Santa Cristina d'Aro,Total,5.972
17181 Santa Cristina d'Aro,España,4.463
17181 Santa Cristina d'Aro,Extranjero,1.509
17182 Santa Llogaia d'Àlguema,Total,400
17182 Santa Llogaia d'Àlguema,España,336
17182 Santa Llogaia d'Àlguema,Extranjero,64
17183 Sant Aniol de Finestres,Total,381
17183 Sant Aniol de Finestres,España,311
17183 Sant Aniol de Finestres,Extranjero,70
17184 Santa Pau,Total,1.578
17184 Santa Pau,España,1.469
17184 Santa Pau,Extranjero,109
17185 Sant Joan les Fonts,Total,3.159
17185 Sant Joan les Fonts,España,2.585
17185 Sant Joan les Fonts,Extranjero,574
17186 Sarrià de Ter,Total,5.404
17186 Sarrià de Ter,España,4.679
17186 Sarrià de Ter,Extranjero,725
"17187 Saus, Camallera i Llampaies",Total,908
"17187 Saus, Camallera i Llampaies",España,721
"17187 Saus, Camallera i Llampaies",Extranjero,187
"17188 Selva de Mar, La",Total,223
"17188 Selva de Mar, La",España,183
"17188 Selva de Mar, La",Extranjero,40
"17189 Cellera de Ter, La",Total,2.033
"17189 Cellera de Ter, La",España,1.772
"17189 Cellera de Ter, La",Extranjero,261
17190 Serinyà,Total,1.227
17190 Serinyà,España,1.053
17190 Serinyà,Extranjero,174
17191 Serra de Daró,Total,241
17191 Serra de Daró,España,190
17191 Serra de Daró,Extranjero,51
17192 Setcases,Total,196
17192 Setcases,España,160
17192 Setcases,Extranjero,36
17193 Sils,Total,6.924
17193 Sils,España,5.808
17193 Sils,Extranjero,1.116
17194 Susqueda,Total,103
17194 Susqueda,España,89
17194 Susqueda,Extranjero,14
"17195 Tallada d'Empordà, La",Total,485
"17195 Tallada d'Empordà, La",España,428
"17195 Tallada d'Empordà, La",Extranjero,57
17196 Terrades,Total,337
17196 Terrades,España,286
17196 Terrades,Extranjero,51
17197 Torrent,Total,181
17197 Torrent,España,156
17197 Torrent,Extranjero,25
17198 Torroella de Fluvià,Total,774
17198 Torroella de Fluvià,España,528
17198 Torroella de Fluvià,Extranjero,246
17199 Torroella de Montgrí,Total,12.507
17199 Torroella de Montgrí,España,8.343
17199 Torroella de Montgrí,Extranjero,4.164
17200 Tortellà,Total,848
17200 Tortellà,España,731
17200 Tortellà,Extranjero,117
17201 Toses,Total,198
17201 Toses,España,178
17201 Toses,Extranjero,20
17202 Tossa de Mar,Total,6.293
17202 Tossa de Mar,España,4.198
17202 Tossa de Mar,Extranjero,2.095
17203 Ultramort,Total,218
17203 Ultramort,España,185
17203 Ultramort,Extranjero,33
17204 Ullà,Total,1.256
17204 Ullà,España,803
17204 Ullà,Extranjero,453
17205 Ullastret,Total,252
17205 Ullastret,España,230
17205 Ullastret,Extranjero,22
17206 Urús,Total,201
17206 Urús,España,175
17206 Urús,Extranjero,26
"17207 Vall d'en Bas, La",Total,3.265
"17207 Vall d'en Bas, La",España,3.065
"17207 Vall d'en Bas, La",Extranjero,200
"17208 Vall de Bianya, La",Total,1.342
"17208 Vall de Bianya, La",España,1.213
"17208 Vall de Bianya, La",Extranjero,129
17209 Vall-llobrega,Total,902
17209 Vall-llobrega,España,802
17209 Vall-llobrega,Extranjero,100
17210 Ventalló,Total,922
17210 Ventalló,España,721
17210 Ventalló,Extranjero,201
17211 Verges,Total,1.160
17211 Verges,España,973
17211 Verges,Extranjero,187
17212 Vidrà,Total,167
17212 Vidrà,España,164
17212 Vidrà,Extranjero,3
17213 Vidreres,Total,8.852
17213 Vidreres,España,6.914
17213 Vidreres,Extranjero,1.938
17214 Vilabertran,Total,962
17214 Vilabertran,España,855
17214 Vilabertran,Extranjero,107
17215 Vilablareix,Total,4.079
17215 Vilablareix,España,3.777
17215 Vilablareix,Extranjero,302
17216 Viladasens,Total,205
17216 Viladasens,España,178
17216 Viladasens,Extranjero,27
17217 Viladamat,Total,499
17217 Viladamat,España,445
17217 Viladamat,Extranjero,54
17218 Vilademuls,Total,898
17218 Vilademuls,España,759
17218 Vilademuls,Extranjero,139
17220 Viladrau,Total,1.182
17220 Viladrau,España,1.027
17220 Viladrau,Extranjero,155
17221 Vilafant,Total,5.664
17221 Vilafant,España,5.087
17221 Vilafant,Extranjero,577
17222 Vilaür,Total,163
17222 Vilaür,España,142
17222 Vilaür,Extranjero,21
17223 Vilajuïga,Total,1.180
17223 Vilajuïga,España,995
17223 Vilajuïga,Extranjero,185
17224 Vilallonga de Ter,Total,396
17224 Vilallonga de Ter,España,336
17224 Vilallonga de Ter,Extranjero,60
17225 Vilamacolum,Total,401
17225 Vilamacolum,España,284
17225 Vilamacolum,Extranjero,117
17226 Vilamalla,Total,1.202
17226 Vilamalla,España,1.084
17226 Vilamalla,Extranjero,118
17227 Vilamaniscle,Total,185
17227 Vilamaniscle,España,153
17227 Vilamaniscle,Extranjero,32
17228 Vilanant,Total,405
17228 Vilanant,España,358
17228 Vilanant,Extranjero,47
17230 Vila-sacra,Total,879
17230 Vila-sacra,España,691
17230 Vila-sacra,Extranjero,188
17232 Vilopriu,Total,220
17232 Vilopriu,España,195
17232 Vilopriu,Extranjero,25
17233 Vilobí d'Onyar,Total,3.298
17233 Vilobí d'Onyar,España,2.877
17233 Vilobí d'Onyar,Extranjero,421
17234 Biure,Total,227
17234 Biure,España,191
17234 Biure,Extranjero,36
"17901 Cruïlles, Monells i Sant Sadurní de l'Heura",Total,1.347
"17901 Cruïlles, Monells i Sant Sadurní de l'Heura",España,1.169
"17901 Cruïlles, Monells i Sant Sadurní de l'Heura",Extranjero,178
17902 Forallac,Total,1.786
17902 Forallac,España,1.506
17902 Forallac,Extranjero,280
17903 Sant Julià del Llor i Bonmatí,Total,1.462
17903 Sant Julià del Llor i Bonmatí,España,1.180
17903 Sant Julià del Llor i Bonmatí,Extranjero,282
18001 Agrón,Total,247
18001 Agrón,España,222
18001 Agrón,Extranjero,25
18002 Alamedilla,Total,519
18002 Alamedilla,España,499
18002 Alamedilla,Extranjero,20
18003 Albolote,Total,19.770
18003 Albolote,España,18.169
18003 Albolote,Extranjero,1.601
18004 Albondón,Total,722
18004 Albondón,España,657
18004 Albondón,Extranjero,65
18005 Albuñán,Total,418
18005 Albuñán,España,396
18005 Albuñán,Extranjero,22
18006 Albuñol,Total,7.423
18006 Albuñol,España,5.128
18006 Albuñol,Extranjero,2.295
18007 Albuñuelas,Total,791
18007 Albuñuelas,España,729
18007 Albuñuelas,Extranjero,62
18010 Aldeire,Total,598
18010 Aldeire,España,563
18010 Aldeire,Extranjero,35
18011 Alfacar,Total,5.840
18011 Alfacar,España,5.418
18011 Alfacar,Extranjero,422
18012 Algarinejo,Total,2.341
18012 Algarinejo,España,2.125
18012 Algarinejo,Extranjero,216
18013 Alhama de Granada,Total,5.547
18013 Alhama de Granada,España,4.535
18013 Alhama de Granada,Extranjero,1.012
18014 Alhendín,Total,10.507
18014 Alhendín,España,9.515
18014 Alhendín,Extranjero,992
18015 Alicún de Ortega,Total,462
18015 Alicún de Ortega,España,451
18015 Alicún de Ortega,Extranjero,11
18016 Almegíjar,Total,331
18016 Almegíjar,España,292
18016 Almegíjar,Extranjero,39
18017 Almuñécar,Total,28.011
18017 Almuñécar,España,21.362
18017 Almuñécar,Extranjero,6.649
18018 Alquife,Total,543
18018 Alquife,España,506
18018 Alquife,Extranjero,37
18020 Arenas del Rey,Total,615
18020 Arenas del Rey,España,491
18020 Arenas del Rey,Extranjero,124
18021 Armilla,Total,25.259
18021 Armilla,España,21.641
18021 Armilla,Extranjero,3.618
18022 Atarfe,Total,20.952
18022 Atarfe,España,18.739
18022 Atarfe,Extranjero,2.213
18023 Baza,Total,20.657
18023 Baza,España,18.082
18023 Baza,Extranjero,2.575
18024 Beas de Granada,Total,1.008
18024 Beas de Granada,España,961
18024 Beas de Granada,Extranjero,47
18025 Beas de Guadix,Total,318
18025 Beas de Guadix,España,310
18025 Beas de Guadix,Extranjero,8
18027 Benalúa,Total,3.382
18027 Benalúa,España,3.257
18027 Benalúa,Extranjero,125
18028 Benalúa de las Villas,Total,1.036
18028 Benalúa de las Villas,España,950
18028 Benalúa de las Villas,Extranjero,86
18029 Benamaurel,Total,2.225
18029 Benamaurel,España,2.061
18029 Benamaurel,Extranjero,164
18030 Bérchules,Total,693
18030 Bérchules,España,593
18030 Bérchules,Extranjero,100
18032 Bubión,Total,308
18032 Bubión,España,247
18032 Bubión,Extranjero,61
18033 Busquístar,Total,320
18033 Busquístar,España,274
18033 Busquístar,Extranjero,46
18034 Cacín,Total,549
18034 Cacín,España,473
18034 Cacín,Extranjero,76
18035 Cádiar,Total,1.521
18035 Cádiar,España,1.313
18035 Cádiar,Extranjero,208
18036 Cájar,Total,5.510
18036 Cájar,España,5.044
18036 Cájar,Extranjero,466
18037 Calicasas,Total,689
18037 Calicasas,España,653
18037 Calicasas,Extranjero,36
18038 Campotéjar,Total,1.227
18038 Campotéjar,España,1.165
18038 Campotéjar,Extranjero,62
18039 Caniles,Total,3.919
18039 Caniles,España,3.599
18039 Caniles,Extranjero,320
18040 Cáñar,Total,423
18040 Cáñar,España,301
18040 Cáñar,Extranjero,122
18042 Capileira,Total,589
18042 Capileira,España,512
18042 Capileira,Extranjero,77
18043 Carataunas,Total,212
18043 Carataunas,España,154
18043 Carataunas,Extranjero,58
18044 Cástaras,Total,186
18044 Cástaras,España,135
18044 Cástaras,Extranjero,51
18045 Castilléjar,Total,1.291
18045 Castilléjar,España,1.116
18045 Castilléjar,Extranjero,175
18046 Castril,Total,1.935
18046 Castril,España,1.776
18046 Castril,Extranjero,159
18047 Cenes de la Vega,Total,8.289
18047 Cenes de la Vega,España,7.261
18047 Cenes de la Vega,Extranjero,1.028
18048 Cijuela,Total,3.838
18048 Cijuela,España,3.457
18048 Cijuela,Extranjero,381
18049 Cogollos de Guadix,Total,615
18049 Cogollos de Guadix,España,562
18049 Cogollos de Guadix,Extranjero,53
18050 Cogollos de la Vega,Total,2.126
18050 Cogollos de la Vega,España,2.040
18050 Cogollos de la Vega,Extranjero,86
18051 Colomera,Total,1.288
18051 Colomera,España,1.239
18051 Colomera,Extranjero,49
18053 Cortes de Baza,Total,1.768
18053 Cortes de Baza,España,1.577
18053 Cortes de Baza,Extranjero,191
18054 Cortes y Graena,Total,951
18054 Cortes y Graena,España,867
18054 Cortes y Graena,Extranjero,84
18056 Cúllar,Total,3.967
18056 Cúllar,España,3.589
18056 Cúllar,Extranjero,378
18057 Cúllar Vega,Total,7.964
18057 Cúllar Vega,España,7.236
18057 Cúllar Vega,Extranjero,728
18059 Chauchina,Total,5.827
18059 Chauchina,España,5.401
18059 Chauchina,Extranjero,426
18061 Chimeneas,Total,1.264
18061 Chimeneas,España,1.126
18061 Chimeneas,Extranjero,138
18062 Churriana de la Vega,Total,16.911
18062 Churriana de la Vega,España,15.177
18062 Churriana de la Vega,Extranjero,1.734
18063 Darro,Total,1.701
18063 Darro,España,1.630
18063 Darro,Extranjero,71
18064 Dehesas de Guadix,Total,382
18064 Dehesas de Guadix,España,373
18064 Dehesas de Guadix,Extranjero,9
18065 Dehesas Viejas,Total,635
18065 Dehesas Viejas,España,589
18065 Dehesas Viejas,Extranjero,46
18066 Deifontes,Total,2.600
18066 Deifontes,España,2.499
18066 Deifontes,Extranjero,101
18067 Diezma,Total,837
18067 Diezma,España,797
18067 Diezma,Extranjero,40
18068 Dílar,Total,2.382
18068 Dílar,España,2.150
18068 Dílar,Extranjero,232
18069 Dólar,Total,599
18069 Dólar,España,530
18069 Dólar,Extranjero,69
18070 Dúdar,Total,382
18070 Dúdar,España,358
18070 Dúdar,Extranjero,24
18071 Dúrcal,Total,7.250
18071 Dúrcal,España,6.462
18071 Dúrcal,Extranjero,788
18072 Escúzar,Total,828
18072 Escúzar,España,768
18072 Escúzar,Extranjero,60
18074 Ferreira,Total,298
18074 Ferreira,España,288
18074 Ferreira,Extranjero,10
18076 Fonelas,Total,963
18076 Fonelas,España,913
18076 Fonelas,Extranjero,50
18077 Fornes,Total,529
18077 Fornes,España,444
18077 Fornes,Extranjero,85
18078 Freila,Total,969
18078 Freila,España,768
18078 Freila,Extranjero,201
18079 Fuente Vaqueros,Total,4.744
18079 Fuente Vaqueros,España,4.281
18079 Fuente Vaqueros,Extranjero,463
18082 Galera,Total,1.133
18082 Galera,España,851
18082 Galera,Extranjero,282
18083 Gobernador,Total,231
18083 Gobernador,España,213
18083 Gobernador,Extranjero,18
18084 Gójar,Total,6.356
18084 Gójar,España,5.813
18084 Gójar,Extranjero,543
18085 Gor,Total,777
18085 Gor,España,725
18085 Gor,Extranjero,52
18086 Gorafe,Total,366
18086 Gorafe,España,349
18086 Gorafe,Extranjero,17
18087 Granada,Total,235.294
18087 Granada,España,200.390
18087 Granada,Extranjero,34.904
18088 Guadahortuna,Total,1.838
18088 Guadahortuna,España,1.755
18088 Guadahortuna,Extranjero,83
18089 Guadix,Total,18.877
18089 Guadix,España,16.801
18089 Guadix,Extranjero,2.076
18093 Gualchos,Total,5.219
18093 Gualchos,España,3.572
18093 Gualchos,Extranjero,1.647
18094 Güéjar Sierra,Total,2.932
18094 Güéjar Sierra,España,2.626
18094 Güéjar Sierra,Extranjero,306
18095 Güevéjar,Total,2.732
18095 Güevéjar,España,2.616
18095 Güevéjar,Extranjero,116
18096 Huélago,Total,354
18096 Huélago,España,333
18096 Huélago,Extranjero,21
18097 Huéneja,Total,1.190
18097 Huéneja,España,970
18097 Huéneja,Extranjero,220
18098 Huéscar,Total,7.244
18098 Huéscar,España,6.783
18098 Huéscar,Extranjero,461
18099 Huétor de Santillán,Total,1.971
18099 Huétor de Santillán,España,1.850
18099 Huétor de Santillán,Extranjero,121
18100 Huétor Tájar,Total,10.760
18100 Huétor Tájar,España,9.217
18100 Huétor Tájar,Extranjero,1.543
18101 Huétor Vega,Total,12.276
18101 Huétor Vega,España,11.282
18101 Huétor Vega,Extranjero,994
18102 Íllora,Total,9.925
18102 Íllora,España,9.443
18102 Íllora,Extranjero,482
18103 Ítrabo,Total,1.036
18103 Ítrabo,España,791
18103 Ítrabo,Extranjero,245
18105 Iznalloz,Total,5.206
18105 Iznalloz,España,4.904
18105 Iznalloz,Extranjero,302
18106 Játar,Total,632
18106 Játar,España,461
18106 Játar,Extranjero,171
18107 Jayena,Total,995
18107 Jayena,España,926
18107 Jayena,Extranjero,69
18108 Jérez del Marquesado,Total,955
18108 Jérez del Marquesado,España,925
18108 Jérez del Marquesado,Extranjero,30
18109 Jete,Total,999
18109 Jete,España,696
18109 Jete,Extranjero,303
18111 Jun,Total,4.142
18111 Jun,España,3.916
18111 Jun,Extranjero,226
18112 Juviles,Total,150
18112 Juviles,España,117
18112 Juviles,Extranjero,33
"18114 Calahorra, La",Total,685
"18114 Calahorra, La",España,631
"18114 Calahorra, La",Extranjero,54
18115 Láchar,Total,3.892
18115 Láchar,España,3.564
18115 Láchar,Extranjero,328
18116 Lanjarón,Total,3.713
18116 Lanjarón,España,3.157
18116 Lanjarón,Extranjero,556
18117 Lanteira,Total,533
18117 Lanteira,España,506
18117 Lanteira,Extranjero,27
18119 Lecrín,Total,2.259
18119 Lecrín,España,1.895
18119 Lecrín,Extranjero,364
18120 Lentegí,Total,373
18120 Lentegí,España,313
18120 Lentegí,Extranjero,60
18121 Lobras,Total,140
18121 Lobras,España,123
18121 Lobras,Extranjero,17
18122 Loja,Total,20.923
18122 Loja,España,18.838
18122 Loja,Extranjero,2.085
18123 Lugros,Total,308
18123 Lugros,España,298
18123 Lugros,Extranjero,10
18124 Lújar,Total,497
18124 Lújar,España,381
18124 Lújar,Extranjero,116
"18126 Malahá, La",Total,1.929
"18126 Malahá, La",España,1.811
"18126 Malahá, La",Extranjero,118
18127 Maracena,Total,22.372
18127 Maracena,España,20.388
18127 Maracena,Extranjero,1.984
18128 Marchal,Total,441
18128 Marchal,España,421
18128 Marchal,Extranjero,20
18132 Moclín,Total,3.509
18132 Moclín,España,3.269
18132 Moclín,Extranjero,240
18133 Molvízar,Total,2.742
18133 Molvízar,España,2.378
18133 Molvízar,Extranjero,364
18134 Monachil,Total,8.676
18134 Monachil,España,7.659
18134 Monachil,Extranjero,1.017
18135 Montefrío,Total,5.273
18135 Montefrío,España,4.710
18135 Montefrío,Extranjero,563
18136 Montejícar,Total,1.989
18136 Montejícar,España,1.943
18136 Montejícar,Extranjero,46
18137 Montillana,Total,1.055
18137 Montillana,España,940
18137 Montillana,Extranjero,115
18138 Moraleda de Zafayona,Total,3.220
18138 Moraleda de Zafayona,España,2.991
18138 Moraleda de Zafayona,Extranjero,229
18140 Motril,Total,60.160
18140 Motril,España,51.708
18140 Motril,Extranjero,8.452
18141 Murtas,Total,434
18141 Murtas,España,379
18141 Murtas,Extranjero,55
18143 Nigüelas,Total,1.228
18143 Nigüelas,España,1.083
18143 Nigüelas,Extranjero,145
18144 Nívar,Total,1.095
18144 Nívar,España,1.043
18144 Nívar,Extranjero,52
18145 Ogíjares,Total,15.242
18145 Ogíjares,España,13.950
18145 Ogíjares,Extranjero,1.292
18146 Orce,Total,1.113
18146 Orce,España,969
18146 Orce,Extranjero,144
18147 Órgiva,Total,5.763
18147 Órgiva,España,4.226
18147 Órgiva,Extranjero,1.537
18148 Otívar,Total,1.023
18148 Otívar,España,880
18148 Otívar,Extranjero,143
18149 Villa de Otura,Total,7.691
18149 Villa de Otura,España,6.936
18149 Villa de Otura,Extranjero,755
18150 Padul,Total,9.676
18150 Padul,España,8.753
18150 Padul,Extranjero,923
18151 Pampaneira,Total,312
18151 Pampaneira,España,275
18151 Pampaneira,Extranjero,37
18152 Pedro Martínez,Total,1.160
18152 Pedro Martínez,España,1.108
18152 Pedro Martínez,Extranjero,52
18153 Peligros,Total,11.705
18153 Peligros,España,11.023
18153 Peligros,Extranjero,682
"18154 Peza, La",Total,1.107
"18154 Peza, La",España,1.056
"18154 Peza, La",Extranjero,51
18157 Pinos Genil,Total,1.639
18157 Pinos Genil,España,1.494
18157 Pinos Genil,Extranjero,145
18158 Pinos Puente,Total,9.812
18158 Pinos Puente,España,9.330
18158 Pinos Puente,Extranjero,482
18159 Píñar,Total,1.055
18159 Píñar,España,980
18159 Píñar,Extranjero,75
18161 Polícar,Total,253
18161 Polícar,España,242
18161 Polícar,Extranjero,11
18162 Polopos,Total,1.719
18162 Polopos,España,1.125
18162 Polopos,Extranjero,594
18163 Pórtugos,Total,378
18163 Pórtugos,España,335
18163 Pórtugos,Extranjero,43
18164 Puebla de Don Fadrique,Total,2.198
18164 Puebla de Don Fadrique,España,2.009
18164 Puebla de Don Fadrique,Extranjero,189
18165 Pulianas,Total,5.672
18165 Pulianas,España,5.347
18165 Pulianas,Extranjero,325
18167 Purullena,Total,2.396
18167 Purullena,España,2.268
18167 Purullena,Extranjero,128
18168 Quéntar,Total,952
18168 Quéntar,España,875
18168 Quéntar,Extranjero,77
18170 Rubite,Total,434
18170 Rubite,España,325
18170 Rubite,Extranjero,109
18171 Salar,Total,2.580
18171 Salar,España,2.431
18171 Salar,Extranjero,149
18173 Salobreña,Total,12.711
18173 Salobreña,España,10.831
18173 Salobreña,Extranjero,1.880
18174 Santa Cruz del Comercio,Total,522
18174 Santa Cruz del Comercio,España,468
18174 Santa Cruz del Comercio,Extranjero,54
18175 Santa Fe,Total,15.526
18175 Santa Fe,España,14.036
18175 Santa Fe,Extranjero,1.490
18176 Soportújar,Total,259
18176 Soportújar,España,210
18176 Soportújar,Extranjero,49
18177 Sorvilán,Total,509
18177 Sorvilán,España,397
18177 Sorvilán,Extranjero,112
18178 Torre-Cardela,Total,703
18178 Torre-Cardela,España,658
18178 Torre-Cardela,Extranjero,45
18179 Torvizcón,Total,607
18179 Torvizcón,España,498
18179 Torvizcón,Extranjero,109
18180 Trevélez,Total,696
18180 Trevélez,España,652
18180 Trevélez,Extranjero,44
18181 Turón,Total,204
18181 Turón,España,162
18181 Turón,Extranjero,42
18182 Ugíjar,Total,2.575
18182 Ugíjar,España,2.287
18182 Ugíjar,Extranjero,288
18183 Válor,Total,668
18183 Válor,España,591
18183 Válor,Extranjero,77
18184 Vélez de Benaudalla,Total,3.101
18184 Vélez de Benaudalla,España,2.681
18184 Vélez de Benaudalla,Extranjero,420
18185 Ventas de Huelma,Total,668
18185 Ventas de Huelma,España,623
18185 Ventas de Huelma,Extranjero,45
18187 Villanueva de las Torres,Total,496
18187 Villanueva de las Torres,España,470
18187 Villanueva de las Torres,Extranjero,26
18188 Villanueva Mesía,Total,1.965
18188 Villanueva Mesía,España,1.891
18188 Villanueva Mesía,Extranjero,74
18189 Víznar,Total,1.005
18189 Víznar,España,926
18189 Víznar,Extranjero,79
18192 Zafarraya,Total,2.297
18192 Zafarraya,España,1.639
18192 Zafarraya,Extranjero,658
"18193 Zubia, La",Total,20.398
"18193 Zubia, La",España,18.500
"18193 Zubia, La",Extranjero,1.898
18194 Zújar,Total,2.676
18194 Zújar,España,2.262
18194 Zújar,Extranjero,414
"18901 Taha, La",Total,808
"18901 Taha, La",España,576
"18901 Taha, La",Extranjero,232
"18902 Valle, El",Total,953
"18902 Valle, El",España,799
"18902 Valle, El",Extranjero,154
18903 Nevada,Total,1.088
18903 Nevada,España,946
18903 Nevada,Extranjero,142
18904 Alpujarra de la Sierra,Total,966
18904 Alpujarra de la Sierra,España,708
18904 Alpujarra de la Sierra,Extranjero,258
"18905 Gabias, Las",Total,23.763
"18905 Gabias, Las",España,21.468
"18905 Gabias, Las",Extranjero,2.295
"18906 Guájares, Los",Total,1.094
"18906 Guájares, Los",España,947
"18906 Guájares, Los",Extranjero,147
18907 Valle del Zalabí,Total,2.131
18907 Valle del Zalabí,España,1.985
18907 Valle del Zalabí,Extranjero,146
18908 Villamena,Total,1.030
18908 Villamena,España,906
18908 Villamena,Extranjero,124
18909 Morelábor,Total,589
18909 Morelábor,España,562
18909 Morelábor,Extranjero,27
"18910 Pinar, El",Total,872
"18910 Pinar, El",España,755
"18910 Pinar, El",Extranjero,117
18911 Vegas del Genil,Total,12.433
18911 Vegas del Genil,España,11.478
18911 Vegas del Genil,Extranjero,955
18912 Cuevas del Campo,Total,1.841
18912 Cuevas del Campo,España,1.470
18912 Cuevas del Campo,Extranjero,371
18913 Zagra,Total,843
18913 Zagra,España,729
18913 Zagra,Extranjero,114
18914 Valderrubio,Total,2.069
18914 Valderrubio,España,2.002
18914 Valderrubio,Extranjero,67
18915 Domingo Pérez de Granada,Total,833
18915 Domingo Pérez de Granada,España,796
18915 Domingo Pérez de Granada,Extranjero,37
18916 Torrenueva Costa,Total,3.181
18916 Torrenueva Costa,España,2.501
18916 Torrenueva Costa,Extranjero,680
19001 Abánades,Total,63
19001 Abánades,España,48
19001 Abánades,Extranjero,15
19002 Ablanque,Total,69
19002 Ablanque,España,69
19002 Ablanque,Extranjero,0
19003 Adobes,Total,28
19003 Adobes,España,27
19003 Adobes,Extranjero,1
19004 Alaminos,Total,54
19004 Alaminos,España,51
19004 Alaminos,Extranjero,3
19005 Alarilla,Total,147
19005 Alarilla,España,90
19005 Alarilla,Extranjero,57
19006 Albalate de Zorita,Total,1.152
19006 Albalate de Zorita,España,927
19006 Albalate de Zorita,Extranjero,225
19007 Albares,Total,616
19007 Albares,España,448
19007 Albares,Extranjero,168
19008 Albendiego,Total,50
19008 Albendiego,España,46
19008 Albendiego,Extranjero,4
19009 Alcocer,Total,325
19009 Alcocer,España,252
19009 Alcocer,Extranjero,73
19010 Alcolea de las Peñas,Total,7
19010 Alcolea de las Peñas,España,7
19010 Alcolea de las Peñas,Extranjero,0
19011 Alcolea del Pinar,Total,354
19011 Alcolea del Pinar,España,220
19011 Alcolea del Pinar,Extranjero,134
19013 Alcoroches,Total,117
19013 Alcoroches,España,107
19013 Alcoroches,Extranjero,10
19015 Aldeanueva de Guadalajara,Total,108
19015 Aldeanueva de Guadalajara,España,100
19015 Aldeanueva de Guadalajara,Extranjero,8
19016 Algar de Mesa,Total,44
19016 Algar de Mesa,España,42
19016 Algar de Mesa,Extranjero,2
19017 Algora,Total,91
19017 Algora,España,58
19017 Algora,Extranjero,33
19018 Alhóndiga,Total,185
19018 Alhóndiga,España,179
19018 Alhóndiga,Extranjero,6
19019 Alique,Total,15
19019 Alique,España,15
19019 Alique,Extranjero,0
19020 Almadrones,Total,73
19020 Almadrones,España,55
19020 Almadrones,Extranjero,18
19021 Almoguera,Total,1.389
19021 Almoguera,España,1.115
19021 Almoguera,Extranjero,274
19022 Almonacid de Zorita,Total,679
19022 Almonacid de Zorita,España,582
19022 Almonacid de Zorita,Extranjero,97
19023 Alocén,Total,152
19023 Alocén,España,136
19023 Alocén,Extranjero,16
19024 Alovera,Total,14.533
19024 Alovera,España,12.078
19024 Alovera,Extranjero,2.455
19027 Alustante,Total,157
19027 Alustante,España,129
19027 Alustante,Extranjero,28
19031 Angón,Total,8
19031 Angón,España,7
19031 Angón,Extranjero,1
19032 Anguita,Total,151
19032 Anguita,España,139
19032 Anguita,Extranjero,12
19033 Anquela del Ducado,Total,47
19033 Anquela del Ducado,España,46
19033 Anquela del Ducado,Extranjero,1
19034 Anquela del Pedregal,Total,27
19034 Anquela del Pedregal,España,23
19034 Anquela del Pedregal,Extranjero,4
19036 Aranzueque,Total,415
19036 Aranzueque,España,308
19036 Aranzueque,Extranjero,107
19037 Arbancón,Total,156
19037 Arbancón,España,134
19037 Arbancón,Extranjero,22
19038 Arbeteta,Total,16
19038 Arbeteta,España,16
19038 Arbeteta,Extranjero,0
19039 Argecilla,Total,76
19039 Argecilla,España,71
19039 Argecilla,Extranjero,5
19040 Armallones,Total,52
19040 Armallones,España,50
19040 Armallones,Extranjero,2
19041 Armuña de Tajuña,Total,284
19041 Armuña de Tajuña,España,223
19041 Armuña de Tajuña,Extranjero,61
19042 Arroyo de las Fraguas,Total,32
19042 Arroyo de las Fraguas,España,32
19042 Arroyo de las Fraguas,Extranjero,0
19043 Atanzón,Total,83
19043 Atanzón,España,80
19043 Atanzón,Extranjero,3
19044 Atienza,Total,424
19044 Atienza,España,287
19044 Atienza,Extranjero,137
19045 Auñón,Total,156
19045 Auñón,España,137
19045 Auñón,Extranjero,19
19046 Azuqueca de Henares,Total,35.733
19046 Azuqueca de Henares,España,26.529
19046 Azuqueca de Henares,Extranjero,9.204
19047 Baides,Total,45
19047 Baides,España,44
19047 Baides,Extranjero,1
19048 Baños de Tajo,Total,13
19048 Baños de Tajo,España,13
19048 Baños de Tajo,Extranjero,0
19049 Bañuelos,Total,11
19049 Bañuelos,España,5
19049 Bañuelos,Extranjero,6
19050 Barriopedro,Total,26
19050 Barriopedro,España,18
19050 Barriopedro,Extranjero,8
19051 Berninches,Total,56
19051 Berninches,España,50
19051 Berninches,Extranjero,6
"19052 Bodera, La",Total,19
"19052 Bodera, La",España,18
"19052 Bodera, La",Extranjero,1
19053 Brihuega,Total,2.884
19053 Brihuega,España,2.186
19053 Brihuega,Extranjero,698
19054 Budia,Total,226
19054 Budia,España,182
19054 Budia,Extranjero,44
19055 Bujalaro,Total,59
19055 Bujalaro,España,45
19055 Bujalaro,Extranjero,14
19057 Bustares,Total,62
19057 Bustares,España,53
19057 Bustares,Extranjero,9
19058 Cabanillas del Campo,Total,11.538
19058 Cabanillas del Campo,España,9.910
19058 Cabanillas del Campo,Extranjero,1.628
19059 Campillo de Dueñas,Total,73
19059 Campillo de Dueñas,España,71
19059 Campillo de Dueñas,Extranjero,2
19060 Campillo de Ranas,Total,151
19060 Campillo de Ranas,España,142
19060 Campillo de Ranas,Extranjero,9
19061 Campisábalos,Total,73
19061 Campisábalos,España,70
19061 Campisábalos,Extranjero,3
19064 Canredondo,Total,83
19064 Canredondo,España,77
19064 Canredondo,Extranjero,6
19065 Cantalojas,Total,120
19065 Cantalojas,España,106
19065 Cantalojas,Extranjero,14
19066 Cañizar,Total,79
19066 Cañizar,España,68
19066 Cañizar,Extranjero,11
"19067 Cardoso de la Sierra, El",Total,49
"19067 Cardoso de la Sierra, El",España,48
"19067 Cardoso de la Sierra, El",Extranjero,1
19070 Casa de Uceda,Total,129
19070 Casa de Uceda,España,90
19070 Casa de Uceda,Extranjero,39
"19071 Casar, El",Total,13.924
"19071 Casar, El",España,11.316
"19071 Casar, El",Extranjero,2.608
19073 Casas de San Galindo,Total,24
19073 Casas de San Galindo,España,24
19073 Casas de San Galindo,Extranjero,0
19074 Caspueñas,Total,123
19074 Caspueñas,España,101
19074 Caspueñas,Extranjero,22
19075 Castejón de Henares,Total,61
19075 Castejón de Henares,España,54
19075 Castejón de Henares,Extranjero,7
19076 Castellar de la Muela,Total,19
19076 Castellar de la Muela,España,17
19076 Castellar de la Muela,Extranjero,2
19078 Castilforte,Total,56
19078 Castilforte,España,53
19078 Castilforte,Extranjero,3
19079 Castilnuevo,Total,8
19079 Castilnuevo,España,8
19079 Castilnuevo,Extranjero,0
19080 Cendejas de Enmedio,Total,69
19080 Cendejas de Enmedio,España,61
19080 Cendejas de Enmedio,Extranjero,8
19081 Cendejas de la Torre,Total,23
19081 Cendejas de la Torre,España,23
19081 Cendejas de la Torre,Extranjero,0
19082 Centenera,Total,159
19082 Centenera,España,126
19082 Centenera,Extranjero,33
19086 Cifuentes,Total,1.728
19086 Cifuentes,España,1.491
19086 Cifuentes,Extranjero,237
19087 Cincovillas,Total,21
19087 Cincovillas,España,19
19087 Cincovillas,Extranjero,2
19088 Ciruelas,Total,137
19088 Ciruelas,España,123
19088 Ciruelas,Extranjero,14
19089 Ciruelos del Pinar,Total,22
19089 Ciruelos del Pinar,España,16
19089 Ciruelos del Pinar,Extranjero,6
19090 Cobeta,Total,101
19090 Cobeta,España,83
19090 Cobeta,Extranjero,18
19091 Cogollor,Total,20
19091 Cogollor,España,17
19091 Cogollor,Extranjero,3
19092 Cogolludo,Total,583
19092 Cogolludo,España,466
19092 Cogolludo,Extranjero,117
19095 Condemios de Abajo,Total,13
19095 Condemios de Abajo,España,11
19095 Condemios de Abajo,Extranjero,2
19096 Condemios de Arriba,Total,101
19096 Condemios de Arriba,España,75
19096 Condemios de Arriba,Extranjero,26
19097 Congostrina,Total,18
19097 Congostrina,España,17
19097 Congostrina,Extranjero,1
19098 Copernal,Total,48
19098 Copernal,España,33
19098 Copernal,Extranjero,15
19099 Corduente,Total,297
19099 Corduente,España,270
19099 Corduente,Extranjero,27
"19102 Cubillo de Uceda, El",Total,118
"19102 Cubillo de Uceda, El",España,89
"19102 Cubillo de Uceda, El",Extranjero,29
19103 Checa,Total,271
19103 Checa,España,235
19103 Checa,Extranjero,36
19104 Chequilla,Total,13
19104 Chequilla,España,13
19104 Chequilla,Extranjero,0
19105 Chiloeches,Total,4.113
19105 Chiloeches,España,3.506
19105 Chiloeches,Extranjero,607
19106 Chillarón del Rey,Total,85
19106 Chillarón del Rey,España,66
19106 Chillarón del Rey,Extranjero,19
19107 Driebes,Total,333
19107 Driebes,España,307
19107 Driebes,Extranjero,26
19108 Durón,Total,109
19108 Durón,España,98
19108 Durón,Extranjero,11
19109 Embid,Total,37
19109 Embid,España,34
19109 Embid,Extranjero,3
19110 Escamilla,Total,66
19110 Escamilla,España,64
19110 Escamilla,Extranjero,2
19111 Escariche,Total,185
19111 Escariche,España,168
19111 Escariche,Extranjero,17
19112 Escopete,Total,80
19112 Escopete,España,71
19112 Escopete,Extranjero,9
19113 Espinosa de Henares,Total,711
19113 Espinosa de Henares,España,542
19113 Espinosa de Henares,Extranjero,169
19114 Esplegares,Total,30
19114 Esplegares,España,30
19114 Esplegares,Extranjero,0
19115 Establés,Total,35
19115 Establés,España,30
19115 Establés,Extranjero,5
19116 Estriégana,Total,12
19116 Estriégana,España,11
19116 Estriégana,Extranjero,1
19117 Fontanar,Total,2.647
19117 Fontanar,España,2.165
19117 Fontanar,Extranjero,482
19118 Fuembellida,Total,13
19118 Fuembellida,España,13
19118 Fuembellida,Extranjero,0
19119 Fuencemillán,Total,84
19119 Fuencemillán,España,80
19119 Fuencemillán,Extranjero,4
19120 Fuentelahiguera de Albatages,Total,126
19120 Fuentelahiguera de Albatages,España,101
19120 Fuentelahiguera de Albatages,Extranjero,25
19121 Fuentelencina,Total,333
19121 Fuentelencina,España,274
19121 Fuentelencina,Extranjero,59
19122 Fuentelsaz,Total,84
19122 Fuentelsaz,España,74
19122 Fuentelsaz,Extranjero,10
19123 Fuentelviejo,Total,61
19123 Fuentelviejo,España,49
19123 Fuentelviejo,Extranjero,12
19124 Fuentenovilla,Total,645
19124 Fuentenovilla,España,506
19124 Fuentenovilla,Extranjero,139
19125 Gajanejos,Total,53
19125 Gajanejos,España,37
19125 Gajanejos,Extranjero,16
19126 Galápagos,Total,2.816
19126 Galápagos,España,2.364
19126 Galápagos,Extranjero,452
19127 Galve de Sorbe,Total,103
19127 Galve de Sorbe,España,94
19127 Galve de Sorbe,Extranjero,9
19129 Gascueña de Bornova,Total,22
19129 Gascueña de Bornova,España,22
19129 Gascueña de Bornova,Extranjero,0
19130 Guadalajara,Total,92.798
19130 Guadalajara,España,70.194
19130 Guadalajara,Extranjero,22.604
19132 Henche,Total,73
19132 Henche,España,70
19132 Henche,Extranjero,3
19133 Heras de Ayuso,Total,251
19133 Heras de Ayuso,España,109
19133 Heras de Ayuso,Extranjero,142
19134 Herrería,Total,13
19134 Herrería,España,13
19134 Herrería,Extranjero,0
19135 Hiendelaencina,Total,113
19135 Hiendelaencina,España,94
19135 Hiendelaencina,Extranjero,19
19136 Hijes,Total,23
19136 Hijes,España,19
19136 Hijes,Extranjero,4
19138 Hita,Total,335
19138 Hita,España,263
19138 Hita,Extranjero,72
19139 Hombrados,Total,45
19139 Hombrados,España,42
19139 Hombrados,Extranjero,3
19142 Hontoba,Total,474
19142 Hontoba,España,369
19142 Hontoba,Extranjero,105
19143 Horche,Total,3.110
19143 Horche,España,2.368
19143 Horche,Extranjero,742
19145 Hortezuela de Océn,Total,33
19145 Hortezuela de Océn,España,32
19145 Hortezuela de Océn,Extranjero,1
"19146 Huerce, La",Total,52
"19146 Huerce, La",España,52
"19146 Huerce, La",Extranjero,0
19147 Huérmeces del Cerro,Total,43
19147 Huérmeces del Cerro,España,42
19147 Huérmeces del Cerro,Extranjero,1
19148 Huertahernando,Total,52
19148 Huertahernando,España,41
19148 Huertahernando,Extranjero,11
19150 Hueva,Total,113
19150 Hueva,España,96
19150 Hueva,Extranjero,17
19151 Humanes,Total,1.859
19151 Humanes,España,1.414
19151 Humanes,Extranjero,445
19152 Illana,Total,963
19152 Illana,España,675
19152 Illana,Extranjero,288
19153 Iniéstola,Total,19
19153 Iniéstola,España,19
19153 Iniéstola,Extranjero,0
"19154 Inviernas, Las",Total,60
"19154 Inviernas, Las",España,60
"19154 Inviernas, Las",Extranjero,0
19155 Irueste,Total,94
19155 Irueste,España,68
19155 Irueste,Extranjero,26
19156 Jadraque,Total,1.528
19156 Jadraque,España,1.112
19156 Jadraque,Extranjero,416
19157 Jirueque,Total,44
19157 Jirueque,España,41
19157 Jirueque,Extranjero,3
19159 Ledanca,Total,101
19159 Ledanca,España,83
19159 Ledanca,Extranjero,18
19160 Loranca de Tajuña,Total,1.646
19160 Loranca de Tajuña,España,1.271
19160 Loranca de Tajuña,Extranjero,375
19161 Lupiana,Total,344
19161 Lupiana,España,307
19161 Lupiana,Extranjero,37
19162 Luzaga,Total,65
19162 Luzaga,España,60
19162 Luzaga,Extranjero,5
19163 Luzón,Total,49
19163 Luzón,España,45
19163 Luzón,Extranjero,4
19165 Majaelrayo,Total,60
19165 Majaelrayo,España,52
19165 Majaelrayo,Extranjero,8
19166 Málaga del Fresno,Total,187
19166 Málaga del Fresno,España,161
19166 Málaga del Fresno,Extranjero,26
19167 Malaguilla,Total,219
19167 Malaguilla,España,187
19167 Malaguilla,Extranjero,32
19168 Mandayona,Total,286
19168 Mandayona,España,272
19168 Mandayona,Extranjero,14
19169 Mantiel,Total,28
19169 Mantiel,España,22
19169 Mantiel,Extranjero,6
19170 Maranchón,Total,226
19170 Maranchón,España,162
19170 Maranchón,Extranjero,64
19171 Marchamalo,Total,8.691
19171 Marchamalo,España,7.087
19171 Marchamalo,Extranjero,1.604
19172 Masegoso de Tajuña,Total,84
19172 Masegoso de Tajuña,España,75
19172 Masegoso de Tajuña,Extranjero,9
19173 Matarrubia,Total,100
19173 Matarrubia,España,76
19173 Matarrubia,Extranjero,24
19174 Matillas,Total,112
19174 Matillas,España,88
19174 Matillas,Extranjero,24
19175 Mazarete,Total,25
19175 Mazarete,España,21
19175 Mazarete,Extranjero,4
19176 Mazuecos,Total,269
19176 Mazuecos,España,234
19176 Mazuecos,Extranjero,35
19177 Medranda,Total,82
19177 Medranda,España,74
19177 Medranda,Extranjero,8
19178 Megina,Total,26
19178 Megina,España,24
19178 Megina,Extranjero,2
19179 Membrillera,Total,95
19179 Membrillera,España,85
19179 Membrillera,Extranjero,10
19181 Miedes de Atienza,Total,59
19181 Miedes de Atienza,España,57
19181 Miedes de Atienza,Extranjero,2
"19182 Mierla, La",Total,44
"19182 Mierla, La",España,36
"19182 Mierla, La",Extranjero,8
19183 Milmarcos,Total,63
19183 Milmarcos,España,56
19183 Milmarcos,Extranjero,7
19184 Millana,Total,130
19184 Millana,España,84
19184 Millana,Extranjero,46
"19185 Miñosa, La",Total,31
"19185 Miñosa, La",España,31
"19185 Miñosa, La",Extranjero,0
19186 Mirabueno,Total,85
19186 Mirabueno,España,82
19186 Mirabueno,Extranjero,3
19187 Miralrío,Total,57
19187 Miralrío,España,47
19187 Miralrío,Extranjero,10
19188 Mochales,Total,36
19188 Mochales,España,25
19188 Mochales,Extranjero,11
19189 Mohernando,Total,190
19189 Mohernando,España,134
19189 Mohernando,Extranjero,56
19190 Molina de Aragón,Total,3.331
19190 Molina de Aragón,España,2.570
19190 Molina de Aragón,Extranjero,761
19191 Monasterio,Total,13
19191 Monasterio,España,13
19191 Monasterio,Extranjero,0
19192 Mondéjar,Total,3.011
19192 Mondéjar,España,2.170
19192 Mondéjar,Extranjero,841
19193 Montarrón,Total,31
19193 Montarrón,España,30
19193 Montarrón,Extranjero,1
19194 Moratilla de los Meleros,Total,106
19194 Moratilla de los Meleros,España,87
19194 Moratilla de los Meleros,Extranjero,19
19195 Morenilla,Total,52
19195 Morenilla,España,43
19195 Morenilla,Extranjero,9
19196 Muduex,Total,104
19196 Muduex,España,99
19196 Muduex,Extranjero,5
"19197 Navas de Jadraque, Las",Total,37
"19197 Navas de Jadraque, Las",España,36
"19197 Navas de Jadraque, Las",Extranjero,1
19198 Negredo,Total,12
19198 Negredo,España,12
19198 Negredo,Extranjero,0
19199 Ocentejo,Total,15
19199 Ocentejo,España,14
19199 Ocentejo,Extranjero,1
"19200 Olivar, El",Total,68
"19200 Olivar, El",España,61
"19200 Olivar, El",Extranjero,7
19201 Olmeda de Cobeta,Total,56
19201 Olmeda de Cobeta,España,46
19201 Olmeda de Cobeta,Extranjero,10
"19202 Olmeda de Jadraque, La",Total,18
"19202 Olmeda de Jadraque, La",España,16
"19202 Olmeda de Jadraque, La",Extranjero,2
"19203 Ordial, El",Total,46
"19203 Ordial, El",España,39
"19203 Ordial, El",Extranjero,7
19204 Orea,Total,193
19204 Orea,España,168
19204 Orea,Extranjero,25
19208 Pálmaces de Jadraque,Total,54
19208 Pálmaces de Jadraque,España,51
19208 Pálmaces de Jadraque,Extranjero,3
19209 Pardos,Total,35
19209 Pardos,España,34
19209 Pardos,Extranjero,1
19210 Paredes de Sigüenza,Total,21
19210 Paredes de Sigüenza,España,16
19210 Paredes de Sigüenza,Extranjero,5
19211 Pareja,Total,494
19211 Pareja,España,400
19211 Pareja,Extranjero,94
19212 Pastrana,Total,978
19212 Pastrana,España,747
19212 Pastrana,Extranjero,231
"19213 Pedregal, El",Total,60
"19213 Pedregal, El",España,54
"19213 Pedregal, El",Extranjero,6
19214 Peñalén,Total,72
19214 Peñalén,España,72
19214 Peñalén,Extranjero,0
19215 Peñalver,Total,175
19215 Peñalver,España,158
19215 Peñalver,Extranjero,17
19216 Peralejos de las Truchas,Total,147
19216 Peralejos de las Truchas,España,132
19216 Peralejos de las Truchas,Extranjero,15
19217 Peralveche,Total,54
19217 Peralveche,España,47
19217 Peralveche,Extranjero,7
19218 Pinilla de Jadraque,Total,47
19218 Pinilla de Jadraque,España,46
19218 Pinilla de Jadraque,Extranjero,1
19219 Pinilla de Molina,Total,13
19219 Pinilla de Molina,España,13
19219 Pinilla de Molina,Extranjero,0
19220 Pioz,Total,5.458
19220 Pioz,España,3.995
19220 Pioz,Extranjero,1.463
19221 Piqueras,Total,33
19221 Piqueras,España,31
19221 Piqueras,Extranjero,2
"19222 Pobo de Dueñas, El",Total,103
"19222 Pobo de Dueñas, El",España,90
"19222 Pobo de Dueñas, El",Extranjero,13
19223 Poveda de la Sierra,Total,99
19223 Poveda de la Sierra,España,91
19223 Poveda de la Sierra,Extranjero,8
19224 Pozo de Almoguera,Total,111
19224 Pozo de Almoguera,España,99
19224 Pozo de Almoguera,Extranjero,12
19225 Pozo de Guadalajara,Total,1.749
19225 Pozo de Guadalajara,España,1.358
19225 Pozo de Guadalajara,Extranjero,391
19226 Prádena de Atienza,Total,44
19226 Prádena de Atienza,España,34
19226 Prádena de Atienza,Extranjero,10
19227 Prados Redondos,Total,46
19227 Prados Redondos,España,46
19227 Prados Redondos,Extranjero,0
19228 Puebla de Beleña,Total,57
19228 Puebla de Beleña,España,44
19228 Puebla de Beleña,Extranjero,13
19229 Puebla de Valles,Total,60
19229 Puebla de Valles,España,59
19229 Puebla de Valles,Extranjero,1
19230 Quer,Total,1.088
19230 Quer,España,949
19230 Quer,Extranjero,139
19231 Rebollosa de Jadraque,Total,11
19231 Rebollosa de Jadraque,España,11
19231 Rebollosa de Jadraque,Extranjero,0
"19232 Recuenco, El",Total,80
"19232 Recuenco, El",España,58
"19232 Recuenco, El",Extranjero,22
19233 Renera,Total,99
19233 Renera,España,89
19233 Renera,Extranjero,10
19234 Retiendas,Total,52
19234 Retiendas,España,52
19234 Retiendas,Extranjero,0
19235 Riba de Saelices,Total,113
19235 Riba de Saelices,España,101
19235 Riba de Saelices,Extranjero,12
19237 Rillo de Gallo,Total,37
19237 Rillo de Gallo,España,35
19237 Rillo de Gallo,Extranjero,2
19238 Riofrío del Llano,Total,49
19238 Riofrío del Llano,España,42
19238 Riofrío del Llano,Extranjero,7
19239 Robledillo de Mohernando,Total,201
19239 Robledillo de Mohernando,España,105
19239 Robledillo de Mohernando,Extranjero,96
19240 Robledo de Corpes,Total,40
19240 Robledo de Corpes,España,37
19240 Robledo de Corpes,Extranjero,3
19241 Romanillos de Atienza,Total,37
19241 Romanillos de Atienza,España,29
19241 Romanillos de Atienza,Extranjero,8
19242 Romanones,Total,128
19242 Romanones,España,111
19242 Romanones,Extranjero,17
19243 Rueda de la Sierra,Total,37
19243 Rueda de la Sierra,España,37
19243 Rueda de la Sierra,Extranjero,0
19244 Sacecorbo,Total,92
19244 Sacecorbo,España,78
19244 Sacecorbo,Extranjero,14
19245 Sacedón,Total,1.650
19245 Sacedón,España,1.321
19245 Sacedón,Extranjero,329
19246 Saelices de la Sal,Total,42
19246 Saelices de la Sal,España,38
19246 Saelices de la Sal,Extranjero,4
19247 Salmerón,Total,147
19247 Salmerón,España,143
19247 Salmerón,Extranjero,4
19248 San Andrés del Congosto,Total,66
19248 San Andrés del Congosto,España,61
19248 San Andrés del Congosto,Extranjero,5
19249 San Andrés del Rey,Total,35
19249 San Andrés del Rey,España,30
19249 San Andrés del Rey,Extranjero,5
19250 Santiuste,Total,15
19250 Santiuste,España,15
19250 Santiuste,Extranjero,0
19251 Saúca,Total,48
19251 Saúca,España,33
19251 Saúca,Extranjero,15
19252 Sayatón,Total,66
19252 Sayatón,España,54
19252 Sayatón,Extranjero,12
19254 Selas,Total,35
19254 Selas,España,30
19254 Selas,Extranjero,5
19255 Setiles,Total,79
19255 Setiles,España,70
19255 Setiles,Extranjero,9
19256 Sienes,Total,38
19256 Sienes,España,34
19256 Sienes,Extranjero,4
19257 Sigüenza,Total,4.898
19257 Sigüenza,España,3.562
19257 Sigüenza,Extranjero,1.336
19258 Solanillos del Extremo,Total,72
19258 Solanillos del Extremo,España,66
19258 Solanillos del Extremo,Extranjero,6
19259 Somolinos,Total,26
19259 Somolinos,España,23
19259 Somolinos,Extranjero,3
"19260 Sotillo, El",Total,28
"19260 Sotillo, El",España,24
"19260 Sotillo, El",Extranjero,4
19261 Sotodosos,Total,29
19261 Sotodosos,España,29
19261 Sotodosos,Extranjero,0
19262 Tamajón,Total,154
19262 Tamajón,España,141
19262 Tamajón,Extranjero,13
19263 Taragudo,Total,44
19263 Taragudo,España,26
19263 Taragudo,Extranjero,18
19264 Taravilla,Total,40
19264 Taravilla,España,35
19264 Taravilla,Extranjero,5
19265 Tartanedo,Total,143
19265 Tartanedo,España,116
19265 Tartanedo,Extranjero,27
19266 Tendilla,Total,364
19266 Tendilla,España,257
19266 Tendilla,Extranjero,107
19267 Terzaga,Total,24
19267 Terzaga,España,23
19267 Terzaga,Extranjero,1
19268 Tierzo,Total,33
19268 Tierzo,España,33
19268 Tierzo,Extranjero,0
"19269 Toba, La",Total,70
"19269 Toba, La",España,69
"19269 Toba, La",Extranjero,1
19270 Tordelrábano,Total,8
19270 Tordelrábano,España,8
19270 Tordelrábano,Extranjero,0
19271 Tordellego,Total,37
19271 Tordellego,España,29
19271 Tordellego,Extranjero,8
19272 Tordesilos,Total,83
19272 Tordesilos,España,66
19272 Tordesilos,Extranjero,17
19274 Torija,Total,1.867
19274 Torija,España,1.404
19274 Torija,Extranjero,463
19277 Torrecuadrada de Molina,Total,20
19277 Torrecuadrada de Molina,España,20
19277 Torrecuadrada de Molina,Extranjero,0
19278 Torrecuadradilla,Total,26
19278 Torrecuadradilla,España,25
19278 Torrecuadradilla,Extranjero,1
19279 Torre del Burgo,Total,526
19279 Torre del Burgo,España,80
19279 Torre del Burgo,Extranjero,446
19280 Torrejón del Rey,Total,6.438
19280 Torrejón del Rey,España,5.111
19280 Torrejón del Rey,Extranjero,1.327
19281 Torremocha de Jadraque,Total,23
19281 Torremocha de Jadraque,España,22
19281 Torremocha de Jadraque,Extranjero,1
19282 Torremocha del Campo,Total,192
19282 Torremocha del Campo,España,154
19282 Torremocha del Campo,Extranjero,38
19283 Torremocha del Pinar,Total,32
19283 Torremocha del Pinar,España,27
19283 Torremocha del Pinar,Extranjero,5
19284 Torremochuela,Total,6
19284 Torremochuela,España,6
19284 Torremochuela,Extranjero,0
19285 Torrubia,Total,28
19285 Torrubia,España,26
19285 Torrubia,Extranjero,2
19286 Tórtola de Henares,Total,1.439
19286 Tórtola de Henares,España,1.157
19286 Tórtola de Henares,Extranjero,282
19287 Tortuera,Total,157
19287 Tortuera,España,131
19287 Tortuera,Extranjero,26
19288 Tortuero,Total,19
19288 Tortuero,España,18
19288 Tortuero,Extranjero,1
19289 Traíd,Total,20
19289 Traíd,España,15
19289 Traíd,Extranjero,5
19290 Trijueque,Total,1.756
19290 Trijueque,España,1.134
19290 Trijueque,Extranjero,622
19291 Trillo,Total,1.405
19291 Trillo,España,1.263
19291 Trillo,Extranjero,142
19293 Uceda,Total,3.404
19293 Uceda,España,2.775
19293 Uceda,Extranjero,629
19294 Ujados,Total,20
19294 Ujados,España,19
19294 Ujados,Extranjero,1
19296 Utande,Total,31
19296 Utande,España,30
19296 Utande,Extranjero,1
19297 Valdarachas,Total,67
19297 Valdarachas,España,49
19297 Valdarachas,Extranjero,18
19298 Valdearenas,Total,88
19298 Valdearenas,España,62
19298 Valdearenas,Extranjero,26
19299 Valdeavellano,Total,101
19299 Valdeavellano,España,99
19299 Valdeavellano,Extranjero,2
19300 Valdeaveruelo,Total,1.312
19300 Valdeaveruelo,España,1.096
19300 Valdeaveruelo,Extranjero,216
19301 Valdeconcha,Total,42
19301 Valdeconcha,España,41
19301 Valdeconcha,Extranjero,1
19302 Valdegrudas,Total,49
19302 Valdegrudas,España,48
19302 Valdegrudas,Extranjero,1
19303 Valdelcubo,Total,42
19303 Valdelcubo,España,42
19303 Valdelcubo,Extranjero,0
19304 Valdenuño Fernández,Total,361
19304 Valdenuño Fernández,España,304
19304 Valdenuño Fernández,Extranjero,57
19305 Valdepeñas de la Sierra,Total,150
19305 Valdepeñas de la Sierra,España,138
19305 Valdepeñas de la Sierra,Extranjero,12
19306 Valderrebollo,Total,25
19306 Valderrebollo,España,23
19306 Valderrebollo,Extranjero,2
19307 Valdesotos,Total,35
19307 Valdesotos,España,31
19307 Valdesotos,Extranjero,4
19308 Valfermoso de Tajuña,Total,75
19308 Valfermoso de Tajuña,España,68
19308 Valfermoso de Tajuña,Extranjero,7
19309 Valhermoso,Total,15
19309 Valhermoso,España,14
19309 Valhermoso,Extranjero,1
19310 Valtablado del Río,Total,7
19310 Valtablado del Río,España,7
19310 Valtablado del Río,Extranjero,0
19311 Valverde de los Arroyos,Total,85
19311 Valverde de los Arroyos,España,77
19311 Valverde de los Arroyos,Extranjero,8
19314 Viana de Jadraque,Total,41
19314 Viana de Jadraque,España,39
19314 Viana de Jadraque,Extranjero,2
19317 Villanueva de Alcorón,Total,143
19317 Villanueva de Alcorón,España,129
19317 Villanueva de Alcorón,Extranjero,14
19318 Villanueva de Argecilla,Total,30
19318 Villanueva de Argecilla,España,28
19318 Villanueva de Argecilla,Extranjero,2
19319 Villanueva de la Torre,Total,6.656
19319 Villanueva de la Torre,España,5.891
19319 Villanueva de la Torre,Extranjero,765
19321 Villares de Jadraque,Total,44
19321 Villares de Jadraque,España,32
19321 Villares de Jadraque,Extranjero,12
19322 Villaseca de Henares,Total,23
19322 Villaseca de Henares,España,19
19322 Villaseca de Henares,Extranjero,4
19323 Villaseca de Uceda,Total,59
19323 Villaseca de Uceda,España,53
19323 Villaseca de Uceda,Extranjero,6
19324 Villel de Mesa,Total,163
19324 Villel de Mesa,España,150
19324 Villel de Mesa,Extranjero,13
19325 Viñuelas,Total,181
19325 Viñuelas,España,176
19325 Viñuelas,Extranjero,5
19326 Yebes,Total,5.621
19326 Yebes,España,4.087
19326 Yebes,Extranjero,1.534
19327 Yebra,Total,490
19327 Yebra,España,389
19327 Yebra,Extranjero,101
19329 Yélamos de Abajo,Total,57
19329 Yélamos de Abajo,España,51
19329 Yélamos de Abajo,Extranjero,6
19330 Yélamos de Arriba,Total,97
19330 Yélamos de Arriba,España,84
19330 Yélamos de Arriba,Extranjero,13
19331 Yunquera de Henares,Total,4.694
19331 Yunquera de Henares,España,3.524
19331 Yunquera de Henares,Extranjero,1.170
"19332 Yunta, La",Total,85
"19332 Yunta, La",España,79
"19332 Yunta, La",Extranjero,6
19333 Zaorejas,Total,117
19333 Zaorejas,España,107
19333 Zaorejas,Extranjero,10
19334 Zarzuela de Jadraque,Total,49
19334 Zarzuela de Jadraque,España,43
19334 Zarzuela de Jadraque,Extranjero,6
19335 Zorita de los Canes,Total,72
19335 Zorita de los Canes,España,50
19335 Zorita de los Canes,Extranjero,22
19901 Semillas,Total,24
19901 Semillas,España,23
19901 Semillas,Extranjero,1
20001 Abaltzisketa,Total,320
20001 Abaltzisketa,España,287
20001 Abaltzisketa,Extranjero,33
20002 Aduna,Total,500
20002 Aduna,España,473
20002 Aduna,Extranjero,27
20003 Aizarnazabal,Total,822
20003 Aizarnazabal,España,710
20003 Aizarnazabal,Extranjero,112
20004 Albiztur,Total,328
20004 Albiztur,España,311
20004 Albiztur,Extranjero,17
20005 Alegia,Total,1.806
20005 Alegia,España,1.488
20005 Alegia,Extranjero,318
20006 Alkiza,Total,358
20006 Alkiza,España,337
20006 Alkiza,Extranjero,21
20007 Altzo,Total,447
20007 Altzo,España,428
20007 Altzo,Extranjero,19
20008 Amezketa,Total,954
20008 Amezketa,España,884
20008 Amezketa,Extranjero,70
20009 Andoain,Total,14.505
20009 Andoain,España,12.936
20009 Andoain,Extranjero,1.569
20010 Anoeta,Total,2.114
20010 Anoeta,España,1.890
20010 Anoeta,Extranjero,224
20011 Antzuola,Total,2.049
20011 Antzuola,España,1.901
20011 Antzuola,Extranjero,148
20012 Arama,Total,173
20012 Arama,España,159
20012 Arama,Extranjero,14
20013 Aretxabaleta,Total,7.176
20013 Aretxabaleta,España,6.499
20013 Aretxabaleta,Extranjero,677
20014 Asteasu,Total,1.565
20014 Asteasu,España,1.409
20014 Asteasu,Extranjero,156
20015 Ataun,Total,1.714
20015 Ataun,España,1.533
20015 Ataun,Extranjero,181
20016 Aia,Total,2.148
20016 Aia,España,1.943
20016 Aia,Extranjero,205
20017 Azkoitia,Total,11.768
20017 Azkoitia,España,10.144
20017 Azkoitia,Extranjero,1.624
20018 Azpeitia,Total,15.297
20018 Azpeitia,España,13.561
20018 Azpeitia,Extranjero,1.736
20019 Beasain,Total,14.019
20019 Beasain,España,11.699
20019 Beasain,Extranjero,2.320
20020 Beizama,Total,128
20020 Beizama,España,124
20020 Beizama,Extranjero,4
20021 Belauntza,Total,291
20021 Belauntza,España,255
20021 Belauntza,Extranjero,36
20022 Berastegi,Total,1.115
20022 Berastegi,España,1.069
20022 Berastegi,Extranjero,46
20023 Berrobi,Total,560
20023 Berrobi,España,515
20023 Berrobi,Extranjero,45
20024 Bidania-Goiatz,Total,532
20024 Bidania-Goiatz,España,500
20024 Bidania-Goiatz,Extranjero,32
20025 Zegama,Total,1.548
20025 Zegama,España,1.356
20025 Zegama,Extranjero,192
20026 Zerain,Total,285
20026 Zerain,España,269
20026 Zerain,Extranjero,16
20027 Zestoa,Total,3.932
20027 Zestoa,España,3.420
20027 Zestoa,Extranjero,512
20028 Zizurkil,Total,2.984
20028 Zizurkil,España,2.618
20028 Zizurkil,Extranjero,366
20029 Deba,Total,5.374
20029 Deba,España,4.897
20029 Deba,Extranjero,477
20030 Eibar,Total,27.464
20030 Eibar,España,23.077
20030 Eibar,Extranjero,4.387
20031 Elduain,Total,249
20031 Elduain,España,233
20031 Elduain,Extranjero,16
20032 Elgoibar,Total,11.709
20032 Elgoibar,España,9.861
20032 Elgoibar,Extranjero,1.848
20033 Elgeta,Total,1.133
20033 Elgeta,España,1.026
20033 Elgeta,Extranjero,107
20034 Eskoriatza,Total,4.223
20034 Eskoriatza,España,3.718
20034 Eskoriatza,Extranjero,505
20035 Ezkio-Itsaso,Total,608
20035 Ezkio-Itsaso,España,558
20035 Ezkio-Itsaso,Extranjero,50
20036 Hondarribia,Total,16.768
20036 Hondarribia,España,15.187
20036 Hondarribia,Extranjero,1.581
20037 Gaintza,Total,123
20037 Gaintza,España,118
20037 Gaintza,Extranjero,5
20038 Gabiria,Total,521
20038 Gabiria,España,454
20038 Gabiria,Extranjero,67
20039 Getaria,Total,2.906
20039 Getaria,España,2.495
20039 Getaria,Extranjero,411
20040 Hernani,Total,20.378
20040 Hernani,España,17.822
20040 Hernani,Extranjero,2.556
20041 Hernialde,Total,326
20041 Hernialde,España,300
20041 Hernialde,Extranjero,26
20042 Ibarra,Total,4.099
20042 Ibarra,España,3.601
20042 Ibarra,Extranjero,498
20043 Idiazabal,Total,2.219
20043 Idiazabal,España,2.042
20043 Idiazabal,Extranjero,177
20044 Ikaztegieta,Total,498
20044 Ikaztegieta,España,413
20044 Ikaztegieta,Extranjero,85
20045 Irun,Total,63.737
20045 Irun,España,52.678
20045 Irun,Extranjero,11.059
20046 Irura,Total,1.881
20046 Irura,España,1.585
20046 Irura,Extranjero,296
20047 Itsasondo,Total,688
20047 Itsasondo,España,560
20047 Itsasondo,Extranjero,128
20048 Larraul,Total,259
20048 Larraul,España,240
20048 Larraul,Extranjero,19
20049 Lazkao,Total,6.075
20049 Lazkao,España,5.236
20049 Lazkao,Extranjero,839
20050 Leaburu,Total,391
20050 Leaburu,España,332
20050 Leaburu,Extranjero,59
20051 Legazpi,Total,8.370
20051 Legazpi,España,7.449
20051 Legazpi,Extranjero,921
20052 Legorreta,Total,1.456
20052 Legorreta,España,1.233
20052 Legorreta,Extranjero,223
20053 Lezo,Total,6.193
20053 Lezo,España,5.649
20053 Lezo,Extranjero,544
20054 Lizartza,Total,677
20054 Lizartza,España,566
20054 Lizartza,Extranjero,111
20055 Arrasate/Mondragón,Total,22.411
20055 Arrasate/Mondragón,España,18.862
20055 Arrasate/Mondragón,Extranjero,3.549
20056 Mutriku,Total,5.234
20056 Mutriku,España,4.741
20056 Mutriku,Extranjero,493
20057 Mutiloa,Total,260
20057 Mutiloa,España,246
20057 Mutiloa,Extranjero,14
20058 Olaberria,Total,939
20058 Olaberria,España,780
20058 Olaberria,Extranjero,159
20059 Oñati,Total,11.518
20059 Oñati,España,10.253
20059 Oñati,Extranjero,1.265
20060 Orexa,Total,103
20060 Orexa,España,103
20060 Orexa,Extranjero,0
20061 Orio,Total,6.187
20061 Orio,España,5.377
20061 Orio,Extranjero,810
20062 Ormaiztegi,Total,1.291
20062 Ormaiztegi,España,1.123
20062 Ormaiztegi,Extranjero,168
20063 Oiartzun,Total,10.468
20063 Oiartzun,España,9.678
20063 Oiartzun,Extranjero,790
20064 Pasaia,Total,16.172
20064 Pasaia,España,13.368
20064 Pasaia,Extranjero,2.804
20065 Soraluze-Placencia de las Armas,Total,3.854
20065 Soraluze-Placencia de las Armas,España,3.147
20065 Soraluze-Placencia de las Armas,Extranjero,707
20066 Errezil,Total,591
20066 Errezil,España,548
20066 Errezil,Extranjero,43
20067 Errenteria,Total,39.341
20067 Errenteria,España,33.906
20067 Errenteria,Extranjero,5.435
20068 Leintz-Gatzaga,Total,206
20068 Leintz-Gatzaga,España,185
20068 Leintz-Gatzaga,Extranjero,21
20069 Donostia/San Sebastián,Total,189.507
20069 Donostia/San Sebastián,España,160.114
20069 Donostia/San Sebastián,Extranjero,29.393
20070 Segura,Total,1.493
20070 Segura,España,1.309
20070 Segura,Extranjero,184
20071 Tolosa,Total,20.121
20071 Tolosa,España,17.324
20071 Tolosa,Extranjero,2.797
20072 Urnieta,Total,6.329
20072 Urnieta,España,5.663
20072 Urnieta,Extranjero,666
20073 Usurbil,Total,6.478
20073 Usurbil,España,5.882
20073 Usurbil,Extranjero,596
20074 Bergara,Total,14.415
20074 Bergara,España,12.693
20074 Bergara,Extranjero,1.722
20075 Villabona,Total,5.894
20075 Villabona,España,5.015
20075 Villabona,Extranjero,879
20076 Ordizia,Total,10.792
20076 Ordizia,España,8.448
20076 Ordizia,Extranjero,2.344
20077 Urretxu,Total,6.732
20077 Urretxu,España,6.050
20077 Urretxu,Extranjero,682
20078 Zaldibia,Total,1.764
20078 Zaldibia,España,1.454
20078 Zaldibia,Extranjero,310
20079 Zarautz,Total,23.467
20079 Zarautz,España,21.138
20079 Zarautz,Extranjero,2.329
20080 Zumarraga,Total,9.689
20080 Zumarraga,España,8.479
20080 Zumarraga,Extranjero,1.210
20081 Zumaia,Total,10.154
20081 Zumaia,España,9.219
20081 Zumaia,Extranjero,935
20901 Mendaro,Total,2.024
20901 Mendaro,España,1.725
20901 Mendaro,Extranjero,299
20902 Lasarte-Oria,Total,19.413
20902 Lasarte-Oria,España,16.550
20902 Lasarte-Oria,Extranjero,2.863
20903 Astigarraga,Total,7.804
20903 Astigarraga,España,7.063
20903 Astigarraga,Extranjero,741
20904 Baliarrain,Total,152
20904 Baliarrain,España,142
20904 Baliarrain,Extranjero,10
20905 Orendain,Total,246
20905 Orendain,España,226
20905 Orendain,Extranjero,20
20906 Altzaga,Total,165
20906 Altzaga,España,151
20906 Altzaga,Extranjero,14
20907 Gaztelu,Total,172
20907 Gaztelu,España,160
20907 Gaztelu,Extranjero,12
21001 Alájar,Total,790
21001 Alájar,España,719
21001 Alájar,Extranjero,71
21002 Aljaraque,Total,22.772
21002 Aljaraque,España,21.362
21002 Aljaraque,Extranjero,1.410
"21003 Almendro, El",Total,861
"21003 Almendro, El",España,794
"21003 Almendro, El",Extranjero,67
21004 Almonaster la Real,Total,1.761
21004 Almonaster la Real,España,1.685
21004 Almonaster la Real,Extranjero,76
21005 Almonte,Total,25.236
21005 Almonte,España,19.757
21005 Almonte,Extranjero,5.479
21006 Alosno,Total,4.024
21006 Alosno,España,3.694
21006 Alosno,Extranjero,330
21007 Aracena,Total,8.451
21007 Aracena,España,7.946
21007 Aracena,Extranjero,505
21008 Aroche,Total,2.997
21008 Aroche,España,2.887
21008 Aroche,Extranjero,110
21009 Arroyomolinos de León,Total,912
21009 Arroyomolinos de León,España,892
21009 Arroyomolinos de León,Extranjero,20
21010 Ayamonte,Total,22.238
21010 Ayamonte,España,18.348
21010 Ayamonte,Extranjero,3.890
21011 Beas,Total,4.422
21011 Beas,España,4.157
21011 Beas,Extranjero,265
21012 Berrocal,Total,284
21012 Berrocal,España,267
21012 Berrocal,Extranjero,17
21013 Bollullos Par del Condado,Total,14.377
21013 Bollullos Par del Condado,España,12.638
21013 Bollullos Par del Condado,Extranjero,1.739
21014 Bonares,Total,6.193
21014 Bonares,España,5.064
21014 Bonares,Extranjero,1.129
21015 Cabezas Rubias,Total,699
21015 Cabezas Rubias,España,679
21015 Cabezas Rubias,Extranjero,20
21016 Cala,Total,1.108
21016 Cala,España,1.063
21016 Cala,Extranjero,45
21017 Calañas,Total,2.746
21017 Calañas,España,2.668
21017 Calañas,Extranjero,78
"21018 Campillo, El",Total,2.009
"21018 Campillo, El",España,1.956
"21018 Campillo, El",Extranjero,53
21019 Campofrío,Total,731
21019 Campofrío,España,681
21019 Campofrío,Extranjero,50
21020 Cañaveral de León,Total,390
21020 Cañaveral de León,España,382
21020 Cañaveral de León,Extranjero,8
21021 Cartaya,Total,21.639
21021 Cartaya,España,16.445
21021 Cartaya,Extranjero,5.194
21022 Castaño del Robledo,Total,216
21022 Castaño del Robledo,España,190
21022 Castaño del Robledo,Extranjero,26
"21023 Cerro de Andévalo, El",Total,2.252
"21023 Cerro de Andévalo, El",España,2.186
"21023 Cerro de Andévalo, El",Extranjero,66
21024 Corteconcepción,Total,583
21024 Corteconcepción,España,528
21024 Corteconcepción,Extranjero,55
21025 Cortegana,Total,4.616
21025 Cortegana,España,4.378
21025 Cortegana,Extranjero,238
21026 Cortelazor,Total,304
21026 Cortelazor,España,287
21026 Cortelazor,Extranjero,17
21027 Cumbres de Enmedio,Total,55
21027 Cumbres de Enmedio,España,53
21027 Cumbres de Enmedio,Extranjero,2
21028 Cumbres de San Bartolomé,Total,354
21028 Cumbres de San Bartolomé,España,347
21028 Cumbres de San Bartolomé,Extranjero,7
21029 Cumbres Mayores,Total,1.708
21029 Cumbres Mayores,España,1.653
21029 Cumbres Mayores,Extranjero,55
21030 Chucena,Total,2.331
21030 Chucena,España,2.274
21030 Chucena,Extranjero,57
21031 Encinasola,Total,1.259
21031 Encinasola,España,1.192
21031 Encinasola,Extranjero,67
21032 Escacena del Campo,Total,2.325
21032 Escacena del Campo,España,2.227
21032 Escacena del Campo,Extranjero,98
21033 Fuenteheridos,Total,818
21033 Fuenteheridos,España,745
21033 Fuenteheridos,Extranjero,73
21034 Galaroza,Total,1.371
21034 Galaroza,España,1.299
21034 Galaroza,Extranjero,72
21035 Gibraleón,Total,13.432
21035 Gibraleón,España,12.117
21035 Gibraleón,Extranjero,1.315
"21036 Granada de Río-Tinto, La",Total,235
"21036 Granada de Río-Tinto, La",España,217
"21036 Granada de Río-Tinto, La",Extranjero,18
"21037 Granado, El",Total,480
"21037 Granado, El",España,427
"21037 Granado, El",Extranjero,53
21038 Higuera de la Sierra,Total,1.287
21038 Higuera de la Sierra,España,1.245
21038 Higuera de la Sierra,Extranjero,42
21039 Hinojales,Total,314
21039 Hinojales,España,307
21039 Hinojales,Extranjero,7
21040 Hinojos,Total,4.131
21040 Hinojos,España,3.751
21040 Hinojos,Extranjero,380
21041 Huelva,Total,143.774
21041 Huelva,España,129.049
21041 Huelva,Extranjero,14.725
21042 Isla Cristina,Total,21.617
21042 Isla Cristina,España,18.989
21042 Isla Cristina,Extranjero,2.628
21043 Jabugo,Total,2.186
21043 Jabugo,España,2.109
21043 Jabugo,Extranjero,77
21044 Lepe,Total,29.869
21044 Lepe,España,23.266
21044 Lepe,Extranjero,6.603
21045 Linares de la Sierra,Total,278
21045 Linares de la Sierra,España,264
21045 Linares de la Sierra,Extranjero,14
21046 Lucena del Puerto,Total,3.432
21046 Lucena del Puerto,España,2.172
21046 Lucena del Puerto,Extranjero,1.260
21047 Manzanilla,Total,2.208
21047 Manzanilla,España,2.137
21047 Manzanilla,Extranjero,71
"21048 Marines, Los",Total,439
"21048 Marines, Los",España,414
"21048 Marines, Los",Extranjero,25
21049 Minas de Riotinto,Total,3.701
21049 Minas de Riotinto,España,3.540
21049 Minas de Riotinto,Extranjero,161
21050 Moguer,Total,24.014
21050 Moguer,España,16.040
21050 Moguer,Extranjero,7.974
"21051 Nava, La",Total,275
"21051 Nava, La",España,248
"21051 Nava, La",Extranjero,27
21052 Nerva,Total,5.086
21052 Nerva,España,4.869
21052 Nerva,Extranjero,217
21053 Niebla,Total,4.298
21053 Niebla,España,3.902
21053 Niebla,Extranjero,396
"21054 Palma del Condado, La",Total,10.858
"21054 Palma del Condado, La",España,10.035
"21054 Palma del Condado, La",Extranjero,823
21055 Palos de la Frontera,Total,13.289
21055 Palos de la Frontera,España,9.883
21055 Palos de la Frontera,Extranjero,3.406
21056 Paterna del Campo,Total,3.389
21056 Paterna del Campo,España,3.278
21056 Paterna del Campo,Extranjero,111
21057 Paymogo,Total,1.157
21057 Paymogo,España,1.110
21057 Paymogo,Extranjero,47
21058 Puebla de Guzmán,Total,3.092
21058 Puebla de Guzmán,España,2.897
21058 Puebla de Guzmán,Extranjero,195
21059 Puerto Moral,Total,275
21059 Puerto Moral,España,262
21059 Puerto Moral,Extranjero,13
21060 Punta Umbría,Total,16.274
21060 Punta Umbría,España,15.227
21060 Punta Umbría,Extranjero,1.047
21061 Rociana del Condado,Total,8.197
21061 Rociana del Condado,España,6.210
21061 Rociana del Condado,Extranjero,1.987
21062 Rosal de la Frontera,Total,1.717
21062 Rosal de la Frontera,España,1.520
21062 Rosal de la Frontera,Extranjero,197
21063 San Bartolomé de la Torre,Total,4.058
21063 San Bartolomé de la Torre,España,3.148
21063 San Bartolomé de la Torre,Extranjero,910
21064 San Juan del Puerto,Total,10.006
21064 San Juan del Puerto,España,8.614
21064 San Juan del Puerto,Extranjero,1.392
21065 Sanlúcar de Guadiana,Total,418
21065 Sanlúcar de Guadiana,España,326
21065 Sanlúcar de Guadiana,Extranjero,92
21066 San Silvestre de Guzmán,Total,649
21066 San Silvestre de Guzmán,España,549
21066 San Silvestre de Guzmán,Extranjero,100
21067 Santa Ana la Real,Total,468
21067 Santa Ana la Real,España,441
21067 Santa Ana la Real,Extranjero,27
21068 Santa Bárbara de Casa,Total,1.173
21068 Santa Bárbara de Casa,España,1.085
21068 Santa Bárbara de Casa,Extranjero,88
21069 Santa Olalla del Cala,Total,2.045
21069 Santa Olalla del Cala,España,1.994
21069 Santa Olalla del Cala,Extranjero,51
21070 Trigueros,Total,8.195
21070 Trigueros,España,7.655
21070 Trigueros,Extranjero,540
21071 Valdelarco,Total,241
21071 Valdelarco,España,234
21071 Valdelarco,Extranjero,7
21072 Valverde del Camino,Total,12.739
21072 Valverde del Camino,España,12.079
21072 Valverde del Camino,Extranjero,660
21073 Villablanca,Total,2.976
21073 Villablanca,España,2.334
21073 Villablanca,Extranjero,642
21074 Villalba del Alcor,Total,3.310
21074 Villalba del Alcor,España,3.207
21074 Villalba del Alcor,Extranjero,103
21075 Villanueva de las Cruces,Total,382
21075 Villanueva de las Cruces,España,352
21075 Villanueva de las Cruces,Extranjero,30
21076 Villanueva de los Castillejos,Total,2.982
21076 Villanueva de los Castillejos,España,2.472
21076 Villanueva de los Castillejos,Extranjero,510
21077 Villarrasa,Total,2.113
21077 Villarrasa,España,1.976
21077 Villarrasa,Extranjero,137
21078 Zalamea la Real,Total,2.977
21078 Zalamea la Real,España,2.863
21078 Zalamea la Real,Extranjero,114
21079 Zufre,Total,738
21079 Zufre,España,701
21079 Zufre,Extranjero,37
"21902 Zarza-Perrunal, La	",Total,1.183
"21902 Zarza-Perrunal, La	",España,1.154
"21902 Zarza-Perrunal, La	",Extranjero,29
22001 Abiego,Total,259
22001 Abiego,España,244
22001 Abiego,Extranjero,15
22002 Abizanda,Total,161
22002 Abizanda,España,115
22002 Abizanda,Extranjero,46
22003 Adahuesca,Total,196
22003 Adahuesca,España,185
22003 Adahuesca,Extranjero,11
22004 Agüero,Total,144
22004 Agüero,España,134
22004 Agüero,Extranjero,10
22006 Aisa,Total,327
22006 Aisa,España,294
22006 Aisa,Extranjero,33
22007 Albalate de Cinca,Total,1.111
22007 Albalate de Cinca,España,825
22007 Albalate de Cinca,Extranjero,286
22008 Albalatillo,Total,223
22008 Albalatillo,España,144
22008 Albalatillo,Extranjero,79
22009 Albelda,Total,727
22009 Albelda,España,645
22009 Albelda,Extranjero,82
22011 Albero Alto,Total,123
22011 Albero Alto,España,113
22011 Albero Alto,Extranjero,10
22012 Albero Bajo,Total,109
22012 Albero Bajo,España,107
22012 Albero Bajo,Extranjero,2
22013 Alberuela de Tubo,Total,270
22013 Alberuela de Tubo,España,253
22013 Alberuela de Tubo,Extranjero,17
22014 Alcalá de Gurrea,Total,264
22014 Alcalá de Gurrea,España,212
22014 Alcalá de Gurrea,Extranjero,52
22015 Alcalá del Obispo,Total,394
22015 Alcalá del Obispo,España,350
22015 Alcalá del Obispo,Extranjero,44
22016 Alcampell,Total,648
22016 Alcampell,España,592
22016 Alcampell,Extranjero,56
22017 Alcolea de Cinca,Total,1.138
22017 Alcolea de Cinca,España,921
22017 Alcolea de Cinca,Extranjero,217
22018 Alcubierre,Total,399
22018 Alcubierre,España,344
22018 Alcubierre,Extranjero,55
22019 Alerre,Total,224
22019 Alerre,España,210
22019 Alerre,Extranjero,14
22020 Alfántega,Total,128
22020 Alfántega,España,111
22020 Alfántega,Extranjero,17
22021 Almudévar,Total,2.451
22021 Almudévar,España,2.190
22021 Almudévar,Extranjero,261
22022 Almunia de San Juan,Total,737
22022 Almunia de San Juan,España,650
22022 Almunia de San Juan,Extranjero,87
22023 Almuniente,Total,450
22023 Almuniente,España,411
22023 Almuniente,Extranjero,39
22024 Alquézar,Total,325
22024 Alquézar,España,253
22024 Alquézar,Extranjero,72
22025 Altorricón,Total,1.496
22025 Altorricón,España,1.115
22025 Altorricón,Extranjero,381
22027 Angüés,Total,349
22027 Angüés,España,303
22027 Angüés,Extranjero,46
22028 Ansó,Total,409
22028 Ansó,España,383
22028 Ansó,Extranjero,26
22029 Antillón,Total,127
22029 Antillón,España,118
22029 Antillón,Extranjero,9
22032 Aragüés del Puerto,Total,123
22032 Aragüés del Puerto,España,114
22032 Aragüés del Puerto,Extranjero,9
22035 Arén,Total,307
22035 Arén,España,244
22035 Arén,Extranjero,63
22036 Argavieso,Total,109
22036 Argavieso,España,98
22036 Argavieso,Extranjero,11
22037 Arguis,Total,168
22037 Arguis,España,159
22037 Arguis,Extranjero,9
22039 Ayerbe,Total,1.051
22039 Ayerbe,España,940
22039 Ayerbe,Extranjero,111
22040 Azanuy-Alins,Total,184
22040 Azanuy-Alins,España,171
22040 Azanuy-Alins,Extranjero,13
22041 Azara,Total,167
22041 Azara,España,163
22041 Azara,Extranjero,4
22042 Azlor,Total,155
22042 Azlor,España,135
22042 Azlor,Extranjero,20
22043 Baélls,Total,91
22043 Baélls,España,83
22043 Baélls,Extranjero,8
22044 Bailo,Total,263
22044 Bailo,España,241
22044 Bailo,Extranjero,22
22045 Baldellou,Total,81
22045 Baldellou,España,74
22045 Baldellou,Extranjero,7
22046 Ballobar,Total,870
22046 Ballobar,España,768
22046 Ballobar,Extranjero,102
22047 Banastás,Total,337
22047 Banastás,España,310
22047 Banastás,Extranjero,27
22048 Barbastro,Total,17.799
22048 Barbastro,España,14.243
22048 Barbastro,Extranjero,3.556
22049 Barbués,Total,97
22049 Barbués,España,87
22049 Barbués,Extranjero,10
22050 Barbuñales,Total,93
22050 Barbuñales,España,88
22050 Barbuñales,Extranjero,5
22051 Bárcabo,Total,116
22051 Bárcabo,España,92
22051 Bárcabo,Extranjero,24
22052 Belver de Cinca,Total,1.284
22052 Belver de Cinca,España,962
22052 Belver de Cinca,Extranjero,322
22053 Benabarre,Total,1.146
22053 Benabarre,España,907
22053 Benabarre,Extranjero,239
22054 Benasque,Total,2.366
22054 Benasque,España,1.962
22054 Benasque,Extranjero,404
22055 Berbegal,Total,321
22055 Berbegal,España,296
22055 Berbegal,Extranjero,25
22057 Bielsa,Total,478
22057 Bielsa,España,407
22057 Bielsa,Extranjero,71
22058 Bierge,Total,241
22058 Bierge,España,209
22058 Bierge,Extranjero,32
22059 Biescas,Total,1.646
22059 Biescas,España,1.387
22059 Biescas,Extranjero,259
22060 Binaced,Total,1.680
22060 Binaced,España,1.243
22060 Binaced,Extranjero,437
22061 Binéfar,Total,10.169
22061 Binéfar,España,7.341
22061 Binéfar,Extranjero,2.828
22062 Bisaurri,Total,176
22062 Bisaurri,España,168
22062 Bisaurri,Extranjero,8
22063 Biscarrués,Total,190
22063 Biscarrués,España,171
22063 Biscarrués,Extranjero,19
22064 Blecua y Torres,Total,175
22064 Blecua y Torres,España,163
22064 Blecua y Torres,Extranjero,12
22066 Boltaña,Total,1.091
22066 Boltaña,España,907
22066 Boltaña,Extranjero,184
22067 Bonansa,Total,85
22067 Bonansa,España,78
22067 Bonansa,Extranjero,7
22068 Borau,Total,77
22068 Borau,España,72
22068 Borau,Extranjero,5
22069 Broto,Total,617
22069 Broto,España,493
22069 Broto,Extranjero,124
22072 Caldearenas,Total,222
22072 Caldearenas,España,202
22072 Caldearenas,Extranjero,20
22074 Campo,Total,496
22074 Campo,España,377
22074 Campo,Extranjero,119
22075 Camporrélls,Total,152
22075 Camporrélls,España,122
22075 Camporrélls,Extranjero,30
22076 Canal de Berdún,Total,321
22076 Canal de Berdún,España,288
22076 Canal de Berdún,Extranjero,33
22077 Candasnos,Total,475
22077 Candasnos,España,363
22077 Candasnos,Extranjero,112
22078 Canfranc,Total,632
22078 Canfranc,España,500
22078 Canfranc,Extranjero,132
22079 Capdesaso,Total,192
22079 Capdesaso,España,131
22079 Capdesaso,Extranjero,61
22080 Capella,Total,358
22080 Capella,España,291
22080 Capella,Extranjero,67
22081 Casbas de Huesca,Total,287
22081 Casbas de Huesca,España,261
22081 Casbas de Huesca,Extranjero,26
22082 Castejón del Puente,Total,359
22082 Castejón del Puente,España,315
22082 Castejón del Puente,Extranjero,44
22083 Castejón de Monegros,Total,458
22083 Castejón de Monegros,España,415
22083 Castejón de Monegros,Extranjero,43
22084 Castejón de Sos,Total,834
22084 Castejón de Sos,España,692
22084 Castejón de Sos,Extranjero,142
22085 Castelflorite,Total,102
22085 Castelflorite,España,96
22085 Castelflorite,Extranjero,6
22086 Castiello de Jaca,Total,280
22086 Castiello de Jaca,España,258
22086 Castiello de Jaca,Extranjero,22
22087 Castigaleu,Total,80
22087 Castigaleu,España,64
22087 Castigaleu,Extranjero,16
22088 Castillazuelo,Total,168
22088 Castillazuelo,España,158
22088 Castillazuelo,Extranjero,10
22089 Castillonroy,Total,339
22089 Castillonroy,España,290
22089 Castillonroy,Extranjero,49
22090 Colungo,Total,127
22090 Colungo,España,106
22090 Colungo,Extranjero,21
22094 Chalamera,Total,119
22094 Chalamera,España,100
22094 Chalamera,Extranjero,19
22095 Chía,Total,90
22095 Chía,España,85
22095 Chía,Extranjero,5
22096 Chimillas,Total,407
22096 Chimillas,España,390
22096 Chimillas,Extranjero,17
22099 Esplús,Total,675
22099 Esplús,España,562
22099 Esplús,Extranjero,113
22102 Estada,Total,215
22102 Estada,España,191
22102 Estada,Extranjero,24
22103 Estadilla,Total,810
22103 Estadilla,España,735
22103 Estadilla,Extranjero,75
22105 Estopiñán del Castillo,Total,146
22105 Estopiñán del Castillo,España,111
22105 Estopiñán del Castillo,Extranjero,35
22106 Fago,Total,23
22106 Fago,España,23
22106 Fago,Extranjero,0
22107 Fanlo,Total,113
22107 Fanlo,España,100
22107 Fanlo,Extranjero,13
22109 Fiscal,Total,365
22109 Fiscal,España,314
22109 Fiscal,Extranjero,51
22110 Fonz,Total,886
22110 Fonz,España,766
22110 Fonz,Extranjero,120
22111 Foradada del Toscar,Total,163
22111 Foradada del Toscar,España,141
22111 Foradada del Toscar,Extranjero,22
22112 Fraga,Total,15.400
22112 Fraga,España,11.502
22112 Fraga,Extranjero,3.898
"22113 Fueva, La",Total,614
"22113 Fueva, La",España,553
"22113 Fueva, La",Extranjero,61
22114 Gistaín,Total,114
22114 Gistaín,España,112
22114 Gistaín,Extranjero,2
"22115 Grado, El",Total,382
"22115 Grado, El",España,332
"22115 Grado, El",Extranjero,50
22116 Grañén,Total,1.733
22116 Grañén,España,1.401
22116 Grañén,Extranjero,332
22117 Graus,Total,3.401
22117 Graus,España,2.721
22117 Graus,Extranjero,680
22119 Gurrea de Gállego,Total,1.429
22119 Gurrea de Gállego,España,1.299
22119 Gurrea de Gállego,Extranjero,130
22122 Hoz de Jaca,Total,82
22122 Hoz de Jaca,España,82
22122 Hoz de Jaca,Extranjero,0
22124 Huerto,Total,215
22124 Huerto,España,177
22124 Huerto,Extranjero,38
22125 Huesca,Total,55.033
22125 Huesca,España,44.511
22125 Huesca,Extranjero,10.522
22126 Ibieca,Total,111
22126 Ibieca,España,104
22126 Ibieca,Extranjero,7
22127 Igriés,Total,729
22127 Igriés,España,664
22127 Igriés,Extranjero,65
22128 Ilche,Total,187
22128 Ilche,España,176
22128 Ilche,Extranjero,11
22129 Isábena,Total,235
22129 Isábena,España,172
22129 Isábena,Extranjero,63
22130 Jaca,Total,14.012
22130 Jaca,España,11.527
22130 Jaca,Extranjero,2.485
22131 Jasa,Total,90
22131 Jasa,España,89
22131 Jasa,Extranjero,1
22133 Labuerda,Total,176
22133 Labuerda,España,130
22133 Labuerda,Extranjero,46
22135 Laluenga,Total,201
22135 Laluenga,España,181
22135 Laluenga,Extranjero,20
22136 Lalueza,Total,848
22136 Lalueza,España,749
22136 Lalueza,Extranjero,99
22137 Lanaja,Total,1.141
22137 Lanaja,España,1.017
22137 Lanaja,Extranjero,124
22139 Laperdiguera,Total,87
22139 Laperdiguera,España,78
22139 Laperdiguera,Extranjero,9
22141 Lascellas-Ponzano,Total,138
22141 Lascellas-Ponzano,España,134
22141 Lascellas-Ponzano,Extranjero,4
22142 Lascuarre,Total,139
22142 Lascuarre,España,122
22142 Lascuarre,Extranjero,17
22143 Laspaúles,Total,255
22143 Laspaúles,España,205
22143 Laspaúles,Extranjero,50
22144 Laspuña,Total,279
22144 Laspuña,España,251
22144 Laspuña,Extranjero,28
22149 Loarre,Total,357
22149 Loarre,España,339
22149 Loarre,Extranjero,18
22150 Loporzano,Total,576
22150 Loporzano,España,544
22150 Loporzano,Extranjero,32
22151 Loscorrales,Total,98
22151 Loscorrales,España,94
22151 Loscorrales,Extranjero,4
22155 Monesma y Cajigar,Total,68
22155 Monesma y Cajigar,España,57
22155 Monesma y Cajigar,Extranjero,11
22156 Monflorite-Lascasas,Total,474
22156 Monflorite-Lascasas,España,414
22156 Monflorite-Lascasas,Extranjero,60
22157 Montanuy,Total,230
22157 Montanuy,España,205
22157 Montanuy,Extranjero,25
22158 Monzón,Total,18.465
22158 Monzón,España,14.046
22158 Monzón,Extranjero,4.419
22160 Naval,Total,279
22160 Naval,España,243
22160 Naval,Extranjero,36
22162 Novales,Total,155
22162 Novales,España,126
22162 Novales,Extranjero,29
22163 Nueno,Total,573
22163 Nueno,España,532
22163 Nueno,Extranjero,41
22164 Olvena,Total,63
22164 Olvena,España,62
22164 Olvena,Extranjero,1
22165 Ontiñena,Total,498
22165 Ontiñena,España,432
22165 Ontiñena,Extranjero,66
22167 Osso de Cinca,Total,664
22167 Osso de Cinca,España,490
22167 Osso de Cinca,Extranjero,174
22168 Palo,Total,31
22168 Palo,España,28
22168 Palo,Extranjero,3
22170 Panticosa,Total,919
22170 Panticosa,España,851
22170 Panticosa,Extranjero,68
22172 Peñalba,Total,685
22172 Peñalba,España,503
22172 Peñalba,Extranjero,182
"22173 Peñas de Riglos, Las",Total,263
"22173 Peñas de Riglos, Las",España,245
"22173 Peñas de Riglos, Las",Extranjero,18
22174 Peralta de Alcofea,Total,573
22174 Peralta de Alcofea,España,461
22174 Peralta de Alcofea,Extranjero,112
22175 Peralta de Calasanz,Total,205
22175 Peralta de Calasanz,España,183
22175 Peralta de Calasanz,Extranjero,22
22176 Peraltilla,Total,212
22176 Peraltilla,España,202
22176 Peraltilla,Extranjero,10
22177 Perarrúa,Total,116
22177 Perarrúa,España,103
22177 Perarrúa,Extranjero,13
22178 Pertusa,Total,129
22178 Pertusa,España,116
22178 Pertusa,Extranjero,13
22181 Piracés,Total,91
22181 Piracés,España,85
22181 Piracés,Extranjero,6
22182 Plan,Total,274
22182 Plan,España,256
22182 Plan,Extranjero,18
22184 Poleñino,Total,183
22184 Poleñino,España,166
22184 Poleñino,Extranjero,17
22186 Pozán de Vero,Total,227
22186 Pozán de Vero,España,210
22186 Pozán de Vero,Extranjero,17
"22187 Puebla de Castro, La",Total,427
"22187 Puebla de Castro, La",España,374
"22187 Puebla de Castro, La",Extranjero,53
22188 Puente de Montañana,Total,87
22188 Puente de Montañana,España,72
22188 Puente de Montañana,Extranjero,15
22189 Puértolas,Total,219
22189 Puértolas,España,201
22189 Puértolas,Extranjero,18
"22190 Pueyo de Araguás, El",Total,178
"22190 Pueyo de Araguás, El",España,163
"22190 Pueyo de Araguás, El",Extranjero,15
22193 Pueyo de Santa Cruz,Total,333
22193 Pueyo de Santa Cruz,España,289
22193 Pueyo de Santa Cruz,Extranjero,44
22195 Quicena,Total,391
22195 Quicena,España,256
22195 Quicena,Extranjero,135
22197 Robres,Total,524
22197 Robres,España,471
22197 Robres,Extranjero,53
22199 Sabiñánigo,Total,9.665
22199 Sabiñánigo,España,7.709
22199 Sabiñánigo,Extranjero,1.956
22200 Sahún,Total,322
22200 Sahún,España,268
22200 Sahún,Extranjero,54
22201 Salas Altas,Total,297
22201 Salas Altas,España,262
22201 Salas Altas,Extranjero,35
22202 Salas Bajas,Total,184
22202 Salas Bajas,España,157
22202 Salas Bajas,Extranjero,27
22203 Salillas,Total,93
22203 Salillas,España,81
22203 Salillas,Extranjero,12
22204 Sallent de Gállego,Total,1.540
22204 Sallent de Gállego,España,1.338
22204 Sallent de Gállego,Extranjero,202
22205 San Esteban de Litera,Total,669
22205 San Esteban de Litera,España,507
22205 San Esteban de Litera,Extranjero,162
22206 Sangarrén,Total,231
22206 Sangarrén,España,195
22206 Sangarrén,Extranjero,36
22207 San Juan de Plan,Total,145
22207 San Juan de Plan,España,138
22207 San Juan de Plan,Extranjero,7
22208 Santa Cilia,Total,242
22208 Santa Cilia,España,223
22208 Santa Cilia,Extranjero,19
22209 Santa Cruz de la Serós,Total,194
22209 Santa Cruz de la Serós,España,176
22209 Santa Cruz de la Serós,Extranjero,18
22212 Santaliestra y San Quílez,Total,78
22212 Santaliestra y San Quílez,España,68
22212 Santaliestra y San Quílez,Extranjero,10
22213 Sariñena,Total,4.119
22213 Sariñena,España,3.211
22213 Sariñena,Extranjero,908
22214 Secastilla,Total,142
22214 Secastilla,España,124
22214 Secastilla,Extranjero,18
22215 Seira,Total,149
22215 Seira,España,136
22215 Seira,Extranjero,13
22217 Sena,Total,488
22217 Sena,España,386
22217 Sena,Extranjero,102
22218 Senés de Alcubierre,Total,49
22218 Senés de Alcubierre,España,48
22218 Senés de Alcubierre,Extranjero,1
22220 Sesa,Total,168
22220 Sesa,España,152
22220 Sesa,Extranjero,16
22221 Sesué,Total,120
22221 Sesué,España,112
22221 Sesué,Extranjero,8
22222 Siétamo,Total,703
22222 Siétamo,España,628
22222 Siétamo,Extranjero,75
22223 Sopeira,Total,86
22223 Sopeira,España,79
22223 Sopeira,Extranjero,7
22225 Tamarite de Litera,Total,3.457
22225 Tamarite de Litera,España,2.721
22225 Tamarite de Litera,Extranjero,736
22226 Tardienta,Total,951
22226 Tardienta,España,797
22226 Tardienta,Extranjero,154
22227 Tella-Sin,Total,207
22227 Tella-Sin,España,175
22227 Tella-Sin,Extranjero,32
22228 Tierz,Total,823
22228 Tierz,España,778
22228 Tierz,Extranjero,45
22229 Tolva,Total,130
22229 Tolva,España,112
22229 Tolva,Extranjero,18
22230 Torla-Ordesa,Total,344
22230 Torla-Ordesa,España,324
22230 Torla-Ordesa,Extranjero,20
22232 Torralba de Aragón,Total,102
22232 Torralba de Aragón,España,85
22232 Torralba de Aragón,Extranjero,17
22233 Torre la Ribera,Total,102
22233 Torre la Ribera,España,93
22233 Torre la Ribera,Extranjero,9
22234 Torrente de Cinca,Total,1.077
22234 Torrente de Cinca,España,782
22234 Torrente de Cinca,Extranjero,295
22235 Torres de Alcanadre,Total,91
22235 Torres de Alcanadre,España,82
22235 Torres de Alcanadre,Extranjero,9
22236 Torres de Barbués,Total,275
22236 Torres de Barbués,España,247
22236 Torres de Barbués,Extranjero,28
22239 Tramaced,Total,108
22239 Tramaced,España,82
22239 Tramaced,Extranjero,26
22242 Valfarta,Total,54
22242 Valfarta,España,52
22242 Valfarta,Extranjero,2
22243 Valle de Bardají,Total,52
22243 Valle de Bardají,España,43
22243 Valle de Bardají,Extranjero,9
22244 Valle de Lierp,Total,52
22244 Valle de Lierp,España,44
22244 Valle de Lierp,Extranjero,8
22245 Velilla de Cinca,Total,512
22245 Velilla de Cinca,España,339
22245 Velilla de Cinca,Extranjero,173
22246 Beranuy,Total,67
22246 Beranuy,España,63
22246 Beranuy,Extranjero,4
22247 Viacamp y Litera,Total,41
22247 Viacamp y Litera,España,34
22247 Viacamp y Litera,Extranjero,7
22248 Vicién,Total,150
22248 Vicién,España,128
22248 Vicién,Extranjero,22
22249 Villanova,Total,171
22249 Villanova,España,143
22249 Villanova,Extranjero,28
22250 Villanúa,Total,569
22250 Villanúa,España,506
22250 Villanúa,Extranjero,63
22251 Villanueva de Sigena,Total,342
22251 Villanueva de Sigena,España,290
22251 Villanueva de Sigena,Extranjero,52
22252 Yebra de Basa,Total,157
22252 Yebra de Basa,España,147
22252 Yebra de Basa,Extranjero,10
22253 Yésero,Total,60
22253 Yésero,España,58
22253 Yésero,Extranjero,2
22254 Zaidín,Total,1.833
22254 Zaidín,España,1.201
22254 Zaidín,Extranjero,632
22901 Valle de Hecho,Total,812
22901 Valle de Hecho,España,754
22901 Valle de Hecho,Extranjero,58
22902 Puente la Reina de Jaca,Total,270
22902 Puente la Reina de Jaca,España,242
22902 Puente la Reina de Jaca,Extranjero,28
22903 San Miguel del Cinca,Total,777
22903 San Miguel del Cinca,España,679
22903 San Miguel del Cinca,Extranjero,98
"22904 Sotonera, La",Total,880
"22904 Sotonera, La",España,814
"22904 Sotonera, La",Extranjero,66
22905 Lupiñén-Ortilla,Total,356
22905 Lupiñén-Ortilla,España,302
22905 Lupiñén-Ortilla,Extranjero,54
22906 Santa María de Dulcis,Total,205
22906 Santa María de Dulcis,España,182
22906 Santa María de Dulcis,Extranjero,23
22907 Aínsa-Sobrarbe,Total,2.315
22907 Aínsa-Sobrarbe,España,1.744
22907 Aínsa-Sobrarbe,Extranjero,571
22908 Hoz y Costean,Total,225
22908 Hoz y Costean,España,196
22908 Hoz y Costean,Extranjero,29
22909 Vencillón,Total,402
22909 Vencillón,España,349
22909 Vencillón,Extranjero,53
23001 Albanchez de Mágina,Total,906
23001 Albanchez de Mágina,España,878
23001 Albanchez de Mágina,Extranjero,28
23002 Alcalá la Real,Total,21.577
23002 Alcalá la Real,España,19.900
23002 Alcalá la Real,Extranjero,1.677
23003 Alcaudete,Total,10.182
23003 Alcaudete,España,9.589
23003 Alcaudete,Extranjero,593
23004 Aldeaquemada,Total,447
23004 Aldeaquemada,España,427
23004 Aldeaquemada,Extranjero,20
23005 Andújar,Total,35.677
23005 Andújar,España,34.468
23005 Andújar,Extranjero,1.209
23006 Arjona,Total,5.327
23006 Arjona,España,5.212
23006 Arjona,Extranjero,115
23007 Arjonilla,Total,3.525
23007 Arjonilla,España,3.411
23007 Arjonilla,Extranjero,114
23008 Arquillos,Total,1.685
23008 Arquillos,España,1.650
23008 Arquillos,Extranjero,35
23009 Baeza,Total,15.567
23009 Baeza,España,14.833
23009 Baeza,Extranjero,734
23010 Bailén,Total,17.128
23010 Bailén,España,16.549
23010 Bailén,Extranjero,579
23011 Baños de la Encina,Total,2.542
23011 Baños de la Encina,España,2.492
23011 Baños de la Encina,Extranjero,50
23012 Beas de Segura,Total,4.991
23012 Beas de Segura,España,4.487
23012 Beas de Segura,Extranjero,504
23014 Begíjar,Total,2.906
23014 Begíjar,España,2.819
23014 Begíjar,Extranjero,87
23015 Bélmez de la Moraleda,Total,1.509
23015 Bélmez de la Moraleda,España,1.414
23015 Bélmez de la Moraleda,Extranjero,95
23016 Benatae,Total,422
23016 Benatae,España,377
23016 Benatae,Extranjero,45
23017 Cabra del Santo Cristo,Total,1.642
23017 Cabra del Santo Cristo,España,1.594
23017 Cabra del Santo Cristo,Extranjero,48
23018 Cambil,Total,2.652
23018 Cambil,España,2.449
23018 Cambil,Extranjero,203
23019 Campillo de Arenas,Total,1.712
23019 Campillo de Arenas,España,1.608
23019 Campillo de Arenas,Extranjero,104
23020 Canena,Total,1.710
23020 Canena,España,1.576
23020 Canena,Extranjero,134
23021 Carboneros,Total,624
23021 Carboneros,España,559
23021 Carboneros,Extranjero,65
"23024 Carolina, La",Total,14.692
"23024 Carolina, La",España,14.222
"23024 Carolina, La",Extranjero,470
23025 Castellar,Total,3.146
23025 Castellar,España,3.047
23025 Castellar,Extranjero,99
23026 Castillo de Locubín,Total,3.806
23026 Castillo de Locubín,España,3.405
23026 Castillo de Locubín,Extranjero,401
23027 Cazalilla,Total,759
23027 Cazalilla,España,736
23027 Cazalilla,Extranjero,23
23028 Cazorla,Total,6.913
23028 Cazorla,España,6.619
23028 Cazorla,Extranjero,294
23029 Chiclana de Segura,Total,869
23029 Chiclana de Segura,España,775
23029 Chiclana de Segura,Extranjero,94
23030 Chilluévar,Total,1.309
23030 Chilluévar,España,1.275
23030 Chilluévar,Extranjero,34
23031 Escañuela,Total,902
23031 Escañuela,España,876
23031 Escañuela,Extranjero,26
23032 Espeluy,Total,598
23032 Espeluy,España,591
23032 Espeluy,Extranjero,7
23033 Frailes,Total,1.562
23033 Frailes,España,1.438
23033 Frailes,Extranjero,124
23034 Fuensanta de Martos,Total,3.047
23034 Fuensanta de Martos,España,2.735
23034 Fuensanta de Martos,Extranjero,312
23035 Fuerte del Rey,Total,1.356
23035 Fuerte del Rey,España,1.264
23035 Fuerte del Rey,Extranjero,92
23037 Génave,Total,554
23037 Génave,España,523
23037 Génave,Extranjero,31
"23038 Guardia de Jaén, La",Total,5.245
"23038 Guardia de Jaén, La",España,5.091
"23038 Guardia de Jaén, La",Extranjero,154
23039 Guarromán,Total,2.706
23039 Guarromán,España,2.588
23039 Guarromán,Extranjero,118
23040 Lahiguera,Total,1.562
23040 Lahiguera,España,1.534
23040 Lahiguera,Extranjero,28
23041 Higuera de Calatrava,Total,590
23041 Higuera de Calatrava,España,572
23041 Higuera de Calatrava,Extranjero,18
23042 Hinojares,Total,342
23042 Hinojares,España,303
23042 Hinojares,Extranjero,39
23043 Hornos,Total,561
23043 Hornos,España,547
23043 Hornos,Extranjero,14
23044 Huelma,Total,5.484
23044 Huelma,España,5.304
23044 Huelma,Extranjero,180
23045 Huesa,Total,2.409
23045 Huesa,España,2.287
23045 Huesa,Extranjero,122
23046 Ibros,Total,2.780
23046 Ibros,España,2.569
23046 Ibros,Extranjero,211
"23047 Iruela, La",Total,1.822
"23047 Iruela, La",España,1.753
"23047 Iruela, La",Extranjero,69
23048 Iznatoraf,Total,874
23048 Iznatoraf,España,839
23048 Iznatoraf,Extranjero,35
23049 Jabalquinto,Total,1.943
23049 Jabalquinto,España,1.891
23049 Jabalquinto,Extranjero,52
23050 Jaén,Total,112.119
23050 Jaén,España,104.423
23050 Jaén,Extranjero,7.696
23051 Jamilena,Total,3.317
23051 Jamilena,España,3.195
23051 Jamilena,Extranjero,122
23052 Jimena,Total,1.224
23052 Jimena,España,1.169
23052 Jimena,Extranjero,55
23053 Jódar,Total,11.279
23053 Jódar,España,11.123
23053 Jódar,Extranjero,156
23054 Larva,Total,441
23054 Larva,España,424
23054 Larva,Extranjero,17
23055 Linares,Total,55.689
23055 Linares,España,52.117
23055 Linares,Extranjero,3.572
23056 Lopera,Total,3.498
23056 Lopera,España,3.432
23056 Lopera,Extranjero,66
23057 Lupión,Total,801
23057 Lupión,España,760
23057 Lupión,Extranjero,41
23058 Mancha Real,Total,11.479
23058 Mancha Real,España,10.847
23058 Mancha Real,Extranjero,632
23059 Marmolejo,Total,6.428
23059 Marmolejo,España,6.322
23059 Marmolejo,Extranjero,106
23060 Martos,Total,24.441
23060 Martos,España,22.692
23060 Martos,Extranjero,1.749
23061 Mengíbar,Total,10.278
23061 Mengíbar,España,9.629
23061 Mengíbar,Extranjero,649
23062 Montizón,Total,1.582
23062 Montizón,España,1.489
23062 Montizón,Extranjero,93
23063 Navas de San Juan,Total,4.363
23063 Navas de San Juan,España,4.286
23063 Navas de San Juan,Extranjero,77
23064 Noalejo,Total,1.725
23064 Noalejo,España,1.666
23064 Noalejo,Extranjero,59
23065 Orcera,Total,1.712
23065 Orcera,España,1.605
23065 Orcera,Extranjero,107
23066 Peal de Becerro,Total,5.290
23066 Peal de Becerro,España,4.937
23066 Peal de Becerro,Extranjero,353
23067 Pegalajar,Total,2.832
23067 Pegalajar,España,2.766
23067 Pegalajar,Extranjero,66
23069 Porcuna,Total,5.935
23069 Porcuna,España,5.615
23069 Porcuna,Extranjero,320
23070 Pozo Alcón,Total,4.545
23070 Pozo Alcón,España,4.153
23070 Pozo Alcón,Extranjero,392
23071 Puente de Génave,Total,2.190
23071 Puente de Génave,España,1.969
23071 Puente de Génave,Extranjero,221
"23072 Puerta de Segura, La",Total,2.219
"23072 Puerta de Segura, La",España,2.049
"23072 Puerta de Segura, La",Extranjero,170
23073 Quesada,Total,4.899
23073 Quesada,España,4.622
23073 Quesada,Extranjero,277
23074 Rus,Total,3.393
23074 Rus,España,3.278
23074 Rus,Extranjero,115
23075 Sabiote,Total,3.747
23075 Sabiote,España,3.681
23075 Sabiote,Extranjero,66
23076 Santa Elena,Total,864
23076 Santa Elena,España,830
23076 Santa Elena,Extranjero,34
23077 Santiago de Calatrava,Total,677
23077 Santiago de Calatrava,España,612
23077 Santiago de Calatrava,Extranjero,65
23079 Santisteban del Puerto,Total,4.450
23079 Santisteban del Puerto,España,4.171
23079 Santisteban del Puerto,Extranjero,279
23080 Santo Tomé,Total,2.045
23080 Santo Tomé,España,1.918
23080 Santo Tomé,Extranjero,127
23081 Segura de la Sierra,Total,1.707
23081 Segura de la Sierra,España,1.603
23081 Segura de la Sierra,Extranjero,104
23082 Siles,Total,2.062
23082 Siles,España,1.994
23082 Siles,Extranjero,68
23084 Sorihuela del Guadalimar,Total,1.000
23084 Sorihuela del Guadalimar,España,933
23084 Sorihuela del Guadalimar,Extranjero,67
23085 Torreblascopedro,Total,2.385
23085 Torreblascopedro,España,2.337
23085 Torreblascopedro,Extranjero,48
23086 Torredelcampo,Total,13.894
23086 Torredelcampo,España,13.300
23086 Torredelcampo,Extranjero,594
23087 Torredonjimeno,Total,13.217
23087 Torredonjimeno,España,12.839
23087 Torredonjimeno,Extranjero,378
23088 Torreperogil,Total,7.123
23088 Torreperogil,España,6.917
23088 Torreperogil,Extranjero,206
23090 Torres,Total,1.337
23090 Torres,España,1.246
23090 Torres,Extranjero,91
23091 Torres de Albánchez,Total,741
23091 Torres de Albánchez,España,703
23091 Torres de Albánchez,Extranjero,38
23092 Úbeda,Total,33.605
23092 Úbeda,España,31.872
23092 Úbeda,Extranjero,1.733
23093 Valdepeñas de Jaén,Total,3.467
23093 Valdepeñas de Jaén,España,3.328
23093 Valdepeñas de Jaén,Extranjero,139
23094 Vilches,Total,4.193
23094 Vilches,España,4.036
23094 Vilches,Extranjero,157
23095 Villacarrillo,Total,10.323
23095 Villacarrillo,España,9.631
23095 Villacarrillo,Extranjero,692
23096 Villanueva de la Reina,Total,2.968
23096 Villanueva de la Reina,España,2.797
23096 Villanueva de la Reina,Extranjero,171
23097 Villanueva del Arzobispo,Total,7.767
23097 Villanueva del Arzobispo,España,7.017
23097 Villanueva del Arzobispo,Extranjero,750
23098 Villardompardo,Total,894
23098 Villardompardo,España,868
23098 Villardompardo,Extranjero,26
"23099 Villares, Los",Total,6.120
"23099 Villares, Los",España,5.938
"23099 Villares, Los",Extranjero,182
23101 Villarrodrigo,Total,372
23101 Villarrodrigo,España,341
23101 Villarrodrigo,Extranjero,31
23901 Cárcheles,Total,1.291
23901 Cárcheles,España,1.205
23901 Cárcheles,Extranjero,86
23902 Bedmar y Garcíez,Total,2.567
23902 Bedmar y Garcíez,España,2.486
23902 Bedmar y Garcíez,Extranjero,81
23903 Villatorres,Total,4.257
23903 Villatorres,España,4.057
23903 Villatorres,Extranjero,200
23904 Santiago-Pontones,Total,2.624
23904 Santiago-Pontones,España,2.511
23904 Santiago-Pontones,Extranjero,113
23905 Arroyo del Ojanco,Total,2.205
23905 Arroyo del Ojanco,España,2.015
23905 Arroyo del Ojanco,Extranjero,190
24001 Acebedo,Total,178
24001 Acebedo,España,171
24001 Acebedo,Extranjero,7
24002 Algadefe,Total,315
24002 Algadefe,España,243
24002 Algadefe,Extranjero,72
24003 Alija del Infantado,Total,552
24003 Alija del Infantado,España,522
24003 Alija del Infantado,Extranjero,30
24004 Almanza,Total,567
24004 Almanza,España,491
24004 Almanza,Extranjero,76
"24005 Antigua, La",Total,322
"24005 Antigua, La",España,314
"24005 Antigua, La",Extranjero,8
24006 Ardón,Total,531
24006 Ardón,España,486
24006 Ardón,Extranjero,45
24007 Arganza,Total,805
24007 Arganza,España,720
24007 Arganza,Extranjero,85
24008 Astorga,Total,10.300
24008 Astorga,España,9.330
24008 Astorga,Extranjero,970
24009 Balboa,Total,268
24009 Balboa,España,257
24009 Balboa,Extranjero,11
"24010 Bañeza, La",Total,10.326
"24010 Bañeza, La",España,8.690
"24010 Bañeza, La",Extranjero,1.636
24011 Barjas,Total,140
24011 Barjas,España,138
24011 Barjas,Extranjero,2
"24012 Barrios de Luna, Los",Total,300
"24012 Barrios de Luna, Los",España,287
"24012 Barrios de Luna, Los",Extranjero,13
24014 Bembibre,Total,8.075
24014 Bembibre,España,7.017
24014 Bembibre,Extranjero,1.058
24015 Benavides,Total,2.319
24015 Benavides,España,2.208
24015 Benavides,Extranjero,111
24016 Benuza,Total,455
24016 Benuza,España,429
24016 Benuza,Extranjero,26
24017 Bercianos del Páramo,Total,514
24017 Bercianos del Páramo,España,501
24017 Bercianos del Páramo,Extranjero,13
24018 Bercianos del Real Camino,Total,179
24018 Bercianos del Real Camino,España,170
24018 Bercianos del Real Camino,Extranjero,9
24019 Berlanga del Bierzo,Total,311
24019 Berlanga del Bierzo,España,303
24019 Berlanga del Bierzo,Extranjero,8
24020 Boca de Huérgano,Total,410
24020 Boca de Huérgano,España,398
24020 Boca de Huérgano,Extranjero,12
24021 Boñar,Total,1.729
24021 Boñar,España,1.617
24021 Boñar,Extranjero,112
24022 Borrenes,Total,298
24022 Borrenes,España,284
24022 Borrenes,Extranjero,14
24023 Brazuelo,Total,303
24023 Brazuelo,España,265
24023 Brazuelo,Extranjero,38
"24024 Burgo Ranero, El",Total,698
"24024 Burgo Ranero, El",España,659
"24024 Burgo Ranero, El",Extranjero,39
24025 Burón,Total,282
24025 Burón,España,277
24025 Burón,Extranjero,5
24026 Bustillo del Páramo,Total,1.058
24026 Bustillo del Páramo,España,1.015
24026 Bustillo del Páramo,Extranjero,43
24027 Cabañas Raras,Total,1.297
24027 Cabañas Raras,España,1.229
24027 Cabañas Raras,Extranjero,68
24028 Cabreros del Río,Total,406
24028 Cabreros del Río,España,394
24028 Cabreros del Río,Extranjero,12
24029 Cabrillanes,Total,689
24029 Cabrillanes,España,660
24029 Cabrillanes,Extranjero,29
24030 Cacabelos,Total,4.738
24030 Cacabelos,España,4.290
24030 Cacabelos,Extranjero,448
24031 Calzada del Coto,Total,214
24031 Calzada del Coto,España,199
24031 Calzada del Coto,Extranjero,15
24032 Campazas,Total,111
24032 Campazas,España,106
24032 Campazas,Extranjero,5
24033 Campo de Villavidel,Total,206
24033 Campo de Villavidel,España,197
24033 Campo de Villavidel,Extranjero,9
24034 Camponaraya,Total,4.065
24034 Camponaraya,España,3.733
24034 Camponaraya,Extranjero,332
24036 Valle de Ancares,Total,257
24036 Valle de Ancares,España,247
24036 Valle de Ancares,Extranjero,10
24037 Cármenes,Total,356
24037 Cármenes,España,338
24037 Cármenes,Extranjero,18
24038 Carracedelo,Total,3.426
24038 Carracedelo,España,3.143
24038 Carracedelo,Extranjero,283
24039 Carrizo,Total,2.240
24039 Carrizo,España,2.065
24039 Carrizo,Extranjero,175
24040 Carrocera,Total,433
24040 Carrocera,España,420
24040 Carrocera,Extranjero,13
24041 Carucedo,Total,478
24041 Carucedo,España,450
24041 Carucedo,Extranjero,28
24042 Castilfalé,Total,58
24042 Castilfalé,España,57
24042 Castilfalé,Extranjero,1
24043 Castrillo de Cabrera,Total,100
24043 Castrillo de Cabrera,España,99
24043 Castrillo de Cabrera,Extranjero,1
24044 Castrillo de la Valduerna,Total,138
24044 Castrillo de la Valduerna,España,135
24044 Castrillo de la Valduerna,Extranjero,3
24046 Castrocalbón,Total,898
24046 Castrocalbón,España,884
24046 Castrocalbón,Extranjero,14
24047 Castrocontrigo,Total,627
24047 Castrocontrigo,España,598
24047 Castrocontrigo,Extranjero,29
24049 Castropodame,Total,1.571
24049 Castropodame,España,1.423
24049 Castropodame,Extranjero,148
24050 Castrotierra de Valmadrigal,Total,106
24050 Castrotierra de Valmadrigal,España,102
24050 Castrotierra de Valmadrigal,Extranjero,4
24051 Cea,Total,373
24051 Cea,España,365
24051 Cea,Extranjero,8
24052 Cebanico,Total,146
24052 Cebanico,España,135
24052 Cebanico,Extranjero,11
24053 Cebrones del Río,Total,438
24053 Cebrones del Río,España,396
24053 Cebrones del Río,Extranjero,42
24054 Cimanes de la Vega,Total,444
24054 Cimanes de la Vega,España,398
24054 Cimanes de la Vega,Extranjero,46
24055 Cimanes del Tejar,Total,720
24055 Cimanes del Tejar,España,692
24055 Cimanes del Tejar,Extranjero,28
24056 Cistierna,Total,2.855
24056 Cistierna,España,2.668
24056 Cistierna,Extranjero,187
24057 Congosto,Total,1.425
24057 Congosto,España,1.291
24057 Congosto,Extranjero,134
24058 Corbillos de los Oteros,Total,173
24058 Corbillos de los Oteros,España,156
24058 Corbillos de los Oteros,Extranjero,17
24059 Corullón,Total,797
24059 Corullón,España,729
24059 Corullón,Extranjero,68
24060 Crémenes,Total,492
24060 Crémenes,España,472
24060 Crémenes,Extranjero,20
24061 Cuadros,Total,2.074
24061 Cuadros,España,2.000
24061 Cuadros,Extranjero,74
24062 Cubillas de los Oteros,Total,141
24062 Cubillas de los Oteros,España,132
24062 Cubillas de los Oteros,Extranjero,9
24063 Cubillas de Rueda,Total,379
24063 Cubillas de Rueda,España,370
24063 Cubillas de Rueda,Extranjero,9
24064 Cubillos del Sil,Total,1.749
24064 Cubillos del Sil,España,1.634
24064 Cubillos del Sil,Extranjero,115
24065 Chozas de Abajo,Total,2.721
24065 Chozas de Abajo,España,2.542
24065 Chozas de Abajo,Extranjero,179
24066 Destriana,Total,421
24066 Destriana,España,397
24066 Destriana,Extranjero,24
24067 Encinedo,Total,636
24067 Encinedo,España,547
24067 Encinedo,Extranjero,89
"24068 Ercina, La",Total,413
"24068 Ercina, La",España,401
"24068 Ercina, La",Extranjero,12
24069 Escobar de Campos,Total,32
24069 Escobar de Campos,España,32
24069 Escobar de Campos,Extranjero,0
24070 Fabero,Total,3.980
24070 Fabero,España,3.717
24070 Fabero,Extranjero,263
24071 Folgoso de la Ribera,Total,972
24071 Folgoso de la Ribera,España,924
24071 Folgoso de la Ribera,Extranjero,48
24073 Fresno de la Vega,Total,487
24073 Fresno de la Vega,España,448
24073 Fresno de la Vega,Extranjero,39
24074 Fuentes de Carbajal,Total,72
24074 Fuentes de Carbajal,España,72
24074 Fuentes de Carbajal,Extranjero,0
24076 Garrafe de Torío,Total,1.653
24076 Garrafe de Torío,España,1.542
24076 Garrafe de Torío,Extranjero,111
24077 Gordaliza del Pino,Total,241
24077 Gordaliza del Pino,España,215
24077 Gordaliza del Pino,Extranjero,26
24078 Gordoncillo,Total,308
24078 Gordoncillo,España,279
24078 Gordoncillo,Extranjero,29
24079 Gradefes,Total,886
24079 Gradefes,España,848
24079 Gradefes,Extranjero,38
24080 Grajal de Campos,Total,206
24080 Grajal de Campos,España,189
24080 Grajal de Campos,Extranjero,17
24081 Gusendos de los Oteros,Total,123
24081 Gusendos de los Oteros,España,115
24081 Gusendos de los Oteros,Extranjero,8
24082 Hospital de Órbigo,Total,950
24082 Hospital de Órbigo,España,885
24082 Hospital de Órbigo,Extranjero,65
24083 Igüeña,Total,1.016
24083 Igüeña,España,901
24083 Igüeña,Extranjero,115
24084 Izagre,Total,136
24084 Izagre,España,124
24084 Izagre,Extranjero,12
24086 Joarilla de las Matas,Total,245
24086 Joarilla de las Matas,España,226
24086 Joarilla de las Matas,Extranjero,19
24087 Laguna Dalga,Total,608
24087 Laguna Dalga,España,588
24087 Laguna Dalga,Extranjero,20
24088 Laguna de Negrillos,Total,1.058
24088 Laguna de Negrillos,España,1.037
24088 Laguna de Negrillos,Extranjero,21
24089 León,Total,124.091
24089 León,España,107.580
24089 León,Extranjero,16.511
24090 Lucillo,Total,358
24090 Lucillo,España,335
24090 Lucillo,Extranjero,23
24091 Luyego,Total,539
24091 Luyego,España,525
24091 Luyego,Extranjero,14
24092 Llamas de la Ribera,Total,783
24092 Llamas de la Ribera,España,735
24092 Llamas de la Ribera,Extranjero,48
24093 Magaz de Cepeda,Total,345
24093 Magaz de Cepeda,España,325
24093 Magaz de Cepeda,Extranjero,20
24094 Mansilla de las Mulas,Total,1.703
24094 Mansilla de las Mulas,España,1.403
24094 Mansilla de las Mulas,Extranjero,300
24095 Mansilla Mayor,Total,318
24095 Mansilla Mayor,España,311
24095 Mansilla Mayor,Extranjero,7
24096 Maraña,Total,104
24096 Maraña,España,93
24096 Maraña,Extranjero,11
24097 Matadeón de los Oteros,Total,213
24097 Matadeón de los Oteros,España,192
24097 Matadeón de los Oteros,Extranjero,21
24098 Matallana de Torío,Total,1.222
24098 Matallana de Torío,España,1.174
24098 Matallana de Torío,Extranjero,48
24099 Matanza,Total,158
24099 Matanza,España,141
24099 Matanza,Extranjero,17
24100 Molinaseca,Total,866
24100 Molinaseca,España,778
24100 Molinaseca,Extranjero,88
24101 Murias de Paredes,Total,338
24101 Murias de Paredes,España,334
24101 Murias de Paredes,Extranjero,4
24102 Noceda del Bierzo,Total,603
24102 Noceda del Bierzo,España,583
24102 Noceda del Bierzo,Extranjero,20
24103 Oencia,Total,271
24103 Oencia,España,256
24103 Oencia,Extranjero,15
"24104 Omañas, Las",Total,271
"24104 Omañas, Las",España,255
"24104 Omañas, Las",Extranjero,16
24105 Onzonilla,Total,1.964
24105 Onzonilla,España,1.789
24105 Onzonilla,Extranjero,175
24106 Oseja de Sajambre,Total,214
24106 Oseja de Sajambre,España,205
24106 Oseja de Sajambre,Extranjero,9
24107 Pajares de los Oteros,Total,245
24107 Pajares de los Oteros,España,204
24107 Pajares de los Oteros,Extranjero,41
24108 Palacios de la Valduerna,Total,346
24108 Palacios de la Valduerna,España,322
24108 Palacios de la Valduerna,Extranjero,24
24109 Palacios del Sil,Total,861
24109 Palacios del Sil,España,841
24109 Palacios del Sil,Extranjero,20
24110 Páramo del Sil,Total,1.148
24110 Páramo del Sil,España,1.102
24110 Páramo del Sil,Extranjero,46
24112 Peranzanes,Total,276
24112 Peranzanes,España,262
24112 Peranzanes,Extranjero,14
24113 Pobladura de Pelayo García,Total,369
24113 Pobladura de Pelayo García,España,341
24113 Pobladura de Pelayo García,Extranjero,28
"24114 Pola de Gordón, La",Total,2.834
"24114 Pola de Gordón, La",España,2.747
"24114 Pola de Gordón, La",Extranjero,87
24115 Ponferrada,Total,63.112
24115 Ponferrada,España,55.215
24115 Ponferrada,Extranjero,7.897
24116 Posada de Valdeón,Total,394
24116 Posada de Valdeón,España,372
24116 Posada de Valdeón,Extranjero,22
24117 Pozuelo del Páramo,Total,373
24117 Pozuelo del Páramo,España,370
24117 Pozuelo del Páramo,Extranjero,3
24118 Prado de la Guzpeña,Total,109
24118 Prado de la Guzpeña,España,105
24118 Prado de la Guzpeña,Extranjero,4
24119 Priaranza del Bierzo,Total,684
24119 Priaranza del Bierzo,España,647
24119 Priaranza del Bierzo,Extranjero,37
24120 Prioro,Total,340
24120 Prioro,España,336
24120 Prioro,Extranjero,4
24121 Puebla de Lillo,Total,640
24121 Puebla de Lillo,España,604
24121 Puebla de Lillo,Extranjero,36
24122 Puente de Domingo Flórez,Total,1.380
24122 Puente de Domingo Flórez,España,1.208
24122 Puente de Domingo Flórez,Extranjero,172
24123 Quintana del Castillo,Total,700
24123 Quintana del Castillo,España,677
24123 Quintana del Castillo,Extranjero,23
24124 Quintana del Marco,Total,295
24124 Quintana del Marco,España,290
24124 Quintana del Marco,Extranjero,5
24125 Quintana y Congosto,Total,402
24125 Quintana y Congosto,España,395
24125 Quintana y Congosto,Extranjero,7
24127 Regueras de Arriba,Total,263
24127 Regueras de Arriba,España,249
24127 Regueras de Arriba,Extranjero,14
24129 Reyero,Total,120
24129 Reyero,España,119
24129 Reyero,Extranjero,1
24130 Riaño,Total,476
24130 Riaño,España,453
24130 Riaño,Extranjero,23
24131 Riego de la Vega,Total,700
24131 Riego de la Vega,España,678
24131 Riego de la Vega,Extranjero,22
24132 Riello,Total,574
24132 Riello,España,550
24132 Riello,Extranjero,24
24133 Rioseco de Tapia,Total,408
24133 Rioseco de Tapia,España,389
24133 Rioseco de Tapia,Extranjero,19
"24134 Robla, La",Total,3.591
"24134 Robla, La",España,3.400
"24134 Robla, La",Extranjero,191
24136 Roperuelos del Páramo,Total,502
24136 Roperuelos del Páramo,España,485
24136 Roperuelos del Páramo,Extranjero,17
24137 Sabero,Total,1.018
24137 Sabero,España,977
24137 Sabero,Extranjero,41
24139 Sahagún,Total,2.380
24139 Sahagún,España,2.112
24139 Sahagún,Extranjero,268
24141 San Adrián del Valle,Total,82
24141 San Adrián del Valle,España,78
24141 San Adrián del Valle,Extranjero,4
24142 San Andrés del Rabanedo,Total,29.996
24142 San Andrés del Rabanedo,España,26.852
24142 San Andrés del Rabanedo,Extranjero,3.144
24143 Sancedo,Total,529
24143 Sancedo,España,498
24143 Sancedo,Extranjero,31
24144 San Cristóbal de la Polantera,Total,611
24144 San Cristóbal de la Polantera,España,591
24144 San Cristóbal de la Polantera,Extranjero,20
24145 San Emiliano,Total,587
24145 San Emiliano,España,583
24145 San Emiliano,Extranjero,4
24146 San Esteban de Nogales,Total,239
24146 San Esteban de Nogales,España,233
24146 San Esteban de Nogales,Extranjero,6
24148 San Justo de la Vega,Total,1.765
24148 San Justo de la Vega,España,1.676
24148 San Justo de la Vega,Extranjero,89
24149 San Millán de los Caballeros,Total,193
24149 San Millán de los Caballeros,España,176
24149 San Millán de los Caballeros,Extranjero,17
24150 San Pedro Bercianos,Total,217
24150 San Pedro Bercianos,España,206
24150 San Pedro Bercianos,Extranjero,11
24151 Santa Colomba de Curueño,Total,504
24151 Santa Colomba de Curueño,España,478
24151 Santa Colomba de Curueño,Extranjero,26
24152 Santa Colomba de Somoza,Total,468
24152 Santa Colomba de Somoza,España,436
24152 Santa Colomba de Somoza,Extranjero,32
24153 Santa Cristina de Valmadrigal,Total,284
24153 Santa Cristina de Valmadrigal,España,237
24153 Santa Cristina de Valmadrigal,Extranjero,47
24154 Santa Elena de Jamuz,Total,1.026
24154 Santa Elena de Jamuz,España,955
24154 Santa Elena de Jamuz,Extranjero,71
24155 Santa María de la Isla,Total,435
24155 Santa María de la Isla,España,417
24155 Santa María de la Isla,Extranjero,18
24156 Santa María del Monte de Cea,Total,207
24156 Santa María del Monte de Cea,España,200
24156 Santa María del Monte de Cea,Extranjero,7
24157 Santa María del Páramo,Total,2.998
24157 Santa María del Páramo,España,2.775
24157 Santa María del Páramo,Extranjero,223
24158 Santa María de Ordás,Total,327
24158 Santa María de Ordás,España,311
24158 Santa María de Ordás,Extranjero,16
24159 Santa Marina del Rey,Total,1.716
24159 Santa Marina del Rey,España,1.659
24159 Santa Marina del Rey,Extranjero,57
24160 Santas Martas,Total,763
24160 Santas Martas,España,701
24160 Santas Martas,Extranjero,62
24161 Santiago Millas,Total,356
24161 Santiago Millas,España,327
24161 Santiago Millas,Extranjero,29
24162 Santovenia de la Valdoncina,Total,2.065
24162 Santovenia de la Valdoncina,España,1.966
24162 Santovenia de la Valdoncina,Extranjero,99
24163 Sariegos,Total,5.482
24163 Sariegos,España,5.158
24163 Sariegos,Extranjero,324
24164 Sena de Luna,Total,371
24164 Sena de Luna,España,368
24164 Sena de Luna,Extranjero,3
24165 Sobrado,Total,273
24165 Sobrado,España,265
24165 Sobrado,Extranjero,8
24166 Soto de la Vega,Total,1.482
24166 Soto de la Vega,España,1.382
24166 Soto de la Vega,Extranjero,100
24167 Soto y Amío,Total,702
24167 Soto y Amío,España,678
24167 Soto y Amío,Extranjero,24
24168 Toral de los Guzmanes,Total,485
24168 Toral de los Guzmanes,España,425
24168 Toral de los Guzmanes,Extranjero,60
24169 Toreno,Total,2.846
24169 Toreno,España,2.693
24169 Toreno,Extranjero,153
24170 Torre del Bierzo,Total,1.923
24170 Torre del Bierzo,España,1.653
24170 Torre del Bierzo,Extranjero,270
24171 Trabadelo,Total,323
24171 Trabadelo,España,310
24171 Trabadelo,Extranjero,13
24172 Truchas,Total,369
24172 Truchas,España,354
24172 Truchas,Extranjero,15
24173 Turcia,Total,976
24173 Turcia,España,947
24173 Turcia,Extranjero,29
24174 Urdiales del Páramo,Total,453
24174 Urdiales del Páramo,España,422
24174 Urdiales del Páramo,Extranjero,31
24175 Valdefresno,Total,2.362
24175 Valdefresno,España,2.186
24175 Valdefresno,Extranjero,176
24176 Valdefuentes del Páramo,Total,305
24176 Valdefuentes del Páramo,España,298
24176 Valdefuentes del Páramo,Extranjero,7
24177 Valdelugueros,Total,485
24177 Valdelugueros,España,471
24177 Valdelugueros,Extranjero,14
24178 Valdemora,Total,58
24178 Valdemora,España,53
24178 Valdemora,Extranjero,5
24179 Valdepiélago,Total,311
24179 Valdepiélago,España,289
24179 Valdepiélago,Extranjero,22
24180 Valdepolo,Total,1.177
24180 Valdepolo,España,1.093
24180 Valdepolo,Extranjero,84
24181 Valderas,Total,1.491
24181 Valderas,España,1.421
24181 Valderas,Extranjero,70
24182 Valderrey,Total,423
24182 Valderrey,España,399
24182 Valderrey,Extranjero,24
24183 Valderrueda,Total,817
24183 Valderrueda,España,784
24183 Valderrueda,Extranjero,33
24184 Valdesamario,Total,168
24184 Valdesamario,España,159
24184 Valdesamario,Extranjero,9
24185 Val de San Lorenzo,Total,493
24185 Val de San Lorenzo,España,467
24185 Val de San Lorenzo,Extranjero,26
24187 Valdevimbre,Total,899
24187 Valdevimbre,España,817
24187 Valdevimbre,Extranjero,82
24188 Valencia de Don Juan,Total,5.139
24188 Valencia de Don Juan,España,4.293
24188 Valencia de Don Juan,Extranjero,846
24189 Valverde de la Virgen,Total,7.943
24189 Valverde de la Virgen,España,7.278
24189 Valverde de la Virgen,Extranjero,665
24190 Valverde-Enrique,Total,148
24190 Valverde-Enrique,España,143
24190 Valverde-Enrique,Extranjero,5
24191 Vallecillo,Total,102
24191 Vallecillo,España,94
24191 Vallecillo,Extranjero,8
"24193 Vecilla, La",Total,382
"24193 Vecilla, La",España,367
"24193 Vecilla, La",Extranjero,15
24194 Vegacervera,Total,248
24194 Vegacervera,España,238
24194 Vegacervera,Extranjero,10
24196 Vega de Espinareda,Total,2.002
24196 Vega de Espinareda,España,1.904
24196 Vega de Espinareda,Extranjero,98
24197 Vega de Infanzones,Total,842
24197 Vega de Infanzones,España,797
24197 Vega de Infanzones,Extranjero,45
24198 Vega de Valcarce,Total,555
24198 Vega de Valcarce,España,514
24198 Vega de Valcarce,Extranjero,41
24199 Vegaquemada,Total,432
24199 Vegaquemada,España,412
24199 Vegaquemada,Extranjero,20
24201 Vegas del Condado,Total,1.172
24201 Vegas del Condado,España,1.123
24201 Vegas del Condado,Extranjero,49
24202 Villablino,Total,7.587
24202 Villablino,España,7.063
24202 Villablino,Extranjero,524
24203 Villabraz,Total,85
24203 Villabraz,España,79
24203 Villabraz,Extranjero,6
24205 Villadangos del Páramo,Total,1.267
24205 Villadangos del Páramo,España,1.193
24205 Villadangos del Páramo,Extranjero,74
24206 Toral de los Vados,Total,1.749
24206 Toral de los Vados,España,1.577
24206 Toral de los Vados,Extranjero,172
24207 Villademor de la Vega,Total,290
24207 Villademor de la Vega,España,254
24207 Villademor de la Vega,Extranjero,36
24209 Villafranca del Bierzo,Total,2.596
24209 Villafranca del Bierzo,España,2.356
24209 Villafranca del Bierzo,Extranjero,240
24210 Villagatón,Total,629
24210 Villagatón,España,531
24210 Villagatón,Extranjero,98
24211 Villamandos,Total,269
24211 Villamandos,España,253
24211 Villamandos,Extranjero,16
24212 Villamañán,Total,1.087
24212 Villamañán,España,1.015
24212 Villamañán,Extranjero,72
24213 Villamartín de Don Sancho,Total,131
24213 Villamartín de Don Sancho,España,123
24213 Villamartín de Don Sancho,Extranjero,8
24214 Villamejil,Total,653
24214 Villamejil,España,623
24214 Villamejil,Extranjero,30
24215 Villamol,Total,134
24215 Villamol,España,127
24215 Villamol,Extranjero,7
24216 Villamontán de la Valduerna,Total,676
24216 Villamontán de la Valduerna,España,632
24216 Villamontán de la Valduerna,Extranjero,44
24217 Villamoratiel de las Matas,Total,121
24217 Villamoratiel de las Matas,España,118
24217 Villamoratiel de las Matas,Extranjero,3
24218 Villanueva de las Manzanas,Total,488
24218 Villanueva de las Manzanas,España,460
24218 Villanueva de las Manzanas,Extranjero,28
24219 Villaobispo de Otero,Total,516
24219 Villaobispo de Otero,España,487
24219 Villaobispo de Otero,Extranjero,29
24221 Villaquejida,Total,763
24221 Villaquejida,España,722
24221 Villaquejida,Extranjero,41
24222 Villaquilambre,Total,18.968
24222 Villaquilambre,España,17.386
24222 Villaquilambre,Extranjero,1.582
24223 Villarejo de Órbigo,Total,2.864
24223 Villarejo de Órbigo,España,2.650
24223 Villarejo de Órbigo,Extranjero,214
24224 Villares de Órbigo,Total,556
24224 Villares de Órbigo,España,527
24224 Villares de Órbigo,Extranjero,29
24225 Villasabariego,Total,1.155
24225 Villasabariego,España,1.067
24225 Villasabariego,Extranjero,88
24226 Villaselán,Total,180
24226 Villaselán,España,174
24226 Villaselán,Extranjero,6
24227 Villaturiel,Total,1.812
24227 Villaturiel,España,1.703
24227 Villaturiel,Extranjero,109
24228 Villazala,Total,560
24228 Villazala,España,533
24228 Villazala,Extranjero,27
24229 Villazanzo de Valderaduey,Total,363
24229 Villazanzo de Valderaduey,España,354
24229 Villazanzo de Valderaduey,Extranjero,9
24230 Zotes del Páramo,Total,383
24230 Zotes del Páramo,España,358
24230 Zotes del Páramo,Extranjero,25
24901 Villamanín,Total,867
24901 Villamanín,España,811
24901 Villamanín,Extranjero,56
24902 Villaornate y Castro,Total,354
24902 Villaornate y Castro,España,334
24902 Villaornate y Castro,Extranjero,20
25001 Abella de la Conca,Total,162
25001 Abella de la Conca,España,140
25001 Abella de la Conca,Extranjero,22
25002 Àger,Total,635
25002 Àger,España,522
25002 Àger,Extranjero,113
25003 Agramunt,Total,5.638
25003 Agramunt,España,4.357
25003 Agramunt,Extranjero,1.281
"25004 Alamús, Els",Total,837
"25004 Alamús, Els",España,684
"25004 Alamús, Els",Extranjero,153
25005 Alàs i Cerc,Total,320
25005 Alàs i Cerc,España,287
25005 Alàs i Cerc,Extranjero,33
"25006 Albagés, L'",Total,339
"25006 Albagés, L'",España,310
"25006 Albagés, L'",Extranjero,29
25007 Albatàrrec,Total,2.312
25007 Albatàrrec,España,1.731
25007 Albatàrrec,Extranjero,581
25008 Albesa,Total,1.582
25008 Albesa,España,1.242
25008 Albesa,Extranjero,340
"25009 Albi, L'",Total,764
"25009 Albi, L'",España,695
"25009 Albi, L'",Extranjero,69
25010 Alcanó,Total,247
25010 Alcanó,España,232
25010 Alcanó,Extranjero,15
25011 Alcarràs,Total,10.556
25011 Alcarràs,España,6.817
25011 Alcarràs,Extranjero,3.739
25012 Alcoletge,Total,3.679
25012 Alcoletge,España,2.989
25012 Alcoletge,Extranjero,690
25013 Alfarràs,Total,2.790
25013 Alfarràs,España,2.286
25013 Alfarràs,Extranjero,504
25014 Alfés,Total,284
25014 Alfés,España,266
25014 Alfés,Extranjero,18
25015 Algerri,Total,424
25015 Algerri,España,377
25015 Algerri,Extranjero,47
25016 Alguaire,Total,3.057
25016 Alguaire,España,2.415
25016 Alguaire,Extranjero,642
25017 Alins,Total,270
25017 Alins,España,244
25017 Alins,Extranjero,26
25019 Almacelles,Total,7.197
25019 Almacelles,España,5.262
25019 Almacelles,Extranjero,1.935
25020 Almatret,Total,292
25020 Almatret,España,257
25020 Almatret,Extranjero,35
25021 Almenar,Total,3.357
25021 Almenar,España,2.860
25021 Almenar,Extranjero,497
25022 Alòs de Balaguer,Total,117
25022 Alòs de Balaguer,España,93
25022 Alòs de Balaguer,Extranjero,24
25023 Alpicat,Total,6.556
25023 Alpicat,España,5.903
25023 Alpicat,Extranjero,653
25024 Alt Àneu,Total,456
25024 Alt Àneu,España,430
25024 Alt Àneu,Extranjero,26
25025 Naut Aran,Total,1.893
25025 Naut Aran,España,1.610
25025 Naut Aran,Extranjero,283
25027 Anglesola,Total,1.395
25027 Anglesola,España,1.185
25027 Anglesola,Extranjero,210
25029 Arbeca,Total,2.166
25029 Arbeca,España,1.763
25029 Arbeca,Extranjero,403
"25030 Pont de Bar, El",Total,167
"25030 Pont de Bar, El",España,150
"25030 Pont de Bar, El",Extranjero,17
25031 Arres,Total,58
25031 Arres,España,54
25031 Arres,Extranjero,4
25032 Arsèguel,Total,85
25032 Arsèguel,España,79
25032 Arsèguel,Extranjero,6
25033 Artesa de Lleida,Total,1.545
25033 Artesa de Lleida,España,1.260
25033 Artesa de Lleida,Extranjero,285
25034 Artesa de Segre,Total,3.594
25034 Artesa de Segre,España,2.630
25034 Artesa de Segre,Extranjero,964
"25035 Sentiu de Sió, La",Total,448
"25035 Sentiu de Sió, La",España,416
"25035 Sentiu de Sió, La",Extranjero,32
25036 Aspa,Total,232
25036 Aspa,España,197
25036 Aspa,Extranjero,35
"25037 Avellanes i Santa Linya, Les",Total,434
"25037 Avellanes i Santa Linya, Les",España,387
"25037 Avellanes i Santa Linya, Les",Extranjero,47
25038 Aitona,Total,2.575
25038 Aitona,España,1.615
25038 Aitona,Extranjero,960
25039 Baix Pallars,Total,350
25039 Baix Pallars,España,314
25039 Baix Pallars,Extranjero,36
25040 Balaguer,Total,17.667
25040 Balaguer,España,12.768
25040 Balaguer,Extranjero,4.899
25041 Barbens,Total,910
25041 Barbens,España,574
25041 Barbens,Extranjero,336
"25042 Baronia de Rialb, La",Total,216
"25042 Baronia de Rialb, La",España,193
"25042 Baronia de Rialb, La",Extranjero,23
"25043 Vall de Boí, La",Total,1.129
"25043 Vall de Boí, La",España,999
"25043 Vall de Boí, La",Extranjero,130
25044 Bassella,Total,215
25044 Bassella,España,183
25044 Bassella,Extranjero,32
25045 Bausen,Total,62
25045 Bausen,España,53
25045 Bausen,Extranjero,9
25046 Belianes,Total,512
25046 Belianes,España,447
25046 Belianes,Extranjero,65
25047 Bellcaire d'Urgell,Total,1.272
25047 Bellcaire d'Urgell,España,1.074
25047 Bellcaire d'Urgell,Extranjero,198
25048 Bell-lloc d'Urgell,Total,2.359
25048 Bell-lloc d'Urgell,España,1.932
25048 Bell-lloc d'Urgell,Extranjero,427
25049 Bellmunt d'Urgell,Total,174
25049 Bellmunt d'Urgell,España,164
25049 Bellmunt d'Urgell,Extranjero,10
25050 Bellpuig,Total,5.531
25050 Bellpuig,España,3.923
25050 Bellpuig,Extranjero,1.608
25051 Bellver de Cerdanya,Total,2.289
25051 Bellver de Cerdanya,España,1.975
25051 Bellver de Cerdanya,Extranjero,314
25052 Bellvís,Total,2.239
25052 Bellvís,España,1.739
25052 Bellvís,Extranjero,500
25053 Benavent de Segrià,Total,1.565
25053 Benavent de Segrià,España,1.360
25053 Benavent de Segrià,Extranjero,205
25055 Biosca,Total,185
25055 Biosca,España,161
25055 Biosca,Extranjero,24
25056 Bovera,Total,252
25056 Bovera,España,213
25056 Bovera,Extranjero,39
"25057 Bòrdes, Es",Total,281
"25057 Bòrdes, Es",España,249
"25057 Bòrdes, Es",Extranjero,32
"25058 Borges Blanques, Les",Total,6.458
"25058 Borges Blanques, Les",España,5.189
"25058 Borges Blanques, Les",Extranjero,1.269
25059 Bossòst,Total,1.178
25059 Bossòst,España,842
25059 Bossòst,Extranjero,336
25060 Cabanabona,Total,70
25060 Cabanabona,España,63
25060 Cabanabona,Extranjero,7
25061 Cabó,Total,87
25061 Cabó,España,78
25061 Cabó,Extranjero,9
25062 Camarasa,Total,800
25062 Camarasa,España,741
25062 Camarasa,Extranjero,59
25063 Canejan,Total,96
25063 Canejan,España,79
25063 Canejan,Extranjero,17
25064 Castellar de la Ribera,Total,131
25064 Castellar de la Ribera,España,124
25064 Castellar de la Ribera,Extranjero,7
25067 Castelldans,Total,955
25067 Castelldans,España,765
25067 Castelldans,Extranjero,190
25068 Castellnou de Seana,Total,733
25068 Castellnou de Seana,España,604
25068 Castellnou de Seana,Extranjero,129
25069 Castelló de Farfanya,Total,548
25069 Castelló de Farfanya,España,454
25069 Castelló de Farfanya,Extranjero,94
25070 Castellserà,Total,987
25070 Castellserà,España,873
25070 Castellserà,Extranjero,114
25071 Cava,Total,38
25071 Cava,España,36
25071 Cava,Extranjero,2
25072 Cervera,Total,9.630
25072 Cervera,España,7.029
25072 Cervera,Extranjero,2.601
25073 Cervià de les Garrigues,Total,637
25073 Cervià de les Garrigues,España,593
25073 Cervià de les Garrigues,Extranjero,44
25074 Ciutadilla,Total,186
25074 Ciutadilla,España,171
25074 Ciutadilla,Extranjero,15
25075 Clariana de Cardener,Total,160
25075 Clariana de Cardener,España,154
25075 Clariana de Cardener,Extranjero,6
"25076 Cogul, El",Total,162
"25076 Cogul, El",España,148
"25076 Cogul, El",Extranjero,14
25077 Coll de Nargó,Total,585
25077 Coll de Nargó,España,491
25077 Coll de Nargó,Extranjero,94
25078 Corbins,Total,1.490
25078 Corbins,España,1.241
25078 Corbins,Extranjero,249
25079 Cubells,Total,354
25079 Cubells,España,309
25079 Cubells,Extranjero,45
"25081 Espluga Calba, L'",Total,324
"25081 Espluga Calba, L'",España,287
"25081 Espluga Calba, L'",Extranjero,37
25082 Espot,Total,377
25082 Espot,España,337
25082 Espot,Extranjero,40
25085 Estaràs,Total,161
25085 Estaràs,España,151
25085 Estaràs,Extranjero,10
25086 Esterri d'Àneu,Total,914
25086 Esterri d'Àneu,España,642
25086 Esterri d'Àneu,Extranjero,272
25087 Esterri de Cardós,Total,63
25087 Esterri de Cardós,España,62
25087 Esterri de Cardós,Extranjero,1
25088 Estamariu,Total,134
25088 Estamariu,España,123
25088 Estamariu,Extranjero,11
25089 Farrera,Total,120
25089 Farrera,España,112
25089 Farrera,Extranjero,8
"25092 Floresta, La",Total,159
"25092 Floresta, La",España,134
"25092 Floresta, La",Extranjero,25
25093 Fondarella,Total,828
25093 Fondarella,España,733
25093 Fondarella,Extranjero,95
25094 Foradada,Total,194
25094 Foradada,España,151
25094 Foradada,Extranjero,43
"25096 Fuliola, La",Total,1.277
"25096 Fuliola, La",España,1.037
"25096 Fuliola, La",Extranjero,240
25097 Fulleda,Total,87
25097 Fulleda,España,83
25097 Fulleda,Extranjero,4
25098 Gavet de la Conca,Total,257
25098 Gavet de la Conca,España,230
25098 Gavet de la Conca,Extranjero,27
25099 Golmés,Total,1.914
25099 Golmés,España,1.623
25099 Golmés,Extranjero,291
25100 Gósol,Total,207
25100 Gósol,España,183
25100 Gósol,Extranjero,24
"25101 Granadella, La",Total,751
"25101 Granadella, La",España,580
"25101 Granadella, La",Extranjero,171
"25102 Granja d'Escarp, La",Total,994
"25102 Granja d'Escarp, La",España,703
"25102 Granja d'Escarp, La",Extranjero,291
25103 Granyanella,Total,154
25103 Granyanella,España,144
25103 Granyanella,Extranjero,10
25104 Granyena de Segarra,Total,149
25104 Granyena de Segarra,España,146
25104 Granyena de Segarra,Extranjero,3
25105 Granyena de les Garrigues,Total,174
25105 Granyena de les Garrigues,España,125
25105 Granyena de les Garrigues,Extranjero,49
25109 Guimerà,Total,253
25109 Guimerà,España,208
25109 Guimerà,Extranjero,45
25110 Guissona,Total,7.715
25110 Guissona,España,3.783
25110 Guissona,Extranjero,3.932
25111 Guixers,Total,125
25111 Guixers,España,117
25111 Guixers,Extranjero,8
25112 Ivars de Noguera,Total,318
25112 Ivars de Noguera,España,273
25112 Ivars de Noguera,Extranjero,45
25113 Ivars d'Urgell,Total,1.598
25113 Ivars d'Urgell,España,1.260
25113 Ivars d'Urgell,Extranjero,338
25114 Ivorra,Total,101
25114 Ivorra,España,95
25114 Ivorra,Extranjero,6
25115 Isona i Conca Dellà,Total,1.034
25115 Isona i Conca Dellà,España,867
25115 Isona i Conca Dellà,Extranjero,167
25118 Juncosa,Total,379
25118 Juncosa,España,333
25118 Juncosa,Extranjero,46
25119 Juneda,Total,3.523
25119 Juneda,España,2.702
25119 Juneda,Extranjero,821
25120 Lleida,Total,147.369
25120 Lleida,España,106.453
25120 Lleida,Extranjero,40.916
25121 Les,Total,1.052
25121 Les,España,680
25121 Les,Extranjero,372
25122 Linyola,Total,2.755
25122 Linyola,España,2.258
25122 Linyola,Extranjero,497
25123 Lladorre,Total,246
25123 Lladorre,España,236
25123 Lladorre,Extranjero,10
25124 Lladurs,Total,186
25124 Lladurs,España,183
25124 Lladurs,Extranjero,3
25125 Llardecans,Total,444
25125 Llardecans,España,407
25125 Llardecans,Extranjero,37
25126 Llavorsí,Total,343
25126 Llavorsí,España,301
25126 Llavorsí,Extranjero,42
25127 Lles de Cerdanya,Total,294
25127 Lles de Cerdanya,España,268
25127 Lles de Cerdanya,Extranjero,26
25128 Llimiana,Total,130
25128 Llimiana,España,122
25128 Llimiana,Extranjero,8
25129 Llobera,Total,201
25129 Llobera,España,200
25129 Llobera,Extranjero,1
25130 Maldà,Total,240
25130 Maldà,España,223
25130 Maldà,Extranjero,17
25131 Massalcoreig,Total,589
25131 Massalcoreig,España,424
25131 Massalcoreig,Extranjero,165
25132 Massoteres,Total,226
25132 Massoteres,España,170
25132 Massoteres,Extranjero,56
25133 Maials,Total,945
25133 Maials,España,733
25133 Maials,Extranjero,212
25134 Menàrguens,Total,802
25134 Menàrguens,España,665
25134 Menàrguens,Extranjero,137
25135 Miralcamp,Total,1.359
25135 Miralcamp,España,1.199
25135 Miralcamp,Extranjero,160
"25136 Molsosa, La",Total,101
"25136 Molsosa, La",España,95
"25136 Molsosa, La",Extranjero,6
25137 Mollerussa,Total,16.016
25137 Mollerussa,España,10.439
25137 Mollerussa,Extranjero,5.577
25138 Montgai,Total,643
25138 Montgai,España,596
25138 Montgai,Extranjero,47
25139 Montellà i Martinet,Total,605
25139 Montellà i Martinet,España,532
25139 Montellà i Martinet,Extranjero,73
25140 Montferrer i Castellbò,Total,1.161
25140 Montferrer i Castellbò,España,951
25140 Montferrer i Castellbò,Extranjero,210
25141 Montoliu de Segarra,Total,182
25141 Montoliu de Segarra,España,159
25141 Montoliu de Segarra,Extranjero,23
25142 Montoliu de Lleida,Total,491
25142 Montoliu de Lleida,España,415
25142 Montoliu de Lleida,Extranjero,76
25143 Montornès de Segarra,Total,87
25143 Montornès de Segarra,España,83
25143 Montornès de Segarra,Extranjero,4
25145 Nalec,Total,91
25145 Nalec,España,83
25145 Nalec,Extranjero,8
25146 Navès,Total,297
25146 Navès,España,272
25146 Navès,Extranjero,25
25148 Odèn,Total,230
25148 Odèn,España,217
25148 Odèn,Extranjero,13
25149 Oliana,Total,1.869
25149 Oliana,España,1.420
25149 Oliana,Extranjero,449
25150 Oliola,Total,192
25150 Oliola,España,186
25150 Oliola,Extranjero,6
25151 Olius,Total,989
25151 Olius,España,946
25151 Olius,Extranjero,43
"25152 Oluges, Les",Total,167
"25152 Oluges, Les",España,151
"25152 Oluges, Les",Extranjero,16
"25153 Omellons, Els",Total,187
"25153 Omellons, Els",España,182
"25153 Omellons, Els",Extranjero,5
"25154 Omells de na Gaia, Els",Total,126
"25154 Omells de na Gaia, Els",España,117
"25154 Omells de na Gaia, Els",Extranjero,9
25155 Organyà,Total,851
25155 Organyà,España,681
25155 Organyà,Extranjero,170
25156 Os de Balaguer,Total,1.094
25156 Os de Balaguer,España,1.012
25156 Os de Balaguer,Extranjero,82
25157 Ossó de Sió,Total,200
25157 Ossó de Sió,España,186
25157 Ossó de Sió,Extranjero,14
"25158 Palau d'Anglesola, El",Total,2.225
"25158 Palau d'Anglesola, El",España,1.957
"25158 Palau d'Anglesola, El",Extranjero,268
25161 Conca de Dalt,Total,439
25161 Conca de Dalt,España,383
25161 Conca de Dalt,Extranjero,56
"25163 Coma i la Pedra, La",Total,278
"25163 Coma i la Pedra, La",España,256
"25163 Coma i la Pedra, La",Extranjero,22
25164 Penelles,Total,431
25164 Penelles,España,388
25164 Penelles,Extranjero,43
25165 Peramola,Total,339
25165 Peramola,España,296
25165 Peramola,Extranjero,43
25166 Pinell de Solsonès,Total,198
25166 Pinell de Solsonès,España,189
25166 Pinell de Solsonès,Extranjero,9
25167 Pinós,Total,274
25167 Pinós,España,255
25167 Pinós,Extranjero,19
"25168 Poal, El",Total,648
"25168 Poal, El",España,561
"25168 Poal, El",Extranjero,87
"25169 Pobla de Cérvoles, La",Total,208
"25169 Pobla de Cérvoles, La",España,183
"25169 Pobla de Cérvoles, La",Extranjero,25
25170 Bellaguarda,Total,287
25170 Bellaguarda,España,263
25170 Bellaguarda,Extranjero,24
"25171 Pobla de Segur, La",Total,3.179
"25171 Pobla de Segur, La",España,2.372
"25171 Pobla de Segur, La",Extranjero,807
25172 Ponts,Total,2.639
25172 Ponts,España,1.964
25172 Ponts,Extranjero,675
"25173 Pont de Suert, El",Total,2.425
"25173 Pont de Suert, El",España,1.903
"25173 Pont de Suert, El",Extranjero,522
"25174 Portella, La",Total,730
"25174 Portella, La",España,415
"25174 Portella, La",Extranjero,315
25175 Prats i Sansor,Total,252
25175 Prats i Sansor,España,225
25175 Prats i Sansor,Extranjero,27
25176 Preixana,Total,400
25176 Preixana,España,363
25176 Preixana,Extranjero,37
25177 Preixens,Total,399
25177 Preixens,España,373
25177 Preixens,Extranjero,26
25179 Prullans,Total,270
25179 Prullans,España,218
25179 Prullans,Extranjero,52
25180 Puiggròs,Total,270
25180 Puiggròs,España,253
25180 Puiggròs,Extranjero,17
25181 Puigverd d'Agramunt,Total,239
25181 Puigverd d'Agramunt,España,173
25181 Puigverd d'Agramunt,Extranjero,66
25182 Puigverd de Lleida,Total,1.416
25182 Puigverd de Lleida,España,1.264
25182 Puigverd de Lleida,Extranjero,152
25183 Rialp,Total,651
25183 Rialp,España,598
25183 Rialp,Extranjero,53
25185 Ribera d'Urgellet,Total,982
25185 Ribera d'Urgellet,España,780
25185 Ribera d'Urgellet,Extranjero,202
25186 Riner,Total,270
25186 Riner,España,251
25186 Riner,Extranjero,19
25189 Rosselló,Total,3.398
25189 Rosselló,España,2.788
25189 Rosselló,Extranjero,610
25190 Salàs de Pallars,Total,368
25190 Salàs de Pallars,España,320
25190 Salàs de Pallars,Extranjero,48
25191 Sanaüja,Total,388
25191 Sanaüja,España,352
25191 Sanaüja,Extranjero,36
25192 Sant Guim de Freixenet,Total,1.233
25192 Sant Guim de Freixenet,España,967
25192 Sant Guim de Freixenet,Extranjero,266
25193 Sant Llorenç de Morunys,Total,982
25193 Sant Llorenç de Morunys,España,844
25193 Sant Llorenç de Morunys,Extranjero,138
25194 Sant Ramon,Total,483
25194 Sant Ramon,España,435
25194 Sant Ramon,Extranjero,48
25196 Sant Esteve de la Sarga,Total,118
25196 Sant Esteve de la Sarga,España,106
25196 Sant Esteve de la Sarga,Extranjero,12
25197 Sant Guim de la Plana,Total,192
25197 Sant Guim de la Plana,España,182
25197 Sant Guim de la Plana,Extranjero,10
25200 Sarroca de Lleida,Total,383
25200 Sarroca de Lleida,España,342
25200 Sarroca de Lleida,Extranjero,41
25201 Sarroca de Bellera,Total,111
25201 Sarroca de Bellera,España,104
25201 Sarroca de Bellera,Extranjero,7
25202 Senterada,Total,161
25202 Senterada,España,137
25202 Senterada,Extranjero,24
"25203 Seu d'Urgell, La",Total,13.003
"25203 Seu d'Urgell, La",España,9.429
"25203 Seu d'Urgell, La",Extranjero,3.574
25204 Seròs,Total,1.922
25204 Seròs,España,1.352
25204 Seròs,Extranjero,570
25205 Sidamon,Total,757
25205 Sidamon,España,684
25205 Sidamon,Extranjero,73
"25206 Soleràs, El",Total,313
"25206 Soleràs, El",España,268
"25206 Soleràs, El",Extranjero,45
25207 Solsona,Total,9.741
25207 Solsona,España,7.350
25207 Solsona,Extranjero,2.391
25208 Soriguera,Total,449
25208 Soriguera,España,426
25208 Soriguera,Extranjero,23
25209 Sort,Total,2.287
25209 Sort,España,1.901
25209 Sort,Extranjero,386
25210 Soses,Total,1.884
25210 Soses,España,1.303
25210 Soses,Extranjero,581
25211 Sudanell,Total,920
25211 Sudanell,España,765
25211 Sudanell,Extranjero,155
25212 Sunyer,Total,310
25212 Sunyer,España,241
25212 Sunyer,Extranjero,69
25215 Talarn,Total,559
25215 Talarn,España,499
25215 Talarn,Extranjero,60
25216 Talavera,Total,281
25216 Talavera,España,267
25216 Talavera,Extranjero,14
25217 Tàrrega,Total,18.991
25217 Tàrrega,España,13.433
25217 Tàrrega,Extranjero,5.558
25218 Tarrés,Total,125
25218 Tarrés,España,118
25218 Tarrés,Extranjero,7
25219 Tarroja de Segarra,Total,163
25219 Tarroja de Segarra,España,149
25219 Tarroja de Segarra,Extranjero,14
25220 Térmens,Total,1.345
25220 Térmens,España,1.102
25220 Térmens,Extranjero,243
25221 Tírvia,Total,139
25221 Tírvia,España,128
25221 Tírvia,Extranjero,11
25222 Tiurana,Total,69
25222 Tiurana,España,63
25222 Tiurana,Extranjero,6
25223 Torà,Total,1.230
25223 Torà,España,1.019
25223 Torà,Extranjero,211
"25224 Torms, Els",Total,135
"25224 Torms, Els",España,126
"25224 Torms, Els",Extranjero,9
25225 Tornabous,Total,828
25225 Tornabous,España,623
25225 Tornabous,Extranjero,205
25226 Torrebesses,Total,280
25226 Torrebesses,España,252
25226 Torrebesses,Extranjero,28
"25227 Torre de Cabdella, La",Total,760
"25227 Torre de Cabdella, La",España,705
"25227 Torre de Cabdella, La",Extranjero,55
25228 Torrefarrera,Total,4.950
25228 Torrefarrera,España,4.238
25228 Torrefarrera,Extranjero,712
25230 Torregrossa,Total,2.285
25230 Torregrossa,España,1.790
25230 Torregrossa,Extranjero,495
25231 Torrelameu,Total,816
25231 Torrelameu,España,577
25231 Torrelameu,Extranjero,239
25232 Torres de Segre,Total,2.295
25232 Torres de Segre,España,1.558
25232 Torres de Segre,Extranjero,737
25233 Torre-serona,Total,419
25233 Torre-serona,España,337
25233 Torre-serona,Extranjero,82
25234 Tremp,Total,6.156
25234 Tremp,España,4.569
25234 Tremp,Extranjero,1.587
25238 Vallbona de les Monges,Total,224
25238 Vallbona de les Monges,España,205
25238 Vallbona de les Monges,Extranjero,19
"25239 Valls de Valira, Les",Total,848
"25239 Valls de Valira, Les",España,673
"25239 Valls de Valira, Les",Extranjero,175
25240 Vallfogona de Balaguer,Total,2.008
25240 Vallfogona de Balaguer,España,1.711
25240 Vallfogona de Balaguer,Extranjero,297
25242 Verdú,Total,874
25242 Verdú,España,746
25242 Verdú,Extranjero,128
25243 Vielha e Mijaran,Total,5.857
25243 Vielha e Mijaran,España,3.949
25243 Vielha e Mijaran,Extranjero,1.908
25244 Vilagrassa,Total,627
25244 Vilagrassa,España,494
25244 Vilagrassa,Extranjero,133
25245 Vilaller,Total,497
25245 Vilaller,España,421
25245 Vilaller,Extranjero,76
25247 Vilamòs,Total,174
25247 Vilamòs,España,154
25247 Vilamòs,Extranjero,20
25248 Vilanova de Bellpuig,Total,1.149
25248 Vilanova de Bellpuig,España,985
25248 Vilanova de Bellpuig,Extranjero,164
25249 Vilanova de l'Aguda,Total,194
25249 Vilanova de l'Aguda,España,189
25249 Vilanova de l'Aguda,Extranjero,5
25250 Vilanova de Meià,Total,478
25250 Vilanova de Meià,España,363
25250 Vilanova de Meià,Extranjero,115
25251 Vilanova de Segrià,Total,1.088
25251 Vilanova de Segrià,España,900
25251 Vilanova de Segrià,Extranjero,188
25252 Vila-sana,Total,754
25252 Vila-sana,España,674
25252 Vila-sana,Extranjero,80
"25253 Vilosell, El",Total,178
"25253 Vilosell, El",España,161
"25253 Vilosell, El",Extranjero,17
25254 Vilanova de la Barca,Total,1.160
25254 Vilanova de la Barca,España,841
25254 Vilanova de la Barca,Extranjero,319
25255 Vinaixa,Total,435
25255 Vinaixa,España,403
25255 Vinaixa,Extranjero,32
25901 Vall de Cardós,Total,391
25901 Vall de Cardós,España,326
25901 Vall de Cardós,Extranjero,65
25902 Sant Martí de Riucorb,Total,675
25902 Sant Martí de Riucorb,España,622
25902 Sant Martí de Riucorb,Extranjero,53
"25903 Guingueta d'Àneu, La",Total,276
"25903 Guingueta d'Àneu, La",España,224
"25903 Guingueta d'Àneu, La",Extranjero,52
25904 Castell de Mur,Total,159
25904 Castell de Mur,España,154
25904 Castell de Mur,Extranjero,5
25905 Ribera d'Ondara,Total,436
25905 Ribera d'Ondara,España,412
25905 Ribera d'Ondara,Extranjero,24
"25906 Valls d'Aguilar, Les",Total,259
"25906 Valls d'Aguilar, Les",España,220
"25906 Valls d'Aguilar, Les",Extranjero,39
25907 Torrefeta i Florejacs,Total,593
25907 Torrefeta i Florejacs,España,533
25907 Torrefeta i Florejacs,Extranjero,60
25908 Fígols i Alinyà,Total,235
25908 Fígols i Alinyà,España,214
25908 Fígols i Alinyà,Extranjero,21
"25909 Vansa i Fórnols, La",Total,189
"25909 Vansa i Fórnols, La",España,149
"25909 Vansa i Fórnols, La",Extranjero,40
25910 Josa i Tuixén,Total,110
25910 Josa i Tuixén,España,103
25910 Josa i Tuixén,Extranjero,7
"25911 Plans de Sió, Els",Total,512
"25911 Plans de Sió, Els",España,451
"25911 Plans de Sió, Els",Extranjero,61
25912 Gimenells i el Pla de la Font,Total,1.072
25912 Gimenells i el Pla de la Font,España,910
25912 Gimenells i el Pla de la Font,Extranjero,162
25913 Riu de Cerdanya,Total,96
25913 Riu de Cerdanya,España,95
25913 Riu de Cerdanya,Extranjero,1
26001 Ábalos,Total,266
26001 Ábalos,España,205
26001 Ábalos,Extranjero,61
26002 Agoncillo,Total,1.463
26002 Agoncillo,España,1.040
26002 Agoncillo,Extranjero,423
26003 Aguilar del Río Alhama,Total,430
26003 Aguilar del Río Alhama,España,341
26003 Aguilar del Río Alhama,Extranjero,89
26004 Ajamil de Cameros,Total,79
26004 Ajamil de Cameros,España,77
26004 Ajamil de Cameros,Extranjero,2
26005 Albelda de Iregua,Total,3.953
26005 Albelda de Iregua,España,3.026
26005 Albelda de Iregua,Extranjero,927
26006 Alberite,Total,2.758
26006 Alberite,España,2.297
26006 Alberite,Extranjero,461
26007 Alcanadre,Total,683
26007 Alcanadre,España,544
26007 Alcanadre,Extranjero,139
26008 Aldeanueva de Ebro,Total,2.770
26008 Aldeanueva de Ebro,España,2.113
26008 Aldeanueva de Ebro,Extranjero,657
26009 Alesanco,Total,483
26009 Alesanco,España,435
26009 Alesanco,Extranjero,48
26010 Alesón,Total,93
26010 Alesón,España,91
26010 Alesón,Extranjero,2
26011 Alfaro,Total,9.969
26011 Alfaro,España,8.167
26011 Alfaro,Extranjero,1.802
26012 Almarza de Cameros,Total,41
26012 Almarza de Cameros,España,40
26012 Almarza de Cameros,Extranjero,1
26013 Anguciana,Total,448
26013 Anguciana,España,372
26013 Anguciana,Extranjero,76
26014 Anguiano,Total,489
26014 Anguiano,España,458
26014 Anguiano,Extranjero,31
26015 Arenzana de Abajo,Total,255
26015 Arenzana de Abajo,España,216
26015 Arenzana de Abajo,Extranjero,39
26016 Arenzana de Arriba,Total,37
26016 Arenzana de Arriba,España,36
26016 Arenzana de Arriba,Extranjero,1
26017 Arnedillo,Total,437
26017 Arnedillo,España,380
26017 Arnedillo,Extranjero,57
26018 Arnedo,Total,15.076
26018 Arnedo,España,11.741
26018 Arnedo,Extranjero,3.335
26019 Arrúbal,Total,587
26019 Arrúbal,España,431
26019 Arrúbal,Extranjero,156
26020 Ausejo,Total,782
26020 Ausejo,España,509
26020 Ausejo,Extranjero,273
26021 Autol,Total,4.925
26021 Autol,España,3.290
26021 Autol,Extranjero,1.635
26022 Azofra,Total,195
26022 Azofra,España,157
26022 Azofra,Extranjero,38
26023 Badarán,Total,471
26023 Badarán,España,419
26023 Badarán,Extranjero,52
26024 Bañares,Total,198
26024 Bañares,España,188
26024 Bañares,Extranjero,10
26025 Baños de Rioja,Total,86
26025 Baños de Rioja,España,81
26025 Baños de Rioja,Extranjero,5
26026 Baños de Río Tobía,Total,1.599
26026 Baños de Río Tobía,España,1.422
26026 Baños de Río Tobía,Extranjero,177
26027 Berceo,Total,143
26027 Berceo,España,129
26027 Berceo,Extranjero,14
26028 Bergasa,Total,172
26028 Bergasa,España,144
26028 Bergasa,Extranjero,28
26029 Bergasillas Bajera,Total,32
26029 Bergasillas Bajera,España,31
26029 Bergasillas Bajera,Extranjero,1
26030 Bezares,Total,19
26030 Bezares,España,17
26030 Bezares,Extranjero,2
26031 Bobadilla,Total,103
26031 Bobadilla,España,91
26031 Bobadilla,Extranjero,12
26032 Brieva de Cameros,Total,38
26032 Brieva de Cameros,España,38
26032 Brieva de Cameros,Extranjero,0
26033 Briñas,Total,190
26033 Briñas,España,179
26033 Briñas,Extranjero,11
26034 Briones,Total,753
26034 Briones,España,653
26034 Briones,Extranjero,100
26035 Cabezón de Cameros,Total,23
26035 Cabezón de Cameros,España,23
26035 Cabezón de Cameros,Extranjero,0
26036 Calahorra,Total,25.292
26036 Calahorra,España,18.874
26036 Calahorra,Extranjero,6.418
26037 Camprovín,Total,158
26037 Camprovín,España,116
26037 Camprovín,Extranjero,42
26038 Canales de la Sierra,Total,84
26038 Canales de la Sierra,España,81
26038 Canales de la Sierra,Extranjero,3
26039 Canillas de Río Tuerto,Total,38
26039 Canillas de Río Tuerto,España,34
26039 Canillas de Río Tuerto,Extranjero,4
26040 Cañas,Total,95
26040 Cañas,España,55
26040 Cañas,Extranjero,40
26041 Cárdenas,Total,132
26041 Cárdenas,España,107
26041 Cárdenas,Extranjero,25
26042 Casalarreina,Total,1.091
26042 Casalarreina,España,824
26042 Casalarreina,Extranjero,267
26043 Castañares de Rioja,Total,440
26043 Castañares de Rioja,España,382
26043 Castañares de Rioja,Extranjero,58
26044 Castroviejo,Total,58
26044 Castroviejo,España,50
26044 Castroviejo,Extranjero,8
26045 Cellorigo,Total,15
26045 Cellorigo,España,10
26045 Cellorigo,Extranjero,5
26046 Cenicero,Total,2.176
26046 Cenicero,España,1.750
26046 Cenicero,Extranjero,426
26047 Cervera del Río Alhama,Total,2.249
26047 Cervera del Río Alhama,España,1.890
26047 Cervera del Río Alhama,Extranjero,359
26048 Cidamón,Total,18
26048 Cidamón,España,18
26048 Cidamón,Extranjero,0
26049 Cihuri,Total,206
26049 Cihuri,España,174
26049 Cihuri,Extranjero,32
26050 Cirueña,Total,193
26050 Cirueña,España,160
26050 Cirueña,Extranjero,33
26051 Clavijo,Total,293
26051 Clavijo,España,264
26051 Clavijo,Extranjero,29
26052 Cordovín,Total,155
26052 Cordovín,España,140
26052 Cordovín,Extranjero,15
26053 Corera,Total,283
26053 Corera,España,222
26053 Corera,Extranjero,61
26054 Cornago,Total,300
26054 Cornago,España,276
26054 Cornago,Extranjero,24
26055 Corporales,Total,40
26055 Corporales,España,39
26055 Corporales,Extranjero,1
26056 Cuzcurrita de Río Tirón,Total,561
26056 Cuzcurrita de Río Tirón,España,471
26056 Cuzcurrita de Río Tirón,Extranjero,90
26057 Daroca de Rioja,Total,63
26057 Daroca de Rioja,España,58
26057 Daroca de Rioja,Extranjero,5
26058 Enciso,Total,167
26058 Enciso,España,155
26058 Enciso,Extranjero,12
26059 Entrena,Total,1.657
26059 Entrena,España,1.355
26059 Entrena,Extranjero,302
26060 Estollo,Total,89
26060 Estollo,España,78
26060 Estollo,Extranjero,11
26061 Ezcaray,Total,2.057
26061 Ezcaray,España,1.698
26061 Ezcaray,Extranjero,359
26062 Foncea,Total,86
26062 Foncea,España,85
26062 Foncea,Extranjero,1
26063 Fonzaleche,Total,141
26063 Fonzaleche,España,110
26063 Fonzaleche,Extranjero,31
26064 Fuenmayor,Total,3.270
26064 Fuenmayor,España,2.783
26064 Fuenmayor,Extranjero,487
26065 Galbárruli,Total,74
26065 Galbárruli,España,68
26065 Galbárruli,Extranjero,6
26066 Galilea,Total,416
26066 Galilea,España,329
26066 Galilea,Extranjero,87
26067 Gallinero de Cameros,Total,16
26067 Gallinero de Cameros,España,16
26067 Gallinero de Cameros,Extranjero,0
26068 Gimileo,Total,126
26068 Gimileo,España,82
26068 Gimileo,Extranjero,44
26069 Grañón,Total,210
26069 Grañón,España,200
26069 Grañón,Extranjero,10
26070 Grávalos,Total,199
26070 Grávalos,España,141
26070 Grávalos,Extranjero,58
26071 Haro,Total,12.153
26071 Haro,España,10.110
26071 Haro,Extranjero,2.043
26072 Herce,Total,336
26072 Herce,España,291
26072 Herce,Extranjero,45
26073 Herramélluri,Total,110
26073 Herramélluri,España,85
26073 Herramélluri,Extranjero,25
26074 Hervías,Total,142
26074 Hervías,España,129
26074 Hervías,Extranjero,13
26075 Hormilla,Total,440
26075 Hormilla,España,376
26075 Hormilla,Extranjero,64
26076 Hormilleja,Total,148
26076 Hormilleja,España,127
26076 Hormilleja,Extranjero,21
26077 Hornillos de Cameros,Total,14
26077 Hornillos de Cameros,España,14
26077 Hornillos de Cameros,Extranjero,0
26078 Hornos de Moncalvillo,Total,92
26078 Hornos de Moncalvillo,España,82
26078 Hornos de Moncalvillo,Extranjero,10
26079 Huércanos,Total,852
26079 Huércanos,España,732
26079 Huércanos,Extranjero,120
26080 Igea,Total,643
26080 Igea,España,435
26080 Igea,Extranjero,208
26081 Jalón de Cameros,Total,23
26081 Jalón de Cameros,España,22
26081 Jalón de Cameros,Extranjero,1
26082 Laguna de Cameros,Total,111
26082 Laguna de Cameros,España,105
26082 Laguna de Cameros,Extranjero,6
26083 Lagunilla del Jubera,Total,384
26083 Lagunilla del Jubera,España,347
26083 Lagunilla del Jubera,Extranjero,37
26084 Lardero,Total,12.100
26084 Lardero,España,9.834
26084 Lardero,Extranjero,2.266
26086 Ledesma de la Cogolla,Total,16
26086 Ledesma de la Cogolla,España,15
26086 Ledesma de la Cogolla,Extranjero,1
26087 Leiva,Total,229
26087 Leiva,España,179
26087 Leiva,Extranjero,50
26088 Leza de Río Leza,Total,40
26088 Leza de Río Leza,España,34
26088 Leza de Río Leza,Extranjero,6
26089 Logroño,Total,151.681
26089 Logroño,España,124.962
26089 Logroño,Extranjero,26.719
26091 Lumbreras de Cameros,Total,144
26091 Lumbreras de Cameros,España,135
26091 Lumbreras de Cameros,Extranjero,9
26092 Manjarrés,Total,97
26092 Manjarrés,España,87
26092 Manjarrés,Extranjero,10
26093 Mansilla de la Sierra,Total,59
26093 Mansilla de la Sierra,España,55
26093 Mansilla de la Sierra,Extranjero,4
26094 Manzanares de Rioja,Total,68
26094 Manzanares de Rioja,España,68
26094 Manzanares de Rioja,Extranjero,0
26095 Matute,Total,90
26095 Matute,España,87
26095 Matute,Extranjero,3
26096 Medrano,Total,350
26096 Medrano,España,315
26096 Medrano,Extranjero,35
26098 Munilla,Total,93
26098 Munilla,España,81
26098 Munilla,Extranjero,12
26099 Murillo de Río Leza,Total,1.675
26099 Murillo de Río Leza,España,1.380
26099 Murillo de Río Leza,Extranjero,295
26100 Muro de Aguas,Total,57
26100 Muro de Aguas,España,54
26100 Muro de Aguas,Extranjero,3
26101 Muro en Cameros,Total,41
26101 Muro en Cameros,España,38
26101 Muro en Cameros,Extranjero,3
26102 Nájera,Total,8.313
26102 Nájera,España,6.936
26102 Nájera,Extranjero,1.377
26103 Nalda,Total,1.315
26103 Nalda,España,1.088
26103 Nalda,Extranjero,227
26104 Navajún,Total,8
26104 Navajún,España,7
26104 Navajún,Extranjero,1
26105 Navarrete,Total,3.066
26105 Navarrete,España,2.674
26105 Navarrete,Extranjero,392
26106 Nestares,Total,85
26106 Nestares,España,84
26106 Nestares,Extranjero,1
26107 Nieva de Cameros,Total,88
26107 Nieva de Cameros,España,84
26107 Nieva de Cameros,Extranjero,4
26108 Ocón,Total,315
26108 Ocón,España,287
26108 Ocón,Extranjero,28
26109 Ochánduri,Total,78
26109 Ochánduri,España,69
26109 Ochánduri,Extranjero,9
26110 Ojacastro,Total,199
26110 Ojacastro,España,158
26110 Ojacastro,Extranjero,41
26111 Ollauri,Total,322
26111 Ollauri,España,275
26111 Ollauri,Extranjero,47
26112 Ortigosa de Cameros,Total,215
26112 Ortigosa de Cameros,España,209
26112 Ortigosa de Cameros,Extranjero,6
26113 Pazuengos,Total,24
26113 Pazuengos,España,24
26113 Pazuengos,Extranjero,0
26114 Pedroso,Total,88
26114 Pedroso,España,87
26114 Pedroso,Extranjero,1
26115 Pinillos,Total,18
26115 Pinillos,España,18
26115 Pinillos,Extranjero,0
26117 Pradejón,Total,3.715
26117 Pradejón,España,2.532
26117 Pradejón,Extranjero,1.183
26118 Pradillo,Total,64
26118 Pradillo,España,58
26118 Pradillo,Extranjero,6
26119 Préjano,Total,205
26119 Préjano,España,182
26119 Préjano,Extranjero,23
26120 Quel,Total,2.113
26120 Quel,España,1.574
26120 Quel,Extranjero,539
26121 Rabanera,Total,29
26121 Rabanera,España,28
26121 Rabanera,Extranjero,1
"26122 Rasillo de Cameros, El",Total,153
"26122 Rasillo de Cameros, El",España,142
"26122 Rasillo de Cameros, El",Extranjero,11
"26123 Redal, El",Total,139
"26123 Redal, El",España,121
"26123 Redal, El",Extranjero,18
26124 Ribafrecha,Total,1.076
26124 Ribafrecha,España,942
26124 Ribafrecha,Extranjero,134
26125 Rincón de Soto,Total,4.035
26125 Rincón de Soto,España,3.081
26125 Rincón de Soto,Extranjero,954
26126 Robres del Castillo,Total,21
26126 Robres del Castillo,España,21
26126 Robres del Castillo,Extranjero,0
26127 Rodezno,Total,235
26127 Rodezno,España,199
26127 Rodezno,Extranjero,36
26128 Sajazarra,Total,124
26128 Sajazarra,España,101
26128 Sajazarra,Extranjero,23
26129 San Asensio,Total,1.098
26129 San Asensio,España,1.009
26129 San Asensio,Extranjero,89
26130 San Millán de la Cogolla,Total,213
26130 San Millán de la Cogolla,España,199
26130 San Millán de la Cogolla,Extranjero,14
26131 San Millán de Yécora,Total,35
26131 San Millán de Yécora,España,35
26131 San Millán de Yécora,Extranjero,0
26132 San Román de Cameros,Total,129
26132 San Román de Cameros,España,108
26132 San Román de Cameros,Extranjero,21
26134 Santa Coloma,Total,105
26134 Santa Coloma,España,95
26134 Santa Coloma,Extranjero,10
26135 Santa Engracia del Jubera,Total,188
26135 Santa Engracia del Jubera,España,174
26135 Santa Engracia del Jubera,Extranjero,14
26136 Santa Eulalia Bajera,Total,117
26136 Santa Eulalia Bajera,España,101
26136 Santa Eulalia Bajera,Extranjero,16
26138 Santo Domingo de la Calzada,Total,6.428
26138 Santo Domingo de la Calzada,España,5.069
26138 Santo Domingo de la Calzada,Extranjero,1.359
26139 San Torcuato,Total,62
26139 San Torcuato,España,60
26139 San Torcuato,Extranjero,2
26140 Santurde de Rioja,Total,260
26140 Santurde de Rioja,España,244
26140 Santurde de Rioja,Extranjero,16
26141 Santurdejo,Total,96
26141 Santurdejo,España,83
26141 Santurdejo,Extranjero,13
26142 San Vicente de la Sonsierra,Total,1.054
26142 San Vicente de la Sonsierra,España,855
26142 San Vicente de la Sonsierra,Extranjero,199
26143 Sojuela,Total,697
26143 Sojuela,España,513
26143 Sojuela,Extranjero,184
26144 Sorzano,Total,235
26144 Sorzano,España,216
26144 Sorzano,Extranjero,19
26145 Sotés,Total,266
26145 Sotés,España,240
26145 Sotés,Extranjero,26
26146 Soto en Cameros,Total,81
26146 Soto en Cameros,España,78
26146 Soto en Cameros,Extranjero,3
26147 Terroba,Total,31
26147 Terroba,España,30
26147 Terroba,Extranjero,1
26148 Tirgo,Total,167
26148 Tirgo,España,153
26148 Tirgo,Extranjero,14
26149 Tobía,Total,41
26149 Tobía,España,38
26149 Tobía,Extranjero,3
26150 Tormantos,Total,124
26150 Tormantos,España,96
26150 Tormantos,Extranjero,28
26151 Torrecilla en Cameros,Total,471
26151 Torrecilla en Cameros,España,442
26151 Torrecilla en Cameros,Extranjero,29
26152 Torrecilla sobre Alesanco,Total,58
26152 Torrecilla sobre Alesanco,España,35
26152 Torrecilla sobre Alesanco,Extranjero,23
26153 Torre en Cameros,Total,8
26153 Torre en Cameros,España,8
26153 Torre en Cameros,Extranjero,0
26154 Torremontalbo,Total,7
26154 Torremontalbo,España,7
26154 Torremontalbo,Extranjero,0
26155 Treviana,Total,142
26155 Treviana,España,135
26155 Treviana,Extranjero,7
26157 Tricio,Total,375
26157 Tricio,España,318
26157 Tricio,Extranjero,57
26158 Tudelilla,Total,364
26158 Tudelilla,España,276
26158 Tudelilla,Extranjero,88
26160 Uruñuela,Total,1.009
26160 Uruñuela,España,890
26160 Uruñuela,Extranjero,119
26161 Valdemadera,Total,15
26161 Valdemadera,España,15
26161 Valdemadera,Extranjero,0
26162 Valgañón,Total,133
26162 Valgañón,España,125
26162 Valgañón,Extranjero,8
26163 Ventosa,Total,198
26163 Ventosa,España,183
26163 Ventosa,Extranjero,15
26164 Ventrosa,Total,48
26164 Ventrosa,España,44
26164 Ventrosa,Extranjero,4
26165 Viguera,Total,379
26165 Viguera,España,343
26165 Viguera,Extranjero,36
26166 Villalba de Rioja,Total,156
26166 Villalba de Rioja,España,148
26166 Villalba de Rioja,Extranjero,8
26167 Villalobar de Rioja,Total,84
26167 Villalobar de Rioja,España,62
26167 Villalobar de Rioja,Extranjero,22
26168 Villamediana de Iregua,Total,9.243
26168 Villamediana de Iregua,España,7.549
26168 Villamediana de Iregua,Extranjero,1.694
26169 Villanueva de Cameros,Total,68
26169 Villanueva de Cameros,España,64
26169 Villanueva de Cameros,Extranjero,4
"26170 Villar de Arnedo, El",Total,642
"26170 Villar de Arnedo, El",España,452
"26170 Villar de Arnedo, El",Extranjero,190
26171 Villar de Torre,Total,143
26171 Villar de Torre,España,133
26171 Villar de Torre,Extranjero,10
26172 Villarejo,Total,30
26172 Villarejo,España,29
26172 Villarejo,Extranjero,1
26173 Villarroya,Total,9
26173 Villarroya,España,9
26173 Villarroya,Extranjero,0
26174 Villarta-Quintana,Total,129
26174 Villarta-Quintana,España,124
26174 Villarta-Quintana,Extranjero,5
26175 Villavelayo,Total,43
26175 Villavelayo,España,41
26175 Villavelayo,Extranjero,2
26176 Villaverde de Rioja,Total,67
26176 Villaverde de Rioja,España,65
26176 Villaverde de Rioja,Extranjero,2
26177 Villoslada de Cameros,Total,351
26177 Villoslada de Cameros,España,310
26177 Villoslada de Cameros,Extranjero,41
26178 Viniegra de Abajo,Total,82
26178 Viniegra de Abajo,España,76
26178 Viniegra de Abajo,Extranjero,6
26179 Viniegra de Arriba,Total,40
26179 Viniegra de Arriba,España,40
26179 Viniegra de Arriba,Extranjero,0
26180 Zarratón,Total,254
26180 Zarratón,España,213
26180 Zarratón,Extranjero,41
26181 Zarzosa,Total,14
26181 Zarzosa,España,13
26181 Zarzosa,Extranjero,1
26183 Zorraquín,Total,89
26183 Zorraquín,España,74
26183 Zorraquín,Extranjero,15
27001 Abadín,Total,2.238
27001 Abadín,España,2.098
27001 Abadín,Extranjero,140
27002 Alfoz,Total,1.493
27002 Alfoz,España,1.431
27002 Alfoz,Extranjero,62
27003 Antas de Ulla,Total,1.823
27003 Antas de Ulla,España,1.658
27003 Antas de Ulla,Extranjero,165
27004 Baleira,Total,1.096
27004 Baleira,España,1.042
27004 Baleira,Extranjero,54
27005 Barreiros,Total,3.038
27005 Barreiros,España,2.786
27005 Barreiros,Extranjero,252
27006 Becerreá,Total,2.828
27006 Becerreá,España,2.418
27006 Becerreá,Extranjero,410
27007 Begonte,Total,2.892
27007 Begonte,España,2.768
27007 Begonte,Extranjero,124
27008 Bóveda,Total,1.374
27008 Bóveda,España,1.265
27008 Bóveda,Extranjero,109
27009 Carballedo,Total,1.985
27009 Carballedo,España,1.875
27009 Carballedo,Extranjero,110
27010 Castro de Rei,Total,4.998
27010 Castro de Rei,España,4.577
27010 Castro de Rei,Extranjero,421
27011 Castroverde,Total,2.476
27011 Castroverde,España,2.331
27011 Castroverde,Extranjero,145
27012 Cervantes,Total,1.142
27012 Cervantes,España,1.123
27012 Cervantes,Extranjero,19
27013 Cervo,Total,4.130
27013 Cervo,España,3.873
27013 Cervo,Extranjero,257
"27014 Corgo, O",Total,3.368
"27014 Corgo, O",España,3.223
"27014 Corgo, O",Extranjero,145
27015 Cospeito,Total,4.188
27015 Cospeito,España,3.973
27015 Cospeito,Extranjero,215
27016 Chantada,Total,8.149
27016 Chantada,España,6.961
27016 Chantada,Extranjero,1.188
27017 Folgoso do Courel,Total,924
27017 Folgoso do Courel,España,885
27017 Folgoso do Courel,Extranjero,39
"27018 Fonsagrada, A",Total,3.082
"27018 Fonsagrada, A",España,2.883
"27018 Fonsagrada, A",Extranjero,199
27019 Foz,Total,10.415
27019 Foz,España,9.114
27019 Foz,Extranjero,1.301
27020 Friol,Total,3.619
27020 Friol,España,3.396
27020 Friol,Extranjero,223
27021 Xermade,Total,1.665
27021 Xermade,España,1.591
27021 Xermade,Extranjero,74
27022 Guitiriz,Total,5.178
27022 Guitiriz,España,4.847
27022 Guitiriz,Extranjero,331
27023 Guntín,Total,2.506
27023 Guntín,España,2.433
27023 Guntín,Extranjero,73
"27024 Incio, O",Total,1.511
"27024 Incio, O",España,1.406
"27024 Incio, O",Extranjero,105
27025 Xove,Total,3.254
27025 Xove,España,2.843
27025 Xove,Extranjero,411
27026 Láncara,Total,2.487
27026 Láncara,España,2.323
27026 Láncara,Extranjero,164
27027 Lourenzá,Total,2.082
27027 Lourenzá,España,1.857
27027 Lourenzá,Extranjero,225
27028 Lugo,Total,100.071
27028 Lugo,España,84.966
27028 Lugo,Extranjero,15.105
27029 Meira,Total,1.768
27029 Meira,España,1.508
27029 Meira,Extranjero,260
27030 Mondoñedo,Total,3.301
27030 Mondoñedo,España,3.102
27030 Mondoñedo,Extranjero,199
27031 Monforte de Lemos,Total,18.989
27031 Monforte de Lemos,España,15.236
27031 Monforte de Lemos,Extranjero,3.753
27032 Monterroso,Total,3.767
27032 Monterroso,España,3.210
27032 Monterroso,Extranjero,557
27033 Muras,Total,576
27033 Muras,España,531
27033 Muras,Extranjero,45
27034 Navia de Suarna,Total,969
27034 Navia de Suarna,España,913
27034 Navia de Suarna,Extranjero,56
27035 Negueira de Muñiz,Total,237
27035 Negueira de Muñiz,España,207
27035 Negueira de Muñiz,Extranjero,30
"27037 Nogais, As",Total,913
"27037 Nogais, As",España,877
"27037 Nogais, As",Extranjero,36
27038 Ourol,Total,965
27038 Ourol,España,892
27038 Ourol,Extranjero,73
27039 Outeiro de Rei,Total,5.431
27039 Outeiro de Rei,España,5.218
27039 Outeiro de Rei,Extranjero,213
27040 Palas de Rei,Total,3.245
27040 Palas de Rei,España,3.005
27040 Palas de Rei,Extranjero,240
27041 Pantón,Total,2.351
27041 Pantón,España,2.065
27041 Pantón,Extranjero,286
27042 Paradela,Total,1.556
27042 Paradela,España,1.488
27042 Paradela,Extranjero,68
"27043 Páramo, O",Total,1.266
"27043 Páramo, O",España,1.216
"27043 Páramo, O",Extranjero,50
"27044 Pastoriza, A",Total,2.802
"27044 Pastoriza, A",España,2.663
"27044 Pastoriza, A",Extranjero,139
27045 Pedrafita do Cebreiro,Total,869
27045 Pedrafita do Cebreiro,España,834
27045 Pedrafita do Cebreiro,Extranjero,35
27046 Pol,Total,1.546
27046 Pol,España,1.424
27046 Pol,Extranjero,122
"27047 Pobra do Brollón, A",Total,1.602
"27047 Pobra do Brollón, A",España,1.402
"27047 Pobra do Brollón, A",Extranjero,200
"27048 Pontenova, A",Total,2.100
"27048 Pontenova, A",España,1.949
"27048 Pontenova, A",Extranjero,151
27049 Portomarín,Total,1.296
27049 Portomarín,España,1.227
27049 Portomarín,Extranjero,69
27050 Quiroga,Total,3.035
27050 Quiroga,España,2.725
27050 Quiroga,Extranjero,310
27051 Ribadeo,Total,9.996
27051 Ribadeo,España,8.797
27051 Ribadeo,Extranjero,1.199
27052 Ribas de Sil,Total,895
27052 Ribas de Sil,España,822
27052 Ribas de Sil,Extranjero,73
27053 Ribeira de Piquín,Total,546
27053 Ribeira de Piquín,España,460
27053 Ribeira de Piquín,Extranjero,86
27054 Riotorto,Total,1.181
27054 Riotorto,España,1.074
27054 Riotorto,Extranjero,107
27055 Samos,Total,1.162
27055 Samos,España,1.087
27055 Samos,Extranjero,75
27056 Rábade,Total,1.509
27056 Rábade,España,1.293
27056 Rábade,Extranjero,216
27057 Sarria,Total,13.776
27057 Sarria,España,11.512
27057 Sarria,Extranjero,2.264
"27058 Saviñao, O",Total,3.468
"27058 Saviñao, O",España,3.083
"27058 Saviñao, O",Extranjero,385
27059 Sober,Total,2.088
27059 Sober,España,1.901
27059 Sober,Extranjero,187
27060 Taboada,Total,2.614
27060 Taboada,España,2.298
27060 Taboada,Extranjero,316
27061 Trabada,Total,1.069
27061 Trabada,España,1.026
27061 Trabada,Extranjero,43
27062 Triacastela,Total,593
27062 Triacastela,España,557
27062 Triacastela,Extranjero,36
"27063 Valadouro, O",Total,1.868
"27063 Valadouro, O",España,1.706
"27063 Valadouro, O",Extranjero,162
"27064 Vicedo, O",Total,1.556
"27064 Vicedo, O",España,1.482
"27064 Vicedo, O",Extranjero,74
27065 Vilalba,Total,13.946
27065 Vilalba,España,12.715
27065 Vilalba,Extranjero,1.231
27066 Viveiro,Total,15.091
27066 Viveiro,España,12.891
27066 Viveiro,Extranjero,2.200
27901 Baralla,Total,2.410
27901 Baralla,España,2.230
27901 Baralla,Extranjero,180
27902 Burela,Total,9.658
27902 Burela,España,7.663
27902 Burela,Extranjero,1.995
"28001 Acebeda, La",Total,70
"28001 Acebeda, La",España,64
"28001 Acebeda, La",Extranjero,6
28002 Ajalvir,Total,5.007
28002 Ajalvir,España,3.816
28002 Ajalvir,Extranjero,1.191
28003 Alameda del Valle,Total,267
28003 Alameda del Valle,España,198
28003 Alameda del Valle,Extranjero,69
"28004 Álamo, El",Total,10.590
"28004 Álamo, El",España,8.314
"28004 Álamo, El",Extranjero,2.276
28005 Alcalá de Henares,Total,202.549
28005 Alcalá de Henares,España,156.426
28005 Alcalá de Henares,Extranjero,46.123
28006 Alcobendas,Total,123.222
28006 Alcobendas,España,89.434
28006 Alcobendas,Extranjero,33.788
28007 Alcorcón,Total,176.806
28007 Alcorcón,España,141.567
28007 Alcorcón,Extranjero,35.239
28008 Aldea del Fresno,Total,3.534
28008 Aldea del Fresno,España,2.735
28008 Aldea del Fresno,Extranjero,799
28009 Algete,Total,21.194
28009 Algete,España,16.940
28009 Algete,Extranjero,4.254
28010 Alpedrete,Total,15.831
28010 Alpedrete,España,13.239
28010 Alpedrete,Extranjero,2.592
28011 Ambite,Total,736
28011 Ambite,España,539
28011 Ambite,Extranjero,197
28012 Anchuelo,Total,1.413
28012 Anchuelo,España,1.225
28012 Anchuelo,Extranjero,188
28013 Aranjuez,Total,63.838
28013 Aranjuez,España,49.445
28013 Aranjuez,Extranjero,14.393
28014 Arganda del Rey,Total,60.105
28014 Arganda del Rey,España,44.502
28014 Arganda del Rey,Extranjero,15.603
28015 Arroyomolinos,Total,38.185
28015 Arroyomolinos,España,33.573
28015 Arroyomolinos,Extranjero,4.612
"28016 Atazar, El",Total,110
"28016 Atazar, El",España,96
"28016 Atazar, El",Extranjero,14
28017 Batres,Total,1.978
28017 Batres,España,1.718
28017 Batres,Extranjero,260
28018 Becerril de la Sierra,Total,6.731
28018 Becerril de la Sierra,España,5.347
28018 Becerril de la Sierra,Extranjero,1.384
28019 Belmonte de Tajo,Total,1.952
28019 Belmonte de Tajo,España,1.684
28019 Belmonte de Tajo,Extranjero,268
28020 Berzosa del Lozoya,Total,244
28020 Berzosa del Lozoya,España,215
28020 Berzosa del Lozoya,Extranjero,29
"28021 Berrueco, El",Total,811
"28021 Berrueco, El",España,681
"28021 Berrueco, El",Extranjero,130
28022 Boadilla del Monte,Total,66.319
28022 Boadilla del Monte,España,55.913
28022 Boadilla del Monte,Extranjero,10.406
"28023 Boalo, El",Total,8.766
"28023 Boalo, El",España,7.482
"28023 Boalo, El",Extranjero,1.284
28024 Braojos,Total,233
28024 Braojos,España,208
28024 Braojos,Extranjero,25
28025 Brea de Tajo,Total,579
28025 Brea de Tajo,España,468
28025 Brea de Tajo,Extranjero,111
28026 Brunete,Total,11.261
28026 Brunete,España,8.478
28026 Brunete,Extranjero,2.783
28027 Buitrago del Lozoya,Total,2.026
28027 Buitrago del Lozoya,España,1.426
28027 Buitrago del Lozoya,Extranjero,600
28028 Bustarviejo,Total,2.867
28028 Bustarviejo,España,2.419
28028 Bustarviejo,Extranjero,448
28029 Cabanillas de la Sierra,Total,963
28029 Cabanillas de la Sierra,España,828
28029 Cabanillas de la Sierra,Extranjero,135
"28030 Cabrera, La",Total,2.936
"28030 Cabrera, La",España,2.374
"28030 Cabrera, La",Extranjero,562
28031 Cadalso de los Vidrios,Total,3.387
28031 Cadalso de los Vidrios,España,2.748
28031 Cadalso de los Vidrios,Extranjero,639
28032 Camarma de Esteruelas,Total,8.342
28032 Camarma de Esteruelas,España,6.807
28032 Camarma de Esteruelas,Extranjero,1.535
28033 Campo Real,Total,6.965
28033 Campo Real,España,5.526
28033 Campo Real,Extranjero,1.439
28034 Canencia,Total,479
28034 Canencia,España,421
28034 Canencia,Extranjero,58
28035 Carabaña,Total,2.470
28035 Carabaña,España,1.903
28035 Carabaña,Extranjero,567
28036 Casarrubuelos,Total,4.357
28036 Casarrubuelos,España,3.813
28036 Casarrubuelos,Extranjero,544
28037 Cenicientos,Total,2.147
28037 Cenicientos,España,1.823
28037 Cenicientos,Extranjero,324
28038 Cercedilla,Total,7.782
28038 Cercedilla,España,6.323
28038 Cercedilla,Extranjero,1.459
28039 Cervera de Buitrago,Total,165
28039 Cervera de Buitrago,España,154
28039 Cervera de Buitrago,Extranjero,11
28040 Ciempozuelos,Total,26.254
28040 Ciempozuelos,España,19.748
28040 Ciempozuelos,Extranjero,6.506
28041 Cobeña,Total,7.655
28041 Cobeña,España,6.278
28041 Cobeña,Extranjero,1.377
28042 Colmenar del Arroyo,Total,2.053
28042 Colmenar del Arroyo,España,1.644
28042 Colmenar del Arroyo,Extranjero,409
28043 Colmenar de Oreja,Total,9.231
28043 Colmenar de Oreja,España,7.653
28043 Colmenar de Oreja,Extranjero,1.578
28044 Colmenarejo,Total,9.755
28044 Colmenarejo,España,7.884
28044 Colmenarejo,Extranjero,1.871
28045 Colmenar Viejo,Total,58.654
28045 Colmenar Viejo,España,45.723
28045 Colmenar Viejo,Extranjero,12.931
28046 Collado Mediano,Total,7.749
28046 Collado Mediano,España,6.191
28046 Collado Mediano,Extranjero,1.558
28047 Collado Villalba,Total,67.956
28047 Collado Villalba,España,48.226
28047 Collado Villalba,Extranjero,19.730
28048 Corpa,Total,835
28048 Corpa,España,708
28048 Corpa,Extranjero,127
28049 Coslada,Total,80.365
28049 Coslada,España,63.496
28049 Coslada,Extranjero,16.869
28050 Cubas de la Sagra,Total,7.217
28050 Cubas de la Sagra,España,6.478
28050 Cubas de la Sagra,Extranjero,739
28051 Chapinería,Total,2.700
28051 Chapinería,España,2.298
28051 Chapinería,Extranjero,402
28052 Chinchón,Total,5.826
28052 Chinchón,España,4.731
28052 Chinchón,Extranjero,1.095
28053 Daganzo de Arriba,Total,10.758
28053 Daganzo de Arriba,España,9.380
28053 Daganzo de Arriba,Extranjero,1.378
"28054 Escorial, El",Total,17.322
"28054 Escorial, El",España,14.300
"28054 Escorial, El",Extranjero,3.022
28055 Estremera,Total,1.465
28055 Estremera,España,1.155
28055 Estremera,Extranjero,310
28056 Fresnedillas de la Oliva,Total,1.895
28056 Fresnedillas de la Oliva,España,1.305
28056 Fresnedillas de la Oliva,Extranjero,590
28057 Fresno de Torote,Total,2.558
28057 Fresno de Torote,España,2.162
28057 Fresno de Torote,Extranjero,396
28058 Fuenlabrada,Total,189.814
28058 Fuenlabrada,España,158.701
28058 Fuenlabrada,Extranjero,31.113
28059 Fuente el Saz de Jarama,Total,7.426
28059 Fuente el Saz de Jarama,España,5.557
28059 Fuente el Saz de Jarama,Extranjero,1.869
28060 Fuentidueña de Tajo,Total,2.368
28060 Fuentidueña de Tajo,España,1.949
28060 Fuentidueña de Tajo,Extranjero,419
28061 Galapagar,Total,36.805
28061 Galapagar,España,27.271
28061 Galapagar,Extranjero,9.534
28062 Garganta de los Montes,Total,442
28062 Garganta de los Montes,España,376
28062 Garganta de los Montes,Extranjero,66
28063 Gargantilla del Lozoya y Pinilla de Buitrago,Total,405
28063 Gargantilla del Lozoya y Pinilla de Buitrago,España,332
28063 Gargantilla del Lozoya y Pinilla de Buitrago,Extranjero,73
28064 Gascones,Total,250
28064 Gascones,España,209
28064 Gascones,Extranjero,41
28065 Getafe,Total,195.628
28065 Getafe,España,155.807
28065 Getafe,Extranjero,39.821
28066 Griñón,Total,10.785
28066 Griñón,España,9.435
28066 Griñón,Extranjero,1.350
28067 Guadalix de la Sierra,Total,7.010
28067 Guadalix de la Sierra,España,5.711
28067 Guadalix de la Sierra,Extranjero,1.299
28068 Guadarrama,Total,17.545
28068 Guadarrama,España,14.608
28068 Guadarrama,Extranjero,2.937
"28069 Hiruela, La",Total,88
"28069 Hiruela, La",España,83
"28069 Hiruela, La",Extranjero,5
28070 Horcajo de la Sierra-Aoslos,Total,221
28070 Horcajo de la Sierra-Aoslos,España,171
28070 Horcajo de la Sierra-Aoslos,Extranjero,50
28071 Horcajuelo de la Sierra,Total,106
28071 Horcajuelo de la Sierra,España,82
28071 Horcajuelo de la Sierra,Extranjero,24
28072 Hoyo de Manzanares,Total,9.323
28072 Hoyo de Manzanares,España,7.580
28072 Hoyo de Manzanares,Extranjero,1.743
28073 Humanes de Madrid,Total,20.549
28073 Humanes de Madrid,España,16.718
28073 Humanes de Madrid,Extranjero,3.831
28074 Leganés,Total,195.946
28074 Leganés,España,155.823
28074 Leganés,Extranjero,40.123
28075 Loeches,Total,9.321
28075 Loeches,España,7.951
28075 Loeches,Extranjero,1.370
28076 Lozoya,Total,600
28076 Lozoya,España,502
28076 Lozoya,Extranjero,98
28078 Madarcos,Total,69
28078 Madarcos,España,57
28078 Madarcos,Extranjero,12
28079 Madrid,Total,3.477.497
28079 Madrid,España,2.460.377
28079 Madrid,Extranjero,1.017.120
28080 Majadahonda,Total,73.662
28080 Majadahonda,España,57.935
28080 Majadahonda,Extranjero,15.727
28082 Manzanares el Real,Total,9.670
28082 Manzanares el Real,España,8.036
28082 Manzanares el Real,Extranjero,1.634
28083 Meco,Total,15.979
28083 Meco,España,13.176
28083 Meco,Extranjero,2.803
28084 Mejorada del Campo,Total,24.976
28084 Mejorada del Campo,España,19.970
28084 Mejorada del Campo,Extranjero,5.006
28085 Miraflores de la Sierra,Total,7.335
28085 Miraflores de la Sierra,España,5.491
28085 Miraflores de la Sierra,Extranjero,1.844
"28086 Molar, El",Total,9.970
"28086 Molar, El",España,6.886
"28086 Molar, El",Extranjero,3.084
"28087 Molinos, Los",Total,4.869
"28087 Molinos, Los",España,4.064
"28087 Molinos, Los",Extranjero,805
28088 Montejo de la Sierra,Total,408
28088 Montejo de la Sierra,España,332
28088 Montejo de la Sierra,Extranjero,76
28089 Moraleja de Enmedio,Total,5.646
28089 Moraleja de Enmedio,España,5.065
28089 Moraleja de Enmedio,Extranjero,581
28090 Moralzarzal,Total,14.725
28090 Moralzarzal,España,12.623
28090 Moralzarzal,Extranjero,2.102
28091 Morata de Tajuña,Total,8.394
28091 Morata de Tajuña,España,6.722
28091 Morata de Tajuña,Extranjero,1.672
28092 Móstoles,Total,214.293
28092 Móstoles,España,170.489
28092 Móstoles,Extranjero,43.804
28093 Navacerrada,Total,3.338
28093 Navacerrada,España,2.642
28093 Navacerrada,Extranjero,696
28094 Navalafuente,Total,1.722
28094 Navalafuente,España,1.308
28094 Navalafuente,Extranjero,414
28095 Navalagamella,Total,3.170
28095 Navalagamella,España,2.173
28095 Navalagamella,Extranjero,997
28096 Navalcarnero,Total,33.352
28096 Navalcarnero,España,27.324
28096 Navalcarnero,Extranjero,6.028
28097 Navarredonda y San Mamés,Total,165
28097 Navarredonda y San Mamés,España,155
28097 Navarredonda y San Mamés,Extranjero,10
28099 Navas del Rey,Total,3.424
28099 Navas del Rey,España,2.556
28099 Navas del Rey,Extranjero,868
28100 Nuevo Baztán,Total,7.494
28100 Nuevo Baztán,España,5.843
28100 Nuevo Baztán,Extranjero,1.651
28101 Olmeda de las Fuentes,Total,434
28101 Olmeda de las Fuentes,España,344
28101 Olmeda de las Fuentes,Extranjero,90
28102 Orusco de Tajuña,Total,1.535
28102 Orusco de Tajuña,España,1.161
28102 Orusco de Tajuña,Extranjero,374
28104 Paracuellos de Jarama,Total,27.649
28104 Paracuellos de Jarama,España,21.685
28104 Paracuellos de Jarama,Extranjero,5.964
28106 Parla,Total,138.012
28106 Parla,España,93.887
28106 Parla,Extranjero,44.125
28107 Patones,Total,618
28107 Patones,España,563
28107 Patones,Extranjero,55
28108 Pedrezuela,Total,6.604
28108 Pedrezuela,España,5.018
28108 Pedrezuela,Extranjero,1.586
28109 Pelayos de la Presa,Total,3.192
28109 Pelayos de la Presa,España,2.166
28109 Pelayos de la Presa,Extranjero,1.026
28110 Perales de Tajuña,Total,3.257
28110 Perales de Tajuña,España,2.546
28110 Perales de Tajuña,Extranjero,711
28111 Pezuela de las Torres,Total,1.003
28111 Pezuela de las Torres,España,885
28111 Pezuela de las Torres,Extranjero,118
28112 Pinilla del Valle,Total,200
28112 Pinilla del Valle,España,181
28112 Pinilla del Valle,Extranjero,19
28113 Pinto,Total,56.592
28113 Pinto,España,45.947
28113 Pinto,Extranjero,10.645
28114 Piñuécar-Gandullas,Total,184
28114 Piñuécar-Gandullas,España,163
28114 Piñuécar-Gandullas,Extranjero,21
28115 Pozuelo de Alarcón,Total,89.474
28115 Pozuelo de Alarcón,España,73.875
28115 Pozuelo de Alarcón,Extranjero,15.599
28116 Pozuelo del Rey,Total,1.312
28116 Pozuelo del Rey,España,1.052
28116 Pozuelo del Rey,Extranjero,260
28117 Prádena del Rincón,Total,146
28117 Prádena del Rincón,España,127
28117 Prádena del Rincón,Extranjero,19
28118 Puebla de la Sierra,Total,99
28118 Puebla de la Sierra,España,86
28118 Puebla de la Sierra,Extranjero,13
28119 Quijorna,Total,4.014
28119 Quijorna,España,3.129
28119 Quijorna,Extranjero,885
28120 Rascafría,Total,1.698
28120 Rascafría,España,1.355
28120 Rascafría,Extranjero,343
28121 Redueña,Total,287
28121 Redueña,España,251
28121 Redueña,Extranjero,36
28122 Ribatejada,Total,925
28122 Ribatejada,España,730
28122 Ribatejada,Extranjero,195
28123 Rivas-Vaciamadrid,Total,103.243
28123 Rivas-Vaciamadrid,España,87.250
28123 Rivas-Vaciamadrid,Extranjero,15.993
28124 Robledillo de la Jara,Total,119
28124 Robledillo de la Jara,España,90
28124 Robledillo de la Jara,Extranjero,29
28125 Robledo de Chavela,Total,4.874
28125 Robledo de Chavela,España,3.977
28125 Robledo de Chavela,Extranjero,897
28126 Robregordo,Total,79
28126 Robregordo,España,58
28126 Robregordo,Extranjero,21
"28127 Rozas de Madrid, Las",Total,99.579
"28127 Rozas de Madrid, Las",España,82.380
"28127 Rozas de Madrid, Las",Extranjero,17.199
28128 Rozas de Puerto Real,Total,582
28128 Rozas de Puerto Real,España,518
28128 Rozas de Puerto Real,Extranjero,64
28129 San Agustín del Guadalix,Total,13.947
28129 San Agustín del Guadalix,España,10.855
28129 San Agustín del Guadalix,Extranjero,3.092
28130 San Fernando de Henares,Total,39.033
28130 San Fernando de Henares,España,32.261
28130 San Fernando de Henares,Extranjero,6.772
28131 San Lorenzo de El Escorial,Total,18.942
28131 San Lorenzo de El Escorial,España,15.412
28131 San Lorenzo de El Escorial,Extranjero,3.530
28132 San Martín de la Vega,Total,20.936
28132 San Martín de la Vega,España,15.706
28132 San Martín de la Vega,Extranjero,5.230
28133 San Martín de Valdeiglesias,Total,9.302
28133 San Martín de Valdeiglesias,España,7.300
28133 San Martín de Valdeiglesias,Extranjero,2.002
28134 San Sebastián de los Reyes,Total,97.330
28134 San Sebastián de los Reyes,España,75.745
28134 San Sebastián de los Reyes,Extranjero,21.585
28135 Santa María de la Alameda,Total,1.596
28135 Santa María de la Alameda,España,1.328
28135 Santa María de la Alameda,Extranjero,268
28136 Santorcaz,Total,1.015
28136 Santorcaz,España,883
28136 Santorcaz,Extranjero,132
"28137 Santos de la Humosa, Los",Total,2.890
"28137 Santos de la Humosa, Los",España,2.349
"28137 Santos de la Humosa, Los",Extranjero,541
"28138 Serna del Monte, La",Total,110
"28138 Serna del Monte, La",España,94
"28138 Serna del Monte, La",Extranjero,16
28140 Serranillos del Valle,Total,4.681
28140 Serranillos del Valle,España,4.219
28140 Serranillos del Valle,Extranjero,462
28141 Sevilla la Nueva,Total,9.823
28141 Sevilla la Nueva,España,8.189
28141 Sevilla la Nueva,Extranjero,1.634
28143 Somosierra,Total,93
28143 Somosierra,España,89
28143 Somosierra,Extranjero,4
28144 Soto del Real,Total,9.459
28144 Soto del Real,España,7.985
28144 Soto del Real,Extranjero,1.474
28145 Talamanca de Jarama,Total,4.621
28145 Talamanca de Jarama,España,3.665
28145 Talamanca de Jarama,Extranjero,956
28146 Tielmes,Total,2.940
28146 Tielmes,España,2.241
28146 Tielmes,Extranjero,699
28147 Titulcia,Total,1.398
28147 Titulcia,España,1.179
28147 Titulcia,Extranjero,219
28148 Torrejón de Ardoz,Total,144.211
28148 Torrejón de Ardoz,España,107.135
28148 Torrejón de Ardoz,Extranjero,37.076
28149 Torrejón de la Calzada,Total,10.618
28149 Torrejón de la Calzada,España,8.928
28149 Torrejón de la Calzada,Extranjero,1.690
28150 Torrejón de Velasco,Total,4.895
28150 Torrejón de Velasco,España,4.432
28150 Torrejón de Velasco,Extranjero,463
28151 Torrelaguna,Total,5.076
28151 Torrelaguna,España,3.980
28151 Torrelaguna,Extranjero,1.096
28152 Torrelodones,Total,25.324
28152 Torrelodones,España,21.644
28152 Torrelodones,Extranjero,3.680
28153 Torremocha de Jarama,Total,1.155
28153 Torremocha de Jarama,España,1.027
28153 Torremocha de Jarama,Extranjero,128
28154 Torres de la Alameda,Total,7.829
28154 Torres de la Alameda,España,6.747
28154 Torres de la Alameda,Extranjero,1.082
28155 Valdaracete,Total,664
28155 Valdaracete,España,577
28155 Valdaracete,Extranjero,87
28156 Valdeavero,Total,1.892
28156 Valdeavero,España,1.520
28156 Valdeavero,Extranjero,372
28157 Valdelaguna,Total,1.120
28157 Valdelaguna,España,896
28157 Valdelaguna,Extranjero,224
28158 Valdemanco,Total,1.119
28158 Valdemanco,España,918
28158 Valdemanco,Extranjero,201
28159 Valdemaqueda,Total,871
28159 Valdemaqueda,España,746
28159 Valdemaqueda,Extranjero,125
28160 Valdemorillo,Total,14.395
28160 Valdemorillo,España,11.410
28160 Valdemorillo,Extranjero,2.985
28161 Valdemoro,Total,86.078
28161 Valdemoro,España,69.562
28161 Valdemoro,Extranjero,16.516
28162 Valdeolmos-Alalpardo,Total,4.633
28162 Valdeolmos-Alalpardo,España,3.757
28162 Valdeolmos-Alalpardo,Extranjero,876
28163 Valdepiélagos,Total,615
28163 Valdepiélagos,España,513
28163 Valdepiélagos,Extranjero,102
28164 Valdetorres de Jarama,Total,5.209
28164 Valdetorres de Jarama,España,4.265
28164 Valdetorres de Jarama,Extranjero,944
28165 Valdilecha,Total,3.313
28165 Valdilecha,España,2.445
28165 Valdilecha,Extranjero,868
28166 Valverde de Alcalá,Total,567
28166 Valverde de Alcalá,España,469
28166 Valverde de Alcalá,Extranjero,98
28167 Velilla de San Antonio,Total,14.467
28167 Velilla de San Antonio,España,12.283
28167 Velilla de San Antonio,Extranjero,2.184
"28168 Vellón, El",Total,2.273
"28168 Vellón, El",España,1.640
"28168 Vellón, El",Extranjero,633
28169 Venturada,Total,2.633
28169 Venturada,España,2.214
28169 Venturada,Extranjero,419
28170 Villaconejos,Total,3.565
28170 Villaconejos,España,3.002
28170 Villaconejos,Extranjero,563
28171 Villa del Prado,Total,7.743
28171 Villa del Prado,España,5.593
28171 Villa del Prado,Extranjero,2.150
28172 Villalbilla,Total,18.661
28172 Villalbilla,España,16.287
28172 Villalbilla,Extranjero,2.374
28173 Villamanrique de Tajo,Total,863
28173 Villamanrique de Tajo,España,673
28173 Villamanrique de Tajo,Extranjero,190
28174 Villamanta,Total,2.929
28174 Villamanta,España,2.359
28174 Villamanta,Extranjero,570
28175 Villamantilla,Total,1.674
28175 Villamantilla,España,1.300
28175 Villamantilla,Extranjero,374
28176 Villanueva de la Cañada,Total,23.784
28176 Villanueva de la Cañada,España,17.627
28176 Villanueva de la Cañada,Extranjero,6.157
28177 Villanueva del Pardillo,Total,18.415
28177 Villanueva del Pardillo,España,14.862
28177 Villanueva del Pardillo,Extranjero,3.553
28178 Villanueva de Perales,Total,1.762
28178 Villanueva de Perales,España,1.486
28178 Villanueva de Perales,Extranjero,276
28179 Villar del Olmo,Total,2.333
28179 Villar del Olmo,España,1.910
28179 Villar del Olmo,Extranjero,423
28180 Villarejo de Salvanés,Total,8.035
28180 Villarejo de Salvanés,España,6.752
28180 Villarejo de Salvanés,Extranjero,1.283
28181 Villaviciosa de Odón,Total,30.068
28181 Villaviciosa de Odón,España,24.676
28181 Villaviciosa de Odón,Extranjero,5.392
28182 Villavieja del Lozoya,Total,335
28182 Villavieja del Lozoya,España,283
28182 Villavieja del Lozoya,Extranjero,52
28183 Zarzalejo,Total,1.937
28183 Zarzalejo,España,1.528
28183 Zarzalejo,Extranjero,409
28901 Lozoyuela-Navas-Sieteiglesias,Total,1.475
28901 Lozoyuela-Navas-Sieteiglesias,España,1.131
28901 Lozoyuela-Navas-Sieteiglesias,Extranjero,344
28902 Puentes Viejas,Total,762
28902 Puentes Viejas,España,651
28902 Puentes Viejas,Extranjero,111
28903 Tres Cantos,Total,54.506
28903 Tres Cantos,España,45.601
28903 Tres Cantos,Extranjero,8.905
29001 Alameda,Total,5.434
29001 Alameda,España,5.039
29001 Alameda,Extranjero,395
29002 Alcaucín,Total,2.713
29002 Alcaucín,España,1.526
29002 Alcaucín,Extranjero,1.187
29003 Alfarnate,Total,1.036
29003 Alfarnate,España,960
29003 Alfarnate,Extranjero,76
29004 Alfarnatejo,Total,363
29004 Alfarnatejo,España,304
29004 Alfarnatejo,Extranjero,59
29005 Algarrobo,Total,7.096
29005 Algarrobo,España,5.637
29005 Algarrobo,Extranjero,1.459
29006 Algatocín,Total,815
29006 Algatocín,España,713
29006 Algatocín,Extranjero,102
29007 Alhaurín de la Torre,Total,45.324
29007 Alhaurín de la Torre,España,38.877
29007 Alhaurín de la Torre,Extranjero,6.447
29008 Alhaurín el Grande,Total,27.610
29008 Alhaurín el Grande,España,20.466
29008 Alhaurín el Grande,Extranjero,7.144
29009 Almáchar,Total,1.958
29009 Almáchar,España,1.654
29009 Almáchar,Extranjero,304
29010 Almargen,Total,1.885
29010 Almargen,España,1.771
29010 Almargen,Extranjero,114
29011 Almogía,Total,4.263
29011 Almogía,España,3.722
29011 Almogía,Extranjero,541
29012 Álora,Total,13.639
29012 Álora,España,11.713
29012 Álora,Extranjero,1.926
29013 Alozaina,Total,2.130
29013 Alozaina,España,1.799
29013 Alozaina,Extranjero,331
29014 Alpandeire,Total,241
29014 Alpandeire,España,216
29014 Alpandeire,Extranjero,25
29015 Antequera,Total,41.823
29015 Antequera,España,38.130
29015 Antequera,Extranjero,3.693
29016 Árchez,Total,444
29016 Árchez,España,273
29016 Árchez,Extranjero,171
29017 Archidona,Total,8.098
29017 Archidona,España,7.357
29017 Archidona,Extranjero,741
29018 Ardales,Total,2.520
29018 Ardales,España,2.315
29018 Ardales,Extranjero,205
29019 Arenas,Total,1.317
29019 Arenas,España,1.014
29019 Arenas,Extranjero,303
29020 Arriate,Total,4.047
29020 Arriate,España,3.762
29020 Arriate,Extranjero,285
29021 Atajate,Total,176
29021 Atajate,España,153
29021 Atajate,Extranjero,23
29022 Benadalid,Total,224
29022 Benadalid,España,182
29022 Benadalid,Extranjero,42
29023 Benahavís,Total,9.765
29023 Benahavís,España,3.463
29023 Benahavís,Extranjero,6.302
29024 Benalauría,Total,464
29024 Benalauría,España,417
29024 Benalauría,Extranjero,47
29025 Benalmádena,Total,78.787
29025 Benalmádena,España,49.069
29025 Benalmádena,Extranjero,29.718
29026 Benamargosa,Total,1.562
29026 Benamargosa,España,1.152
29026 Benamargosa,Extranjero,410
29027 Benamocarra,Total,3.186
29027 Benamocarra,España,2.912
29027 Benamocarra,Extranjero,274
29028 Benaoján,Total,1.429
29028 Benaoján,España,1.321
29028 Benaoján,Extranjero,108
29029 Benarrabá,Total,459
29029 Benarrabá,España,403
29029 Benarrabá,Extranjero,56
"29030 Borge, El",Total,951
"29030 Borge, El",España,860
"29030 Borge, El",Extranjero,91
"29031 Burgo, El",Total,1.758
"29031 Burgo, El",España,1.638
"29031 Burgo, El",Extranjero,120
29032 Campillos,Total,8.553
29032 Campillos,España,7.877
29032 Campillos,Extranjero,676
29033 Canillas de Aceituno,Total,1.786
29033 Canillas de Aceituno,España,1.252
29033 Canillas de Aceituno,Extranjero,534
29034 Canillas de Albaida,Total,820
29034 Canillas de Albaida,España,521
29034 Canillas de Albaida,Extranjero,299
29035 Cañete la Real,Total,1.577
29035 Cañete la Real,España,1.528
29035 Cañete la Real,Extranjero,49
29036 Carratraca,Total,800
29036 Carratraca,España,685
29036 Carratraca,Extranjero,115
29037 Cartajima,Total,235
29037 Cartajima,España,198
29037 Cartajima,Extranjero,37
29038 Cártama,Total,29.264
29038 Cártama,España,26.309
29038 Cártama,Extranjero,2.955
29039 Casabermeja,Total,4.186
29039 Casabermeja,España,3.546
29039 Casabermeja,Extranjero,640
29040 Casarabonela,Total,2.823
29040 Casarabonela,España,2.261
29040 Casarabonela,Extranjero,562
29041 Casares,Total,8.984
29041 Casares,España,5.636
29041 Casares,Extranjero,3.348
29042 Coín,Total,26.474
29042 Coín,España,19.705
29042 Coín,Extranjero,6.769
29043 Colmenar,Total,3.645
29043 Colmenar,España,2.924
29043 Colmenar,Extranjero,721
29044 Comares,Total,1.345
29044 Comares,España,798
29044 Comares,Extranjero,547
29045 Cómpeta,Total,3.728
29045 Cómpeta,España,2.006
29045 Cómpeta,Extranjero,1.722
29046 Cortes de la Frontera,Total,3.054
29046 Cortes de la Frontera,España,2.700
29046 Cortes de la Frontera,Extranjero,354
29047 Cuevas Bajas,Total,1.343
29047 Cuevas Bajas,España,1.280
29047 Cuevas Bajas,Extranjero,63
29048 Cuevas del Becerro,Total,1.618
29048 Cuevas del Becerro,España,1.402
29048 Cuevas del Becerro,Extranjero,216
29049 Cuevas de San Marcos,Total,3.644
29049 Cuevas de San Marcos,España,3.288
29049 Cuevas de San Marcos,Extranjero,356
29050 Cútar,Total,604
29050 Cútar,España,434
29050 Cútar,Extranjero,170
29051 Estepona,Total,79.593
29051 Estepona,España,52.634
29051 Estepona,Extranjero,26.959
29052 Faraján,Total,287
29052 Faraján,España,236
29052 Faraján,Extranjero,51
29053 Frigiliana,Total,3.459
29053 Frigiliana,España,2.158
29053 Frigiliana,Extranjero,1.301
29054 Fuengirola,Total,84.857
29054 Fuengirola,España,47.168
29054 Fuengirola,Extranjero,37.689
29055 Fuente de Piedra,Total,3.044
29055 Fuente de Piedra,España,2.565
29055 Fuente de Piedra,Extranjero,479
29056 Gaucín,Total,1.616
29056 Gaucín,España,1.222
29056 Gaucín,Extranjero,394
29057 Genalguacil,Total,363
29057 Genalguacil,España,304
29057 Genalguacil,Extranjero,59
29058 Guaro,Total,2.658
29058 Guaro,España,1.916
29058 Guaro,Extranjero,742
29059 Humilladero,Total,3.385
29059 Humilladero,España,3.177
29059 Humilladero,Extranjero,208
29060 Igualeja,Total,728
29060 Igualeja,España,691
29060 Igualeja,Extranjero,37
29061 Istán,Total,1.704
29061 Istán,España,1.265
29061 Istán,Extranjero,439
29062 Iznate,Total,951
29062 Iznate,España,824
29062 Iznate,Extranjero,127
29063 Jimera de Líbar,Total,400
29063 Jimera de Líbar,España,349
29063 Jimera de Líbar,Extranjero,51
29064 Jubrique,Total,593
29064 Jubrique,España,508
29064 Jubrique,Extranjero,85
29065 Júzcar,Total,210
29065 Júzcar,España,182
29065 Júzcar,Extranjero,28
29066 Macharaviaya,Total,522
29066 Macharaviaya,España,417
29066 Macharaviaya,Extranjero,105
29067 Málaga,Total,597.173
29067 Málaga,España,496.740
29067 Málaga,Extranjero,100.433
29068 Manilva,Total,18.044
29068 Manilva,España,10.331
29068 Manilva,Extranjero,7.713
29069 Marbella,Total,160.478
29069 Marbella,España,97.566
29069 Marbella,Extranjero,62.912
29070 Mijas,Total,94.320
29070 Mijas,España,57.921
29070 Mijas,Extranjero,36.399
29071 Moclinejo,Total,1.229
29071 Moclinejo,España,1.121
29071 Moclinejo,Extranjero,108
29072 Mollina,Total,5.582
29072 Mollina,España,4.213
29072 Mollina,Extranjero,1.369
29073 Monda,Total,3.034
29073 Monda,España,2.106
29073 Monda,Extranjero,928
29074 Montejaque,Total,946
29074 Montejaque,España,814
29074 Montejaque,Extranjero,132
29075 Nerja,Total,22.062
29075 Nerja,España,14.362
29075 Nerja,Extranjero,7.700
29076 Ojén,Total,4.812
29076 Ojén,España,3.135
29076 Ojén,Extranjero,1.677
29077 Parauta,Total,270
29077 Parauta,España,240
29077 Parauta,Extranjero,30
29079 Periana,Total,3.410
29079 Periana,España,2.799
29079 Periana,Extranjero,611
29080 Pizarra,Total,10.383
29080 Pizarra,España,9.215
29080 Pizarra,Extranjero,1.168
29081 Pujerra,Total,285
29081 Pujerra,España,249
29081 Pujerra,Extranjero,36
29082 Rincón de la Victoria,Total,52.355
29082 Rincón de la Victoria,España,45.361
29082 Rincón de la Victoria,Extranjero,6.994
29083 Riogordo,Total,2.832
29083 Riogordo,España,2.324
29083 Riogordo,Extranjero,508
29084 Ronda,Total,33.708
29084 Ronda,España,30.697
29084 Ronda,Extranjero,3.011
29085 Salares,Total,196
29085 Salares,España,148
29085 Salares,Extranjero,48
29086 Sayalonga,Total,1.635
29086 Sayalonga,España,903
29086 Sayalonga,Extranjero,732
29087 Sedella,Total,612
29087 Sedella,España,392
29087 Sedella,Extranjero,220
29088 Sierra de Yeguas,Total,3.419
29088 Sierra de Yeguas,España,3.261
29088 Sierra de Yeguas,Extranjero,158
29089 Teba,Total,3.686
29089 Teba,España,3.519
29089 Teba,Extranjero,167
29090 Tolox,Total,2.482
29090 Tolox,España,1.900
29090 Tolox,Extranjero,582
29091 Torrox,Total,21.795
29091 Torrox,España,12.457
29091 Torrox,Extranjero,9.338
29092 Totalán,Total,798
29092 Totalán,España,716
29092 Totalán,Extranjero,82
29093 Valle de Abdalajís,Total,2.457
29093 Valle de Abdalajís,España,2.336
29093 Valle de Abdalajís,Extranjero,121
29094 Vélez-Málaga,Total,87.798
29094 Vélez-Málaga,España,74.115
29094 Vélez-Málaga,Extranjero,13.683
29095 Villanueva de Algaidas,Total,4.075
29095 Villanueva de Algaidas,España,3.801
29095 Villanueva de Algaidas,Extranjero,274
29096 Villanueva del Rosario,Total,3.469
29096 Villanueva del Rosario,España,3.224
29096 Villanueva del Rosario,Extranjero,245
29097 Villanueva del Trabuco,Total,5.550
29097 Villanueva del Trabuco,España,5.035
29097 Villanueva del Trabuco,Extranjero,515
29098 Villanueva de Tapia,Total,1.392
29098 Villanueva de Tapia,España,1.322
29098 Villanueva de Tapia,Extranjero,70
29099 Viñuela,Total,2.042
29099 Viñuela,España,1.180
29099 Viñuela,Extranjero,862
29100 Yunquera,Total,2.865
29100 Yunquera,España,2.624
29100 Yunquera,Extranjero,241
29901 Torremolinos,Total,71.270
29901 Torremolinos,España,49.380
29901 Torremolinos,Extranjero,21.890
29902 Villanueva de la Concepción,Total,3.294
29902 Villanueva de la Concepción,España,3.017
29902 Villanueva de la Concepción,Extranjero,277
29903 Montecorto,Total,590
29903 Montecorto,España,533
29903 Montecorto,Extranjero,57
29904 Serrato,Total,465
29904 Serrato,España,428
29904 Serrato,Extranjero,37
30001 Abanilla,Total,6.283
30001 Abanilla,España,5.056
30001 Abanilla,Extranjero,1.227
30002 Abarán,Total,13.225
30002 Abarán,España,11.000
30002 Abarán,Extranjero,2.225
30003 Águilas,Total,37.761
30003 Águilas,España,31.179
30003 Águilas,Extranjero,6.582
30004 Albudeite,Total,1.400
30004 Albudeite,España,1.329
30004 Albudeite,Extranjero,71
30005 Alcantarilla,Total,43.791
30005 Alcantarilla,España,36.544
30005 Alcantarilla,Extranjero,7.247
30006 Aledo,Total,1.122
30006 Aledo,España,974
30006 Aledo,Extranjero,148
30007 Alguazas,Total,10.419
30007 Alguazas,España,8.119
30007 Alguazas,Extranjero,2.300
30008 Alhama de Murcia,Total,24.227
30008 Alhama de Murcia,España,18.162
30008 Alhama de Murcia,Extranjero,6.065
30009 Archena,Total,20.795
30009 Archena,España,15.229
30009 Archena,Extranjero,5.566
30010 Beniel,Total,11.548
30010 Beniel,España,8.563
30010 Beniel,Extranjero,2.985
30011 Blanca,Total,6.836
30011 Blanca,España,5.605
30011 Blanca,Extranjero,1.231
30012 Bullas,Total,11.999
30012 Bullas,España,10.607
30012 Bullas,Extranjero,1.392
30013 Calasparra,Total,10.384
30013 Calasparra,España,8.509
30013 Calasparra,Extranjero,1.875
30014 Campos del Río,Total,2.161
30014 Campos del Río,España,1.891
30014 Campos del Río,Extranjero,270
30015 Caravaca de la Cruz,Total,26.236
30015 Caravaca de la Cruz,España,22.520
30015 Caravaca de la Cruz,Extranjero,3.716
30016 Cartagena,Total,220.400
30016 Cartagena,España,185.439
30016 Cartagena,Extranjero,34.961
30017 Cehegín,Total,14.650
30017 Cehegín,España,12.992
30017 Cehegín,Extranjero,1.658
30018 Ceutí,Total,13.152
30018 Ceutí,España,10.753
30018 Ceutí,Extranjero,2.399
30019 Cieza,Total,35.452
30019 Cieza,España,30.882
30019 Cieza,Extranjero,4.570
30020 Fortuna,Total,11.563
30020 Fortuna,España,8.543
30020 Fortuna,Extranjero,3.020
30021 Fuente Álamo de Murcia,Total,19.088
30021 Fuente Álamo de Murcia,España,11.876
30021 Fuente Álamo de Murcia,Extranjero,7.212
30022 Jumilla,Total,27.434
30022 Jumilla,España,20.208
30022 Jumilla,Extranjero,7.226
30023 Librilla,Total,5.894
30023 Librilla,España,4.969
30023 Librilla,Extranjero,925
30024 Lorca,Total,98.613
30024 Lorca,España,71.393
30024 Lorca,Extranjero,27.220
30025 Lorquí,Total,7.932
30025 Lorquí,España,6.326
30025 Lorquí,Extranjero,1.606
30026 Mazarrón,Total,35.642
30026 Mazarrón,España,21.059
30026 Mazarrón,Extranjero,14.583
30027 Molina de Segura,Total,78.210
30027 Molina de Segura,España,63.384
30027 Molina de Segura,Extranjero,14.826
30028 Moratalla,Total,7.515
30028 Moratalla,España,7.025
30028 Moratalla,Extranjero,490
30029 Mula,Total,17.986
30029 Mula,España,14.025
30029 Mula,Extranjero,3.961
30030 Murcia,Total,477.631
30030 Murcia,España,395.325
30030 Murcia,Extranjero,82.306
30031 Ojós,Total,549
30031 Ojós,España,520
30031 Ojós,Extranjero,29
30032 Pliego,Total,4.062
30032 Pliego,España,3.486
30032 Pliego,Extranjero,576
30033 Puerto Lumbreras,Total,18.240
30033 Puerto Lumbreras,España,12.816
30033 Puerto Lumbreras,Extranjero,5.424
30034 Ricote,Total,1.203
30034 Ricote,España,1.131
30034 Ricote,Extranjero,72
30035 San Javier,Total,36.385
30035 San Javier,España,25.990
30035 San Javier,Extranjero,10.395
30036 San Pedro del Pinatar,Total,29.726
30036 San Pedro del Pinatar,España,21.003
30036 San Pedro del Pinatar,Extranjero,8.723
30037 Torre-Pacheco,Total,41.158
30037 Torre-Pacheco,España,27.094
30037 Torre-Pacheco,Extranjero,14.064
"30038 Torres de Cotillas, Las",Total,22.814
"30038 Torres de Cotillas, Las",España,20.052
"30038 Torres de Cotillas, Las",Extranjero,2.762
30039 Totana,Total,34.162
30039 Totana,España,24.343
30039 Totana,Extranjero,9.819
30040 Ulea,Total,922
30040 Ulea,España,810
30040 Ulea,Extranjero,112
"30041 Unión, La",Total,21.318
"30041 Unión, La",España,17.953
"30041 Unión, La",Extranjero,3.365
30042 Villanueva del Río Segura,Total,4.146
30042 Villanueva del Río Segura,España,3.283
30042 Villanueva del Río Segura,Extranjero,863
30043 Yecla,Total,36.398
30043 Yecla,España,30.016
30043 Yecla,Extranjero,6.382
30901 Santomera,Total,16.394
30901 Santomera,España,13.235
30901 Santomera,Extranjero,3.159
"30902 Alcázares, Los",Total,20.163
"30902 Alcázares, Los",España,11.489
"30902 Alcázares, Los",Extranjero,8.674
31001 Abáigar,Total,77
31001 Abáigar,España,73
31001 Abáigar,Extranjero,4
31002 Abárzuza/Abartzuza,Total,509
31002 Abárzuza/Abartzuza,España,460
31002 Abárzuza/Abartzuza,Extranjero,49
31003 Abaurregaina/Abaurrea Alta,Total,122
31003 Abaurregaina/Abaurrea Alta,España,122
31003 Abaurregaina/Abaurrea Alta,Extranjero,0
31004 Abaurrepea/Abaurrea Baja,Total,30
31004 Abaurrepea/Abaurrea Baja,España,29
31004 Abaurrepea/Abaurrea Baja,Extranjero,1
31005 Aberin,Total,408
31005 Aberin,España,332
31005 Aberin,Extranjero,76
31006 Ablitas,Total,2.647
31006 Ablitas,España,2.160
31006 Ablitas,Extranjero,487
31007 Adiós,Total,193
31007 Adiós,España,180
31007 Adiós,Extranjero,13
31008 Aguilar de Codés,Total,74
31008 Aguilar de Codés,España,71
31008 Aguilar de Codés,Extranjero,3
31009 Aibar/Oibar,Total,759
31009 Aibar/Oibar,España,714
31009 Aibar/Oibar,Extranjero,45
31010 Altsasu/Alsasua,Total,7.705
31010 Altsasu/Alsasua,España,6.414
31010 Altsasu/Alsasua,Extranjero,1.291
31011 Allín/Allin,Total,884
31011 Allín/Allin,España,823
31011 Allín/Allin,Extranjero,61
31012 Allo,Total,1.025
31012 Allo,España,859
31012 Allo,Extranjero,166
31013 Améscoa Baja,Total,729
31013 Améscoa Baja,España,702
31013 Améscoa Baja,Extranjero,27
31014 Ancín/Antzin,Total,368
31014 Ancín/Antzin,España,318
31014 Ancín/Antzin,Extranjero,50
31015 Andosilla,Total,2.931
31015 Andosilla,España,2.194
31015 Andosilla,Extranjero,737
31016 Ansoáin/Antsoain,Total,10.656
31016 Ansoáin/Antsoain,España,8.945
31016 Ansoáin/Antsoain,Extranjero,1.711
31017 Anue,Total,499
31017 Anue,España,469
31017 Anue,Extranjero,30
31018 Añorbe,Total,621
31018 Añorbe,España,532
31018 Añorbe,Extranjero,89
31019 Aoiz/Agoitz,Total,3.083
31019 Aoiz/Agoitz,España,2.319
31019 Aoiz/Agoitz,Extranjero,764
31020 Araitz,Total,510
31020 Araitz,España,488
31020 Araitz,Extranjero,22
31021 Aranarache/Aranaratxe,Total,70
31021 Aranarache/Aranaratxe,España,65
31021 Aranarache/Aranaratxe,Extranjero,5
31022 Arantza,Total,627
31022 Arantza,España,576
31022 Arantza,Extranjero,51
31023 Aranguren,Total,13.200
31023 Aranguren,España,11.619
31023 Aranguren,Extranjero,1.581
31024 Arano,Total,108
31024 Arano,España,105
31024 Arano,Extranjero,3
31025 Arakil,Total,990
31025 Arakil,España,900
31025 Arakil,Extranjero,90
31026 Aras,Total,151
31026 Aras,España,139
31026 Aras,Extranjero,12
31027 Arbizu,Total,1.106
31027 Arbizu,España,997
31027 Arbizu,Extranjero,109
31028 Arce/Artzi,Total,295
31028 Arce/Artzi,España,271
31028 Arce/Artzi,Extranjero,24
"31029 Arcos, Los",Total,1.173
"31029 Arcos, Los",España,954
"31029 Arcos, Los",Extranjero,219
31030 Arellano,Total,164
31030 Arellano,España,153
31030 Arellano,Extranjero,11
31031 Areso,Total,260
31031 Areso,España,251
31031 Areso,Extranjero,9
31032 Arguedas,Total,2.310
31032 Arguedas,España,1.862
31032 Arguedas,Extranjero,448
31033 Aria,Total,51
31033 Aria,España,51
31033 Aria,Extranjero,0
31034 Aribe,Total,34
31034 Aribe,España,30
31034 Aribe,Extranjero,4
31035 Armañanzas,Total,47
31035 Armañanzas,España,42
31035 Armañanzas,Extranjero,5
31036 Arróniz,Total,1.063
31036 Arróniz,España,937
31036 Arróniz,Extranjero,126
31037 Arruazu,Total,122
31037 Arruazu,España,116
31037 Arruazu,Extranjero,6
31038 Artajona,Total,1.777
31038 Artajona,España,1.553
31038 Artajona,Extranjero,224
31039 Artazu,Total,125
31039 Artazu,España,103
31039 Artazu,Extranjero,22
31040 Atetz,Total,229
31040 Atetz,España,217
31040 Atetz,Extranjero,12
31041 Ayegui/Aiegi,Total,2.582
31041 Ayegui/Aiegi,España,2.177
31041 Ayegui/Aiegi,Extranjero,405
31042 Azagra,Total,3.740
31042 Azagra,España,2.997
31042 Azagra,Extranjero,743
31043 Azuelo,Total,29
31043 Azuelo,España,27
31043 Azuelo,Extranjero,2
31044 Bakaiku,Total,342
31044 Bakaiku,España,319
31044 Bakaiku,Extranjero,23
31045 Barásoain,Total,603
31045 Barásoain,España,537
31045 Barásoain,Extranjero,66
31046 Barbarin,Total,46
31046 Barbarin,España,43
31046 Barbarin,Extranjero,3
31047 Bargota,Total,237
31047 Bargota,España,221
31047 Bargota,Extranjero,16
31048 Barillas,Total,238
31048 Barillas,España,193
31048 Barillas,Extranjero,45
31049 Basaburua,Total,819
31049 Basaburua,España,777
31049 Basaburua,Extranjero,42
31050 Baztan,Total,7.837
31050 Baztan,España,6.836
31050 Baztan,Extranjero,1.001
31051 Beire,Total,276
31051 Beire,España,241
31051 Beire,Extranjero,35
31052 Belascoáin,Total,124
31052 Belascoáin,España,115
31052 Belascoáin,Extranjero,9
31053 Berbinzana,Total,667
31053 Berbinzana,España,555
31053 Berbinzana,Extranjero,112
31054 Bertizarana,Total,679
31054 Bertizarana,España,604
31054 Bertizarana,Extranjero,75
31055 Betelu,Total,379
31055 Betelu,España,341
31055 Betelu,Extranjero,38
31056 Biurrun-Olcoz,Total,227
31056 Biurrun-Olcoz,España,210
31056 Biurrun-Olcoz,Extranjero,17
31057 Buñuel,Total,2.314
31057 Buñuel,España,1.916
31057 Buñuel,Extranjero,398
31058 Auritz/Burguete,Total,235
31058 Auritz/Burguete,España,217
31058 Auritz/Burguete,Extranjero,18
31059 Burgui/Burgi,Total,190
31059 Burgui/Burgi,España,181
31059 Burgui/Burgi,Extranjero,9
31060 Burlada/Burlata,Total,21.229
31060 Burlada/Burlata,España,16.584
31060 Burlada/Burlata,Extranjero,4.645
"31061 Busto, El",Total,56
"31061 Busto, El",España,54
"31061 Busto, El",Extranjero,2
31062 Cabanillas,Total,1.366
31062 Cabanillas,España,1.130
31062 Cabanillas,Extranjero,236
31063 Cabredo,Total,73
31063 Cabredo,España,72
31063 Cabredo,Extranjero,1
31064 Cadreita,Total,2.181
31064 Cadreita,España,1.562
31064 Cadreita,Extranjero,619
31065 Caparroso,Total,2.913
31065 Caparroso,España,2.084
31065 Caparroso,Extranjero,829
31066 Cárcar,Total,1.159
31066 Cárcar,España,871
31066 Cárcar,Extranjero,288
31067 Carcastillo,Total,2.411
31067 Carcastillo,España,1.978
31067 Carcastillo,Extranjero,433
31068 Cascante,Total,4.221
31068 Cascante,España,3.214
31068 Cascante,Extranjero,1.007
31069 Cáseda,Total,912
31069 Cáseda,España,837
31069 Cáseda,Extranjero,75
31070 Castejón,Total,4.751
31070 Castejón,España,3.272
31070 Castejón,Extranjero,1.479
31071 Castillonuevo/Gazteluberri,Total,14
31071 Castillonuevo/Gazteluberri,España,14
31071 Castillonuevo/Gazteluberri,Extranjero,0
31072 Cintruénigo,Total,8.554
31072 Cintruénigo,España,6.074
31072 Cintruénigo,Extranjero,2.480
31073 Ziordia,Total,364
31073 Ziordia,España,317
31073 Ziordia,Extranjero,47
31074 Cirauqui/Zirauki,Total,474
31074 Cirauqui/Zirauki,España,458
31074 Cirauqui/Zirauki,Extranjero,16
31075 Ciriza/Ziritza,Total,168
31075 Ciriza/Ziritza,España,119
31075 Ciriza/Ziritza,Extranjero,49
31076 Cizur,Total,3.947
31076 Cizur,España,3.516
31076 Cizur,Extranjero,431
31077 Corella,Total,8.734
31077 Corella,España,6.265
31077 Corella,Extranjero,2.469
31078 Cortes,Total,3.164
31078 Cortes,España,2.685
31078 Cortes,Extranjero,479
31079 Desojo,Total,69
31079 Desojo,España,59
31079 Desojo,Extranjero,10
31080 Dicastillo,Total,561
31080 Dicastillo,España,503
31080 Dicastillo,Extranjero,58
31081 Donamaria,Total,445
31081 Donamaria,España,427
31081 Donamaria,Extranjero,18
31082 Etxalar,Total,803
31082 Etxalar,España,733
31082 Etxalar,Extranjero,70
31083 Echarri/Etxarri,Total,78
31083 Echarri/Etxarri,España,76
31083 Echarri/Etxarri,Extranjero,2
31084 Etxarri Aranatz,Total,2.551
31084 Etxarri Aranatz,España,2.293
31084 Etxarri Aranatz,Extranjero,258
31085 Etxauri,Total,674
31085 Etxauri,España,626
31085 Etxauri,Extranjero,48
31086 Valle de Egüés/Eguesibar,Total,22.785
31086 Valle de Egüés/Eguesibar,España,19.043
31086 Valle de Egüés/Eguesibar,Extranjero,3.742
31087 Elgorriaga,Total,210
31087 Elgorriaga,España,202
31087 Elgorriaga,Extranjero,8
31088 Valle de Elorz/Elortzibar,Total,8.447
31088 Valle de Elorz/Elortzibar,España,6.942
31088 Valle de Elorz/Elortzibar,Extranjero,1.505
31089 Enériz/Eneritz,Total,328
31089 Enériz/Eneritz,España,295
31089 Enériz/Eneritz,Extranjero,33
31090 Eratsun,Total,154
31090 Eratsun,España,148
31090 Eratsun,Extranjero,6
31091 Ergoiena,Total,390
31091 Ergoiena,España,359
31091 Ergoiena,Extranjero,31
31092 Erro,Total,814
31092 Erro,España,776
31092 Erro,Extranjero,38
31093 Ezcároz/Ezkaroze,Total,297
31093 Ezcároz/Ezkaroze,España,269
31093 Ezcároz/Ezkaroze,Extranjero,28
31094 Eslava,Total,97
31094 Eslava,España,95
31094 Eslava,Extranjero,2
31095 Esparza de Salazar/Espartza Zaraitzu,Total,75
31095 Esparza de Salazar/Espartza Zaraitzu,España,71
31095 Esparza de Salazar/Espartza Zaraitzu,Extranjero,4
31096 Espronceda,Total,102
31096 Espronceda,España,95
31096 Espronceda,Extranjero,7
31097 Estella-Lizarra,Total,14.356
31097 Estella-Lizarra,España,11.178
31097 Estella-Lizarra,Extranjero,3.178
31098 Esteribar,Total,2.916
31098 Esteribar,España,2.647
31098 Esteribar,Extranjero,269
31099 Etayo,Total,72
31099 Etayo,España,47
31099 Etayo,Extranjero,25
31100 Eulate,Total,278
31100 Eulate,España,265
31100 Eulate,Extranjero,13
31101 Ezcabarte,Total,1.902
31101 Ezcabarte,España,1.688
31101 Ezcabarte,Extranjero,214
31102 Ezkurra,Total,125
31102 Ezkurra,España,121
31102 Ezkurra,Extranjero,4
31103 Ezprogui,Total,48
31103 Ezprogui,España,45
31103 Ezprogui,Extranjero,3
31104 Falces,Total,2.383
31104 Falces,España,1.877
31104 Falces,Extranjero,506
31105 Fitero,Total,2.366
31105 Fitero,España,1.610
31105 Fitero,Extranjero,756
31106 Fontellas,Total,1.047
31106 Fontellas,España,878
31106 Fontellas,Extranjero,169
31107 Funes,Total,2.586
31107 Funes,España,1.827
31107 Funes,Extranjero,759
31108 Fustiñana,Total,2.427
31108 Fustiñana,España,2.038
31108 Fustiñana,Extranjero,389
31109 Galar,Total,2.424
31109 Galar,España,2.214
31109 Galar,Extranjero,210
31110 Gallipienzo/Galipentzu,Total,100
31110 Gallipienzo/Galipentzu,España,95
31110 Gallipienzo/Galipentzu,Extranjero,5
31111 Gallués/Galoze,Total,95
31111 Gallués/Galoze,España,94
31111 Gallués/Galoze,Extranjero,1
31112 Garaioa,Total,91
31112 Garaioa,España,83
31112 Garaioa,Extranjero,8
31113 Garde,Total,132
31113 Garde,España,119
31113 Garde,Extranjero,13
31114 Garínoain,Total,529
31114 Garínoain,España,438
31114 Garínoain,Extranjero,91
31115 Garralda,Total,183
31115 Garralda,España,168
31115 Garralda,Extranjero,15
31116 Genevilla,Total,71
31116 Genevilla,España,62
31116 Genevilla,Extranjero,9
31117 Goizueta,Total,682
31117 Goizueta,España,623
31117 Goizueta,Extranjero,59
31118 Val de Goñi/Goñerri,Total,166
31118 Val de Goñi/Goñerri,España,159
31118 Val de Goñi/Goñerri,Extranjero,7
31119 Güesa/Gorza,Total,38
31119 Güesa/Gorza,España,35
31119 Güesa/Gorza,Extranjero,3
31120 Guesálaz/Gesalatz,Total,462
31120 Guesálaz/Gesalatz,España,436
31120 Guesálaz/Gesalatz,Extranjero,26
31121 Guirguillano,Total,76
31121 Guirguillano,España,72
31121 Guirguillano,Extranjero,4
31122 Huarte/Uharte,Total,7.900
31122 Huarte/Uharte,España,6.674
31122 Huarte/Uharte,Extranjero,1.226
31123 Uharte Arakil,Total,772
31123 Uharte Arakil,España,688
31123 Uharte Arakil,Extranjero,84
31124 Ibargoiti,Total,279
31124 Ibargoiti,España,260
31124 Ibargoiti,Extranjero,19
31125 Igúzquiza,Total,307
31125 Igúzquiza,España,284
31125 Igúzquiza,Extranjero,23
31126 Imotz,Total,433
31126 Imotz,España,401
31126 Imotz,Extranjero,32
31127 Irañeta,Total,172
31127 Irañeta,España,169
31127 Irañeta,Extranjero,3
31128 Isaba/Izaba,Total,385
31128 Isaba/Izaba,España,346
31128 Isaba/Izaba,Extranjero,39
31129 Ituren,Total,542
31129 Ituren,España,500
31129 Ituren,Extranjero,42
31130 Iturmendi,Total,429
31130 Iturmendi,España,378
31130 Iturmendi,Extranjero,51
31131 Iza/Itza,Total,1.456
31131 Iza/Itza,España,1.260
31131 Iza/Itza,Extranjero,196
31132 Izagaondoa,Total,154
31132 Izagaondoa,España,142
31132 Izagaondoa,Extranjero,12
31133 Izalzu/Itzaltzu,Total,36
31133 Izalzu/Itzaltzu,España,36
31133 Izalzu/Itzaltzu,Extranjero,0
31134 Jaurrieta,Total,179
31134 Jaurrieta,España,171
31134 Jaurrieta,Extranjero,8
31135 Javier,Total,103
31135 Javier,España,83
31135 Javier,Extranjero,20
31136 Juslapeña/Txulapain,Total,565
31136 Juslapeña/Txulapain,España,508
31136 Juslapeña/Txulapain,Extranjero,57
31137 Beintza-Labaien,Total,229
31137 Beintza-Labaien,España,207
31137 Beintza-Labaien,Extranjero,22
31138 Lakuntza,Total,1.336
31138 Lakuntza,España,1.159
31138 Lakuntza,Extranjero,177
31139 Lana,Total,151
31139 Lana,España,144
31139 Lana,Extranjero,7
31140 Lantz,Total,150
31140 Lantz,España,148
31140 Lantz,Extranjero,2
31141 Lapoblación,Total,124
31141 Lapoblación,España,115
31141 Lapoblación,Extranjero,9
31142 Larraga,Total,2.160
31142 Larraga,España,1.640
31142 Larraga,Extranjero,520
31143 Larraona,Total,100
31143 Larraona,España,92
31143 Larraona,Extranjero,8
31144 Larraun,Total,924
31144 Larraun,España,856
31144 Larraun,Extranjero,68
31145 Lazagurría,Total,171
31145 Lazagurría,España,159
31145 Lazagurría,Extranjero,12
31146 Leache/Leatxe,Total,36
31146 Leache/Leatxe,España,34
31146 Leache/Leatxe,Extranjero,2
31147 Legarda,Total,143
31147 Legarda,España,131
31147 Legarda,Extranjero,12
31148 Legaria,Total,114
31148 Legaria,España,99
31148 Legaria,Extranjero,15
31149 Leitza,Total,3.025
31149 Leitza,España,2.731
31149 Leitza,Extranjero,294
31150 Leoz/Leotz,Total,202
31150 Leoz/Leotz,España,195
31150 Leoz/Leotz,Extranjero,7
31151 Lerga,Total,46
31151 Lerga,España,46
31151 Lerga,Extranjero,0
31152 Lerín,Total,1.817
31152 Lerín,España,1.325
31152 Lerín,Extranjero,492
31153 Lesaka,Total,2.715
31153 Lesaka,España,2.503
31153 Lesaka,Extranjero,212
31154 Lezaun,Total,248
31154 Lezaun,España,240
31154 Lezaun,Extranjero,8
31155 Liédena,Total,352
31155 Liédena,España,283
31155 Liédena,Extranjero,69
31156 Lizoain-Arriasgoiti/Lizoainibar-Arriasgoiti,Total,287
31156 Lizoain-Arriasgoiti/Lizoainibar-Arriasgoiti,España,271
31156 Lizoain-Arriasgoiti/Lizoainibar-Arriasgoiti,Extranjero,16
31157 Lodosa,Total,4.942
31157 Lodosa,España,3.908
31157 Lodosa,Extranjero,1.034
31158 Lónguida/Longida,Total,310
31158 Lónguida/Longida,España,288
31158 Lónguida/Longida,Extranjero,22
31159 Lumbier,Total,1.345
31159 Lumbier,España,1.182
31159 Lumbier,Extranjero,163
31160 Luquin,Total,135
31160 Luquin,España,120
31160 Luquin,Extranjero,15
31161 Mañeru,Total,454
31161 Mañeru,España,424
31161 Mañeru,Extranjero,30
31162 Marañón,Total,50
31162 Marañón,España,47
31162 Marañón,Extranjero,3
31163 Marcilla,Total,2.934
31163 Marcilla,España,2.261
31163 Marcilla,Extranjero,673
31164 Mélida,Total,740
31164 Mélida,España,568
31164 Mélida,Extranjero,172
31165 Mendavia,Total,3.591
31165 Mendavia,España,3.046
31165 Mendavia,Extranjero,545
31166 Mendaza,Total,287
31166 Mendaza,España,260
31166 Mendaza,Extranjero,27
31167 Mendigorria,Total,1.275
31167 Mendigorria,España,1.041
31167 Mendigorria,Extranjero,234
31168 Metauten,Total,263
31168 Metauten,España,255
31168 Metauten,Extranjero,8
31169 Milagro,Total,3.728
31169 Milagro,España,2.402
31169 Milagro,Extranjero,1.326
31170 Mirafuentes,Total,56
31170 Mirafuentes,España,54
31170 Mirafuentes,Extranjero,2
31171 Miranda de Arga,Total,902
31171 Miranda de Arga,España,690
31171 Miranda de Arga,Extranjero,212
31172 Monreal/Elo,Total,512
31172 Monreal/Elo,España,452
31172 Monreal/Elo,Extranjero,60
31173 Monteagudo,Total,1.082
31173 Monteagudo,España,876
31173 Monteagudo,Extranjero,206
31174 Morentin,Total,109
31174 Morentin,España,102
31174 Morentin,Extranjero,7
31175 Mues,Total,86
31175 Mues,España,67
31175 Mues,Extranjero,19
31176 Murchante,Total,4.247
31176 Murchante,España,3.519
31176 Murchante,Extranjero,728
31177 Murieta,Total,363
31177 Murieta,España,260
31177 Murieta,Extranjero,103
31178 Murillo el Cuende,Total,699
31178 Murillo el Cuende,España,561
31178 Murillo el Cuende,Extranjero,138
31179 Murillo el Fruto,Total,681
31179 Murillo el Fruto,España,517
31179 Murillo el Fruto,Extranjero,164
31180 Muruzábal,Total,280
31180 Muruzábal,España,234
31180 Muruzábal,Extranjero,46
31181 Navascués/Nabaskoze,Total,117
31181 Navascués/Nabaskoze,España,114
31181 Navascués/Nabaskoze,Extranjero,3
31182 Nazar,Total,40
31182 Nazar,España,38
31182 Nazar,Extranjero,2
31183 Obanos,Total,921
31183 Obanos,España,798
31183 Obanos,Extranjero,123
31184 Oco,Total,64
31184 Oco,España,62
31184 Oco,Extranjero,2
31185 Ochagavía/Otsagabia,Total,493
31185 Ochagavía/Otsagabia,España,457
31185 Ochagavía/Otsagabia,Extranjero,36
31186 Odieta,Total,366
31186 Odieta,España,338
31186 Odieta,Extranjero,28
31187 Oiz,Total,129
31187 Oiz,España,116
31187 Oiz,Extranjero,13
31188 Olaibar,Total,400
31188 Olaibar,España,342
31188 Olaibar,Extranjero,58
31189 Olazti/Olazagutía,Total,1.442
31189 Olazti/Olazagutía,España,1.201
31189 Olazti/Olazagutía,Extranjero,241
31190 Olejua,Total,49
31190 Olejua,España,43
31190 Olejua,Extranjero,6
31191 Olite/Erriberri,Total,4.091
31191 Olite/Erriberri,España,3.376
31191 Olite/Erriberri,Extranjero,715
31192 Olóriz/Oloritz,Total,209
31192 Olóriz/Oloritz,España,191
31192 Olóriz/Oloritz,Extranjero,18
31193 Cendea de Olza/Oltza Zendea,Total,1.873
31193 Cendea de Olza/Oltza Zendea,España,1.689
31193 Cendea de Olza/Oltza Zendea,Extranjero,184
31194 Valle de Ollo/Ollaran,Total,453
31194 Valle de Ollo/Ollaran,España,439
31194 Valle de Ollo/Ollaran,Extranjero,14
31195 Orbaizeta,Total,186
31195 Orbaizeta,España,184
31195 Orbaizeta,Extranjero,2
31196 Orbara,Total,28
31196 Orbara,España,28
31196 Orbara,Extranjero,0
31197 Orísoain,Total,72
31197 Orísoain,España,66
31197 Orísoain,Extranjero,6
31198 Oronz/Orontze,Total,51
31198 Oronz/Orontze,España,50
31198 Oronz/Orontze,Extranjero,1
31199 Oroz-Betelu/Orotz-Betelu,Total,144
31199 Oroz-Betelu/Orotz-Betelu,España,142
31199 Oroz-Betelu/Orotz-Betelu,Extranjero,2
31200 Oteiza,Total,970
31200 Oteiza,España,867
31200 Oteiza,Extranjero,103
31201 Pamplona/Iruña,Total,209.676
31201 Pamplona/Iruña,España,162.234
31201 Pamplona/Iruña,Extranjero,47.442
31202 Peralta/Azkoien,Total,6.063
31202 Peralta/Azkoien,España,4.697
31202 Peralta/Azkoien,Extranjero,1.366
31203 Petilla de Aragón,Total,29
31203 Petilla de Aragón,España,25
31203 Petilla de Aragón,Extranjero,4
31204 Piedramillera,Total,47
31204 Piedramillera,España,46
31204 Piedramillera,Extranjero,1
31205 Pitillas,Total,522
31205 Pitillas,España,446
31205 Pitillas,Extranjero,76
31206 Puente la Reina/Gares,Total,2.969
31206 Puente la Reina/Gares,España,2.390
31206 Puente la Reina/Gares,Extranjero,579
31207 Pueyo/Puiu,Total,383
31207 Pueyo/Puiu,España,348
31207 Pueyo/Puiu,Extranjero,35
31208 Ribaforada,Total,3.691
31208 Ribaforada,España,2.950
31208 Ribaforada,Extranjero,741
31209 Romanzado/Erromantzatua,Total,181
31209 Romanzado/Erromantzatua,España,166
31209 Romanzado/Erromantzatua,Extranjero,15
31210 Roncal/Erronkari,Total,208
31210 Roncal/Erronkari,España,174
31210 Roncal/Erronkari,Extranjero,34
31211 Orreaga/Roncesvalles,Total,25
31211 Orreaga/Roncesvalles,España,18
31211 Orreaga/Roncesvalles,Extranjero,7
31212 Sada,Total,137
31212 Sada,España,124
31212 Sada,Extranjero,13
31213 Saldías,Total,125
31213 Saldías,España,122
31213 Saldías,Extranjero,3
31214 Salinas de Oro/Jaitz,Total,110
31214 Salinas de Oro/Jaitz,España,108
31214 Salinas de Oro/Jaitz,Extranjero,2
31215 San Adrián,Total,6.500
31215 San Adrián,España,5.356
31215 San Adrián,Extranjero,1.144
31216 Sangüesa/Zangoza,Total,4.876
31216 Sangüesa/Zangoza,España,4.127
31216 Sangüesa/Zangoza,Extranjero,749
31217 San Martín de Unx,Total,352
31217 San Martín de Unx,España,291
31217 San Martín de Unx,Extranjero,61
31219 Sansol,Total,91
31219 Sansol,España,82
31219 Sansol,Extranjero,9
31220 Santacara,Total,868
31220 Santacara,España,803
31220 Santacara,Extranjero,65
31221 Doneztebe/Santesteban,Total,1.852
31221 Doneztebe/Santesteban,España,1.521
31221 Doneztebe/Santesteban,Extranjero,331
31222 Sarriés/Sartze,Total,58
31222 Sarriés/Sartze,España,57
31222 Sarriés/Sartze,Extranjero,1
31223 Sartaguda,Total,1.364
31223 Sartaguda,España,1.062
31223 Sartaguda,Extranjero,302
31224 Sesma,Total,1.257
31224 Sesma,España,970
31224 Sesma,Extranjero,287
31225 Sorlada,Total,41
31225 Sorlada,España,31
31225 Sorlada,Extranjero,10
31226 Sunbilla,Total,685
31226 Sunbilla,España,641
31226 Sunbilla,Extranjero,44
31227 Tafalla,Total,10.867
31227 Tafalla,España,8.712
31227 Tafalla,Extranjero,2.155
31228 Tiebas-Muruarte de Reta,Total,690
31228 Tiebas-Muruarte de Reta,España,570
31228 Tiebas-Muruarte de Reta,Extranjero,120
31229 Tirapu,Total,49
31229 Tirapu,España,49
31229 Tirapu,Extranjero,0
31230 Torralba del Río,Total,97
31230 Torralba del Río,España,92
31230 Torralba del Río,Extranjero,5
31231 Torres del Río,Total,113
31231 Torres del Río,España,89
31231 Torres del Río,Extranjero,24
31232 Tudela,Total,38.773
31232 Tudela,España,28.324
31232 Tudela,Extranjero,10.449
31233 Tulebras,Total,160
31233 Tulebras,España,115
31233 Tulebras,Extranjero,45
31234 Ucar,Total,194
31234 Ucar,España,168
31234 Ucar,Extranjero,26
31235 Ujué/Uxue,Total,169
31235 Ujué/Uxue,España,159
31235 Ujué/Uxue,Extranjero,10
31236 Ultzama,Total,1.597
31236 Ultzama,España,1.468
31236 Ultzama,Extranjero,129
31237 Unciti,Total,257
31237 Unciti,España,238
31237 Unciti,Extranjero,19
31238 Unzué/Untzue,Total,164
31238 Unzué/Untzue,España,140
31238 Unzué/Untzue,Extranjero,24
31239 Urdazubi/Urdax,Total,372
31239 Urdazubi/Urdax,España,331
31239 Urdazubi/Urdax,Extranjero,41
31240 Urdiain,Total,651
31240 Urdiain,España,610
31240 Urdiain,Extranjero,41
31241 Urraul Alto,Total,136
31241 Urraul Alto,España,127
31241 Urraul Alto,Extranjero,9
31242 Urraul Bajo,Total,330
31242 Urraul Bajo,España,298
31242 Urraul Bajo,Extranjero,32
31243 Urroz-Villa,Total,406
31243 Urroz-Villa,España,370
31243 Urroz-Villa,Extranjero,36
31244 Urroz,Total,175
31244 Urroz,España,171
31244 Urroz,Extranjero,4
31245 Urzainqui/Urzainki,Total,77
31245 Urzainqui/Urzainki,España,75
31245 Urzainqui/Urzainki,Extranjero,2
31246 Uterga,Total,177
31246 Uterga,España,160
31246 Uterga,Extranjero,17
31247 Uztárroz/Uztarroze,Total,139
31247 Uztárroz/Uztarroze,España,134
31247 Uztárroz/Uztarroze,Extranjero,5
31248 Luzaide/Valcarlos,Total,327
31248 Luzaide/Valcarlos,España,247
31248 Luzaide/Valcarlos,Extranjero,80
31249 Valtierra,Total,2.496
31249 Valtierra,España,1.994
31249 Valtierra,Extranjero,502
31250 Bera,Total,3.817
31250 Bera,España,3.187
31250 Bera,Extranjero,630
31251 Viana,Total,4.459
31251 Viana,España,3.641
31251 Viana,Extranjero,818
31252 Vidángoz/Bidankoze,Total,74
31252 Vidángoz/Bidankoze,España,74
31252 Vidángoz/Bidankoze,Extranjero,0
31253 Bidaurreta,Total,178
31253 Bidaurreta,España,175
31253 Bidaurreta,Extranjero,3
31254 Villafranca,Total,3.169
31254 Villafranca,España,2.133
31254 Villafranca,Extranjero,1.036
31255 Villamayor de Monjardín,Total,113
31255 Villamayor de Monjardín,España,107
31255 Villamayor de Monjardín,Extranjero,6
31256 Hiriberri/Villanueva de Aezkoa,Total,96
31256 Hiriberri/Villanueva de Aezkoa,España,96
31256 Hiriberri/Villanueva de Aezkoa,Extranjero,0
31257 Villatuerta,Total,1.260
31257 Villatuerta,España,1.102
31257 Villatuerta,Extranjero,158
31258 Villava/Atarrabia,Total,9.918
31258 Villava/Atarrabia,España,8.405
31258 Villava/Atarrabia,Extranjero,1.513
31259 Igantzi,Total,578
31259 Igantzi,España,533
31259 Igantzi,Extranjero,45
31260 Valle de Yerri/Deierri,Total,1.546
31260 Valle de Yerri/Deierri,España,1.439
31260 Valle de Yerri/Deierri,Extranjero,107
31261 Yesa,Total,294
31261 Yesa,España,251
31261 Yesa,Extranjero,43
31262 Zabalza/Zabaltza,Total,285
31262 Zabalza/Zabaltza,España,266
31262 Zabalza/Zabaltza,Extranjero,19
31263 Zubieta,Total,290
31263 Zubieta,España,274
31263 Zubieta,Extranjero,16
31264 Zugarramurdi,Total,223
31264 Zugarramurdi,España,193
31264 Zugarramurdi,Extranjero,30
31265 Zúñiga,Total,78
31265 Zúñiga,España,58
31265 Zúñiga,Extranjero,20
31901 Barañáin/Barañain,Total,19.588
31901 Barañáin/Barañain,España,15.321
31901 Barañáin/Barañain,Extranjero,4.267
31902 Berrioplano/Berriobeiti,Total,7.624
31902 Berrioplano/Berriobeiti,España,6.231
31902 Berrioplano/Berriobeiti,Extranjero,1.393
31903 Berriozar,Total,11.317
31903 Berriozar,España,8.507
31903 Berriozar,Extranjero,2.810
31904 Irurtzun,Total,2.298
31904 Irurtzun,España,1.785
31904 Irurtzun,Extranjero,513
31905 Beriáin,Total,4.180
31905 Beriáin,España,3.492
31905 Beriáin,Extranjero,688
31906 Orkoien,Total,4.097
31906 Orkoien,España,3.411
31906 Orkoien,Extranjero,686
31907 Zizur Mayor/Zizur Nagusia,Total,16.466
31907 Zizur Mayor/Zizur Nagusia,España,14.025
31907 Zizur Mayor/Zizur Nagusia,Extranjero,2.441
31908 Lekunberri,Total,1.747
31908 Lekunberri,España,1.508
31908 Lekunberri,Extranjero,239
32001 Allariz,Total,6.505
32001 Allariz,España,5.645
32001 Allariz,Extranjero,860
32002 Amoeiro,Total,2.441
32002 Amoeiro,España,2.224
32002 Amoeiro,Extranjero,217
"32003 Arnoia, A",Total,946
"32003 Arnoia, A",España,859
"32003 Arnoia, A",Extranjero,87
32004 Avión,Total,1.704
32004 Avión,España,1.100
32004 Avión,Extranjero,604
32005 Baltar,Total,864
32005 Baltar,España,736
32005 Baltar,Extranjero,128
32006 Bande,Total,1.459
32006 Bande,España,1.245
32006 Bande,Extranjero,214
32007 Baños de Molgas,Total,1.470
32007 Baños de Molgas,España,1.351
32007 Baños de Molgas,Extranjero,119
32008 Barbadás,Total,11.192
32008 Barbadás,España,9.336
32008 Barbadás,Extranjero,1.856
"32009 Barco de Valdeorras, O",Total,13.370
"32009 Barco de Valdeorras, O",España,10.667
"32009 Barco de Valdeorras, O",Extranjero,2.703
32010 Beade,Total,363
32010 Beade,España,335
32010 Beade,Extranjero,28
32011 Beariz,Total,893
32011 Beariz,España,628
32011 Beariz,Extranjero,265
"32012 Blancos, Os",Total,700
"32012 Blancos, Os",España,657
"32012 Blancos, Os",Extranjero,43
32013 Boborás,Total,2.159
32013 Boborás,España,1.765
32013 Boborás,Extranjero,394
"32014 Bola, A",Total,1.132
"32014 Bola, A",España,966
"32014 Bola, A",Extranjero,166
"32015 Bolo, O",Total,784
"32015 Bolo, O",España,715
"32015 Bolo, O",Extranjero,69
32016 Calvos de Randín,Total,647
32016 Calvos de Randín,España,591
32016 Calvos de Randín,Extranjero,56
32017 Carballeda de Valdeorras,Total,1.345
32017 Carballeda de Valdeorras,España,1.091
32017 Carballeda de Valdeorras,Extranjero,254
32018 Carballeda de Avia,Total,1.172
32018 Carballeda de Avia,España,1.045
32018 Carballeda de Avia,Extranjero,127
"32019 Carballiño, O",Total,14.238
"32019 Carballiño, O",España,10.916
"32019 Carballiño, O",Extranjero,3.322
32020 Cartelle,Total,2.463
32020 Cartelle,España,2.208
32020 Cartelle,Extranjero,255
32021 Castrelo do Val,Total,947
32021 Castrelo do Val,España,870
32021 Castrelo do Val,Extranjero,77
32022 Castrelo de Miño,Total,1.286
32022 Castrelo de Miño,España,1.153
32022 Castrelo de Miño,Extranjero,133
32023 Castro Caldelas,Total,1.237
32023 Castro Caldelas,España,1.087
32023 Castro Caldelas,Extranjero,150
32024 Celanova,Total,5.695
32024 Celanova,España,4.516
32024 Celanova,Extranjero,1.179
32025 Cenlle,Total,1.067
32025 Cenlle,España,943
32025 Cenlle,Extranjero,124
32026 Coles,Total,3.227
32026 Coles,España,2.906
32026 Coles,Extranjero,321
32027 Cortegada,Total,1.023
32027 Cortegada,España,887
32027 Cortegada,Extranjero,136
32028 Cualedro,Total,1.530
32028 Cualedro,España,1.412
32028 Cualedro,Extranjero,118
32029 Chandrexa de Queixa,Total,471
32029 Chandrexa de Queixa,España,448
32029 Chandrexa de Queixa,Extranjero,23
32030 Entrimo,Total,1.092
32030 Entrimo,España,845
32030 Entrimo,Extranjero,247
32031 Esgos,Total,1.105
32031 Esgos,España,992
32031 Esgos,Extranjero,113
32032 Xinzo de Limia,Total,9.655
32032 Xinzo de Limia,España,8.237
32032 Xinzo de Limia,Extranjero,1.418
32033 Gomesende,Total,640
32033 Gomesende,España,530
32033 Gomesende,Extranjero,110
"32034 Gudiña, A",Total,1.197
"32034 Gudiña, A",España,974
"32034 Gudiña, A",Extranjero,223
"32035 Irixo, O",Total,1.344
"32035 Irixo, O",España,1.227
"32035 Irixo, O",Extranjero,117
32036 Xunqueira de Ambía,Total,1.342
32036 Xunqueira de Ambía,España,1.216
32036 Xunqueira de Ambía,Extranjero,126
32037 Xunqueira de Espadanedo,Total,694
32037 Xunqueira de Espadanedo,España,622
32037 Xunqueira de Espadanedo,Extranjero,72
32038 Larouco,Total,484
32038 Larouco,España,440
32038 Larouco,Extranjero,44
32039 Laza,Total,1.151
32039 Laza,España,1.063
32039 Laza,Extranjero,88
32040 Leiro,Total,1.515
32040 Leiro,España,1.324
32040 Leiro,Extranjero,191
32041 Lobeira,Total,700
32041 Lobeira,España,622
32041 Lobeira,Extranjero,78
32042 Lobios,Total,1.777
32042 Lobios,España,1.509
32042 Lobios,Extranjero,268
32043 Maceda,Total,2.872
32043 Maceda,España,2.528
32043 Maceda,Extranjero,344
32044 Manzaneda,Total,767
32044 Manzaneda,España,741
32044 Manzaneda,Extranjero,26
32045 Maside,Total,2.762
32045 Maside,España,2.454
32045 Maside,Extranjero,308
32046 Melón,Total,1.079
32046 Melón,España,993
32046 Melón,Extranjero,86
"32047 Merca, A",Total,1.976
"32047 Merca, A",España,1.777
"32047 Merca, A",Extranjero,199
"32048 Mezquita, A",Total,991
"32048 Mezquita, A",España,760
"32048 Mezquita, A",Extranjero,231
32049 Montederramo,Total,659
32049 Montederramo,España,626
32049 Montederramo,Extranjero,33
32050 Monterrei,Total,2.415
32050 Monterrei,España,2.202
32050 Monterrei,Extranjero,213
32051 Muíños,Total,1.380
32051 Muíños,España,1.244
32051 Muíños,Extranjero,136
32052 Nogueira de Ramuín,Total,2.070
32052 Nogueira de Ramuín,España,1.794
32052 Nogueira de Ramuín,Extranjero,276
32053 Oímbra,Total,1.681
32053 Oímbra,España,1.284
32053 Oímbra,Extranjero,397
32054 Ourense,Total,105.609
32054 Ourense,España,86.888
32054 Ourense,Extranjero,18.721
32055 Paderne de Allariz,Total,1.341
32055 Paderne de Allariz,España,1.182
32055 Paderne de Allariz,Extranjero,159
32056 Padrenda,Total,1.537
32056 Padrenda,España,1.257
32056 Padrenda,Extranjero,280
32057 Parada de Sil,Total,499
32057 Parada de Sil,España,446
32057 Parada de Sil,Extranjero,53
"32058 Pereiro de Aguiar, O",Total,6.786
"32058 Pereiro de Aguiar, O",España,6.088
"32058 Pereiro de Aguiar, O",Extranjero,698
"32059 Peroxa, A",Total,1.795
"32059 Peroxa, A",España,1.651
"32059 Peroxa, A",Extranjero,144
32060 Petín,Total,854
32060 Petín,España,762
32060 Petín,Extranjero,92
32061 Piñor,Total,1.103
32061 Piñor,España,972
32061 Piñor,Extranjero,131
32062 Porqueira,Total,806
32062 Porqueira,España,739
32062 Porqueira,Extranjero,67
"32063 Pobra de Trives, A",Total,1.925
"32063 Pobra de Trives, A",España,1.751
"32063 Pobra de Trives, A",Extranjero,174
32064 Pontedeva,Total,459
32064 Pontedeva,España,405
32064 Pontedeva,Extranjero,54
32065 Punxín,Total,744
32065 Punxín,España,637
32065 Punxín,Extranjero,107
32066 Quintela de Leirado,Total,586
32066 Quintela de Leirado,España,466
32066 Quintela de Leirado,Extranjero,120
32067 Rairiz de Veiga,Total,1.153
32067 Rairiz de Veiga,España,1.071
32067 Rairiz de Veiga,Extranjero,82
32068 Ramirás,Total,1.480
32068 Ramirás,España,1.160
32068 Ramirás,Extranjero,320
32069 Ribadavia,Total,4.917
32069 Ribadavia,España,4.340
32069 Ribadavia,Extranjero,577
32070 San Xoán de Río,Total,516
32070 San Xoán de Río,España,477
32070 San Xoán de Río,Extranjero,39
32071 Riós,Total,1.374
32071 Riós,España,1.218
32071 Riós,Extranjero,156
"32072 Rúa, A",Total,4.217
"32072 Rúa, A",España,3.505
"32072 Rúa, A",Extranjero,712
32073 Rubiá,Total,1.391
32073 Rubiá,España,1.278
32073 Rubiá,Extranjero,113
32074 San Amaro,Total,1.032
32074 San Amaro,España,912
32074 San Amaro,Extranjero,120
32075 San Cibrao das Viñas,Total,5.777
32075 San Cibrao das Viñas,España,5.030
32075 San Cibrao das Viñas,Extranjero,747
32076 San Cristovo de Cea,Total,1.963
32076 San Cristovo de Cea,España,1.803
32076 San Cristovo de Cea,Extranjero,160
32077 Sandiás,Total,1.087
32077 Sandiás,España,985
32077 Sandiás,Extranjero,102
32078 Sarreaus,Total,1.068
32078 Sarreaus,España,967
32078 Sarreaus,Extranjero,101
32079 Taboadela,Total,1.479
32079 Taboadela,España,1.344
32079 Taboadela,Extranjero,135
"32080 Teixeira, A",Total,329
"32080 Teixeira, A",España,297
"32080 Teixeira, A",Extranjero,32
32081 Toén,Total,2.333
32081 Toén,España,2.078
32081 Toén,Extranjero,255
32082 Trasmiras,Total,1.215
32082 Trasmiras,España,1.118
32082 Trasmiras,Extranjero,97
"32083 Veiga, A",Total,873
"32083 Veiga, A",España,772
"32083 Veiga, A",Extranjero,101
32084 Verea,Total,971
32084 Verea,España,812
32084 Verea,Extranjero,159
32085 Verín,Total,13.921
32085 Verín,España,10.868
32085 Verín,Extranjero,3.053
32086 Viana do Bolo,Total,2.717
32086 Viana do Bolo,España,2.484
32086 Viana do Bolo,Extranjero,233
32087 Vilamarín,Total,1.838
32087 Vilamarín,España,1.677
32087 Vilamarín,Extranjero,161
32088 Vilamartín de Valdeorras,Total,1.821
32088 Vilamartín de Valdeorras,España,1.572
32088 Vilamartín de Valdeorras,Extranjero,249
32089 Vilar de Barrio,Total,1.175
32089 Vilar de Barrio,España,1.093
32089 Vilar de Barrio,Extranjero,82
32090 Vilar de Santos,Total,786
32090 Vilar de Santos,España,679
32090 Vilar de Santos,Extranjero,107
32091 Vilardevós,Total,1.622
32091 Vilardevós,España,1.463
32091 Vilardevós,Extranjero,159
32092 Vilariño de Conso,Total,501
32092 Vilariño de Conso,España,472
32092 Vilariño de Conso,Extranjero,29
33001 Allande,Total,1.507
33001 Allande,España,1.434
33001 Allande,Extranjero,73
33002 Aller,Total,10.007
33002 Aller,España,9.354
33002 Aller,Extranjero,653
33003 Amieva,Total,591
33003 Amieva,España,542
33003 Amieva,Extranjero,49
33004 Avilés,Total,75.915
33004 Avilés,España,68.168
33004 Avilés,Extranjero,7.747
33005 Belmonte de Miranda,Total,1.366
33005 Belmonte de Miranda,España,1.308
33005 Belmonte de Miranda,Extranjero,58
33006 Bimenes,Total,1.632
33006 Bimenes,España,1.510
33006 Bimenes,Extranjero,122
33007 Boal,Total,1.372
33007 Boal,España,1.329
33007 Boal,Extranjero,43
33008 Cabrales,Total,1.902
33008 Cabrales,España,1.661
33008 Cabrales,Extranjero,241
33009 Cabranes,Total,1.095
33009 Cabranes,España,934
33009 Cabranes,Extranjero,161
33010 Candamo,Total,1.902
33010 Candamo,España,1.803
33010 Candamo,Extranjero,99
33011 Cangas del Narcea,Total,11.290
33011 Cangas del Narcea,España,10.667
33011 Cangas del Narcea,Extranjero,623
33012 Cangas de Onís,Total,6.366
33012 Cangas de Onís,España,5.400
33012 Cangas de Onís,Extranjero,966
33013 Caravia,Total,487
33013 Caravia,España,465
33013 Caravia,Extranjero,22
33014 Carreño,Total,10.296
33014 Carreño,España,9.521
33014 Carreño,Extranjero,775
33015 Caso,Total,1.444
33015 Caso,España,1.349
33015 Caso,Extranjero,95
33016 Castrillón,Total,21.986
33016 Castrillón,España,20.713
33016 Castrillón,Extranjero,1.273
33017 Castropol,Total,3.201
33017 Castropol,España,3.048
33017 Castropol,Extranjero,153
33018 Coaña,Total,3.314
33018 Coaña,España,3.148
33018 Coaña,Extranjero,166
33019 Colunga,Total,3.168
33019 Colunga,España,2.894
33019 Colunga,Extranjero,274
33020 Corvera de Asturias,Total,15.793
33020 Corvera de Asturias,España,14.619
33020 Corvera de Asturias,Extranjero,1.174
33021 Cudillero,Total,4.896
33021 Cudillero,España,4.554
33021 Cudillero,Extranjero,342
33022 Degaña,Total,767
33022 Degaña,España,733
33022 Degaña,Extranjero,34
"33023 Franco, El",Total,3.740
"33023 Franco, El",España,3.574
"33023 Franco, El",Extranjero,166
33024 Gijón,Total,271.259
33024 Gijón,España,234.675
33024 Gijón,Extranjero,36.584
33025 Gozón,Total,10.396
33025 Gozón,España,9.827
33025 Gozón,Extranjero,569
33026 Grado,Total,9.656
33026 Grado,España,8.705
33026 Grado,Extranjero,951
33027 Grandas de Salime,Total,767
33027 Grandas de Salime,España,712
33027 Grandas de Salime,Extranjero,55
33028 Ibias,Total,1.084
33028 Ibias,España,1.028
33028 Ibias,Extranjero,56
33029 Illano,Total,278
33029 Illano,España,261
33029 Illano,Extranjero,17
33030 Illas,Total,1.049
33030 Illas,España,1.013
33030 Illas,Extranjero,36
33031 Langreo,Total,38.615
33031 Langreo,España,35.327
33031 Langreo,Extranjero,3.288
33032 Laviana,Total,12.393
33032 Laviana,España,11.697
33032 Laviana,Extranjero,696
33033 Lena,Total,10.411
33033 Lena,España,9.612
33033 Lena,Extranjero,799
33034 Valdés,Total,10.763
33034 Valdés,España,10.145
33034 Valdés,Extranjero,618
33035 Llanera,Total,14.010
33035 Llanera,España,12.793
33035 Llanera,Extranjero,1.217
33036 Llanes,Total,13.529
33036 Llanes,España,11.524
33036 Llanes,Extranjero,2.005
33037 Mieres,Total,36.368
33037 Mieres,España,33.659
33037 Mieres,Extranjero,2.709
33038 Morcín,Total,2.459
33038 Morcín,España,2.268
33038 Morcín,Extranjero,191
33039 Muros de Nalón,Total,1.953
33039 Muros de Nalón,España,1.826
33039 Muros de Nalón,Extranjero,127
33040 Nava,Total,5.257
33040 Nava,España,4.855
33040 Nava,Extranjero,402
33041 Navia,Total,8.039
33041 Navia,España,7.541
33041 Navia,Extranjero,498
33042 Noreña,Total,5.127
33042 Noreña,España,4.758
33042 Noreña,Extranjero,369
33043 Onís,Total,746
33043 Onís,España,633
33043 Onís,Extranjero,113
33044 Oviedo,Total,223.576
33044 Oviedo,España,187.017
33044 Oviedo,Extranjero,36.559
33045 Parres,Total,5.141
33045 Parres,España,4.537
33045 Parres,Extranjero,604
33046 Peñamellera Alta,Total,496
33046 Peñamellera Alta,España,467
33046 Peñamellera Alta,Extranjero,29
33047 Peñamellera Baja,Total,1.195
33047 Peñamellera Baja,España,1.096
33047 Peñamellera Baja,Extranjero,99
33048 Pesoz,Total,134
33048 Pesoz,España,128
33048 Pesoz,Extranjero,6
33049 Piloña,Total,6.729
33049 Piloña,España,6.167
33049 Piloña,Extranjero,562
33050 Ponga,Total,573
33050 Ponga,España,529
33050 Ponga,Extranjero,44
33051 Pravia,Total,7.786
33051 Pravia,España,7.163
33051 Pravia,Extranjero,623
33052 Proaza,Total,690
33052 Proaza,España,665
33052 Proaza,Extranjero,25
33053 Quirós,Total,1.141
33053 Quirós,España,1.067
33053 Quirós,Extranjero,74
"33054 Regueras, Las",Total,1.881
"33054 Regueras, Las",España,1.786
"33054 Regueras, Las",Extranjero,95
33055 Ribadedeva,Total,1.700
33055 Ribadedeva,España,1.554
33055 Ribadedeva,Extranjero,146
33056 Ribadesella,Total,5.629
33056 Ribadesella,España,4.955
33056 Ribadesella,Extranjero,674
33057 Ribera de Arriba,Total,1.852
33057 Ribera de Arriba,España,1.659
33057 Ribera de Arriba,Extranjero,193
33058 Riosa,Total,1.684
33058 Riosa,España,1.576
33058 Riosa,Extranjero,108
33059 Salas,Total,4.766
33059 Salas,España,4.458
33059 Salas,Extranjero,308
33060 San Martín del Rey Aurelio,Total,15.526
33060 San Martín del Rey Aurelio,España,14.265
33060 San Martín del Rey Aurelio,Extranjero,1.261
33061 San Martín de Oscos,Total,336
33061 San Martín de Oscos,España,324
33061 San Martín de Oscos,Extranjero,12
33062 Santa Eulalia de Oscos,Total,423
33062 Santa Eulalia de Oscos,España,381
33062 Santa Eulalia de Oscos,Extranjero,42
33063 San Tirso de Abres,Total,397
33063 San Tirso de Abres,España,373
33063 San Tirso de Abres,Extranjero,24
33064 Santo Adriano,Total,283
33064 Santo Adriano,España,258
33064 Santo Adriano,Extranjero,25
33065 Sariego,Total,1.251
33065 Sariego,España,1.198
33065 Sariego,Extranjero,53
33066 Siero,Total,52.997
33066 Siero,España,48.492
33066 Siero,Extranjero,4.505
33067 Sobrescobio,Total,842
33067 Sobrescobio,España,787
33067 Sobrescobio,Extranjero,55
33068 Somiedo,Total,1.045
33068 Somiedo,España,988
33068 Somiedo,Extranjero,57
33069 Soto del Barco,Total,3.816
33069 Soto del Barco,España,3.594
33069 Soto del Barco,Extranjero,222
33070 Tapia de Casariego,Total,3.535
33070 Tapia de Casariego,España,3.341
33070 Tapia de Casariego,Extranjero,194
33071 Taramundi,Total,545
33071 Taramundi,España,501
33071 Taramundi,Extranjero,44
33072 Teverga,Total,1.504
33072 Teverga,España,1.408
33072 Teverga,Extranjero,96
33073 Tineo,Total,8.705
33073 Tineo,España,8.088
33073 Tineo,Extranjero,617
33074 Vegadeo,Total,3.938
33074 Vegadeo,España,3.447
33074 Vegadeo,Extranjero,491
33075 Villanueva de Oscos,Total,244
33075 Villanueva de Oscos,España,233
33075 Villanueva de Oscos,Extranjero,11
33076 Villaviciosa,Total,15.386
33076 Villaviciosa,España,13.688
33076 Villaviciosa,Extranjero,1.698
33077 Villayón,Total,1.052
33077 Villayón,España,1.010
33077 Villayón,Extranjero,42
33078 Yernes y Tameza,Total,134
33078 Yernes y Tameza,España,132
33078 Yernes y Tameza,Extranjero,2
34001 Abarca de Campos,Total,38
34001 Abarca de Campos,España,36
34001 Abarca de Campos,Extranjero,2
34003 Abia de las Torres,Total,165
34003 Abia de las Torres,España,156
34003 Abia de las Torres,Extranjero,9
34004 Aguilar de Campoo,Total,6.932
34004 Aguilar de Campoo,España,5.981
34004 Aguilar de Campoo,Extranjero,951
34005 Alar del Rey,Total,912
34005 Alar del Rey,España,791
34005 Alar del Rey,Extranjero,121
34006 Alba de Cerrato,Total,80
34006 Alba de Cerrato,España,79
34006 Alba de Cerrato,Extranjero,1
34009 Amayuelas de Arriba,Total,36
34009 Amayuelas de Arriba,España,35
34009 Amayuelas de Arriba,Extranjero,1
34010 Ampudia,Total,589
34010 Ampudia,España,555
34010 Ampudia,Extranjero,34
34011 Amusco,Total,418
34011 Amusco,España,405
34011 Amusco,Extranjero,13
34012 Antigüedad,Total,332
34012 Antigüedad,España,324
34012 Antigüedad,Extranjero,8
34015 Arconada,Total,45
34015 Arconada,España,45
34015 Arconada,Extranjero,0
34017 Astudillo,Total,1.043
34017 Astudillo,España,986
34017 Astudillo,Extranjero,57
34018 Autilla del Pino,Total,226
34018 Autilla del Pino,España,220
34018 Autilla del Pino,Extranjero,6
34019 Autillo de Campos,Total,125
34019 Autillo de Campos,España,112
34019 Autillo de Campos,Extranjero,13
34020 Ayuela,Total,48
34020 Ayuela,España,47
34020 Ayuela,Extranjero,1
34022 Baltanás,Total,1.225
34022 Baltanás,España,1.143
34022 Baltanás,Extranjero,82
34023 Venta de Baños,Total,6.379
34023 Venta de Baños,España,5.763
34023 Venta de Baños,Extranjero,616
34024 Baquerín de Campos,Total,21
34024 Baquerín de Campos,España,20
34024 Baquerín de Campos,Extranjero,1
34025 Bárcena de Campos,Total,52
34025 Bárcena de Campos,España,49
34025 Bárcena de Campos,Extranjero,3
34027 Barruelo de Santullán,Total,1.168
34027 Barruelo de Santullán,España,1.095
34027 Barruelo de Santullán,Extranjero,73
34028 Báscones de Ojeda,Total,136
34028 Báscones de Ojeda,España,132
34028 Báscones de Ojeda,Extranjero,4
34029 Becerril de Campos,Total,738
34029 Becerril de Campos,España,715
34029 Becerril de Campos,Extranjero,23
34031 Belmonte de Campos,Total,28
34031 Belmonte de Campos,España,26
34031 Belmonte de Campos,Extranjero,2
34032 Berzosilla,Total,45
34032 Berzosilla,España,40
34032 Berzosilla,Extranjero,5
34033 Boada de Campos,Total,17
34033 Boada de Campos,España,17
34033 Boada de Campos,Extranjero,0
34034 Boadilla del Camino,Total,109
34034 Boadilla del Camino,España,105
34034 Boadilla del Camino,Extranjero,4
34035 Boadilla de Rioseco,Total,95
34035 Boadilla de Rioseco,España,87
34035 Boadilla de Rioseco,Extranjero,8
34036 Brañosera,Total,253
34036 Brañosera,España,231
34036 Brañosera,Extranjero,22
34037 Buenavista de Valdavia,Total,291
34037 Buenavista de Valdavia,España,269
34037 Buenavista de Valdavia,Extranjero,22
34038 Bustillo de la Vega,Total,258
34038 Bustillo de la Vega,España,250
34038 Bustillo de la Vega,Extranjero,8
34039 Bustillo del Páramo de Carrión,Total,58
34039 Bustillo del Páramo de Carrión,España,53
34039 Bustillo del Páramo de Carrión,Extranjero,5
34041 Calahorra de Boedo,Total,82
34041 Calahorra de Boedo,España,81
34041 Calahorra de Boedo,Extranjero,1
34042 Calzada de los Molinos,Total,307
34042 Calzada de los Molinos,España,289
34042 Calzada de los Molinos,Extranjero,18
34045 Capillas,Total,68
34045 Capillas,España,66
34045 Capillas,Extranjero,2
34046 Cardeñosa de Volpejera,Total,64
34046 Cardeñosa de Volpejera,España,59
34046 Cardeñosa de Volpejera,Extranjero,5
34047 Carrión de los Condes,Total,1.993
34047 Carrión de los Condes,España,1.717
34047 Carrión de los Condes,Extranjero,276
34048 Castil de Vela,Total,54
34048 Castil de Vela,España,52
34048 Castil de Vela,Extranjero,2
34049 Castrejón de la Peña,Total,322
34049 Castrejón de la Peña,España,320
34049 Castrejón de la Peña,Extranjero,2
34050 Castrillo de Don Juan,Total,184
34050 Castrillo de Don Juan,España,181
34050 Castrillo de Don Juan,Extranjero,3
34051 Castrillo de Onielo,Total,91
34051 Castrillo de Onielo,España,91
34051 Castrillo de Onielo,Extranjero,0
34052 Castrillo de Villavega,Total,167
34052 Castrillo de Villavega,España,162
34052 Castrillo de Villavega,Extranjero,5
34053 Castromocho,Total,193
34053 Castromocho,España,189
34053 Castromocho,Extranjero,4
34055 Cervatos de la Cueza,Total,242
34055 Cervatos de la Cueza,España,230
34055 Cervatos de la Cueza,Extranjero,12
34056 Cervera de Pisuerga,Total,2.276
34056 Cervera de Pisuerga,España,2.033
34056 Cervera de Pisuerga,Extranjero,243
34057 Cevico de la Torre,Total,466
34057 Cevico de la Torre,España,448
34057 Cevico de la Torre,Extranjero,18
34058 Cevico Navero,Total,175
34058 Cevico Navero,España,163
34058 Cevico Navero,Extranjero,12
34059 Cisneros,Total,426
34059 Cisneros,España,393
34059 Cisneros,Extranjero,33
34060 Cobos de Cerrato,Total,129
34060 Cobos de Cerrato,España,126
34060 Cobos de Cerrato,Extranjero,3
34061 Collazos de Boedo,Total,89
34061 Collazos de Boedo,España,88
34061 Collazos de Boedo,Extranjero,1
34062 Congosto de Valdavia,Total,132
34062 Congosto de Valdavia,España,128
34062 Congosto de Valdavia,Extranjero,4
34063 Cordovilla la Real,Total,134
34063 Cordovilla la Real,España,103
34063 Cordovilla la Real,Extranjero,31
34066 Cubillas de Cerrato,Total,59
34066 Cubillas de Cerrato,España,57
34066 Cubillas de Cerrato,Extranjero,2
34067 Dehesa de Montejo,Total,130
34067 Dehesa de Montejo,España,128
34067 Dehesa de Montejo,Extranjero,2
34068 Dehesa de Romanos,Total,40
34068 Dehesa de Romanos,España,33
34068 Dehesa de Romanos,Extranjero,7
34069 Dueñas,Total,2.604
34069 Dueñas,España,2.377
34069 Dueñas,Extranjero,227
34070 Espinosa de Cerrato,Total,119
34070 Espinosa de Cerrato,España,108
34070 Espinosa de Cerrato,Extranjero,11
34071 Espinosa de Villagonzalo,Total,164
34071 Espinosa de Villagonzalo,España,145
34071 Espinosa de Villagonzalo,Extranjero,19
34072 Frechilla,Total,137
34072 Frechilla,España,124
34072 Frechilla,Extranjero,13
34073 Fresno del Río,Total,169
34073 Fresno del Río,España,165
34073 Fresno del Río,Extranjero,4
34074 Frómista,Total,725
34074 Frómista,España,681
34074 Frómista,Extranjero,44
34076 Fuentes de Nava,Total,582
34076 Fuentes de Nava,España,543
34076 Fuentes de Nava,Extranjero,39
34077 Fuentes de Valdepero,Total,494
34077 Fuentes de Valdepero,España,452
34077 Fuentes de Valdepero,Extranjero,42
34079 Grijota,Total,2.838
34079 Grijota,España,2.657
34079 Grijota,Extranjero,181
34080 Guardo,Total,5.500
34080 Guardo,España,5.236
34080 Guardo,Extranjero,264
34081 Guaza de Campos,Total,57
34081 Guaza de Campos,España,56
34081 Guaza de Campos,Extranjero,1
34082 Hérmedes de Cerrato,Total,72
34082 Hérmedes de Cerrato,España,72
34082 Hérmedes de Cerrato,Extranjero,0
34083 Herrera de Pisuerga,Total,1.873
34083 Herrera de Pisuerga,España,1.701
34083 Herrera de Pisuerga,Extranjero,172
34084 Herrera de Valdecañas,Total,150
34084 Herrera de Valdecañas,España,146
34084 Herrera de Valdecañas,Extranjero,4
34086 Hontoria de Cerrato,Total,107
34086 Hontoria de Cerrato,España,104
34086 Hontoria de Cerrato,Extranjero,3
34087 Hornillos de Cerrato,Total,172
34087 Hornillos de Cerrato,España,156
34087 Hornillos de Cerrato,Extranjero,16
34088 Husillos,Total,413
34088 Husillos,España,383
34088 Husillos,Extranjero,30
34089 Itero de la Vega,Total,147
34089 Itero de la Vega,España,141
34089 Itero de la Vega,Extranjero,6
34091 Lagartos,Total,117
34091 Lagartos,España,114
34091 Lagartos,Extranjero,3
34092 Lantadilla,Total,278
34092 Lantadilla,España,272
34092 Lantadilla,Extranjero,6
"34093 Vid de Ojeda, La",Total,85
"34093 Vid de Ojeda, La",España,81
"34093 Vid de Ojeda, La",Extranjero,4
34094 Ledigos,Total,59
34094 Ledigos,España,54
34094 Ledigos,Extranjero,5
34096 Lomas,Total,40
34096 Lomas,España,40
34096 Lomas,Extranjero,0
34098 Magaz de Pisuerga,Total,1.065
34098 Magaz de Pisuerga,España,943
34098 Magaz de Pisuerga,Extranjero,122
34099 Manquillos,Total,62
34099 Manquillos,España,52
34099 Manquillos,Extranjero,10
34100 Mantinos,Total,142
34100 Mantinos,España,136
34100 Mantinos,Extranjero,6
34101 Marcilla de Campos,Total,60
34101 Marcilla de Campos,España,60
34101 Marcilla de Campos,Extranjero,0
34102 Mazariegos,Total,202
34102 Mazariegos,España,200
34102 Mazariegos,Extranjero,2
34103 Mazuecos de Valdeginate,Total,78
34103 Mazuecos de Valdeginate,España,78
34103 Mazuecos de Valdeginate,Extranjero,0
34104 Melgar de Yuso,Total,273
34104 Melgar de Yuso,España,257
34104 Melgar de Yuso,Extranjero,16
34106 Meneses de Campos,Total,109
34106 Meneses de Campos,España,94
34106 Meneses de Campos,Extranjero,15
34107 Micieces de Ojeda,Total,67
34107 Micieces de Ojeda,España,66
34107 Micieces de Ojeda,Extranjero,1
34108 Monzón de Campos,Total,609
34108 Monzón de Campos,España,557
34108 Monzón de Campos,Extranjero,52
34109 Moratinos,Total,55
34109 Moratinos,España,46
34109 Moratinos,Extranjero,9
34110 Mudá,Total,81
34110 Mudá,España,75
34110 Mudá,Extranjero,6
34112 Nogal de las Huertas,Total,47
34112 Nogal de las Huertas,España,47
34112 Nogal de las Huertas,Extranjero,0
34113 Olea de Boedo,Total,39
34113 Olea de Boedo,España,39
34113 Olea de Boedo,Extranjero,0
34114 Olmos de Ojeda,Total,165
34114 Olmos de Ojeda,España,157
34114 Olmos de Ojeda,Extranjero,8
34116 Osornillo,Total,57
34116 Osornillo,España,57
34116 Osornillo,Extranjero,0
34120 Palencia,Total,77.369
34120 Palencia,España,68.904
34120 Palencia,Extranjero,8.465
34121 Palenzuela,Total,213
34121 Palenzuela,España,176
34121 Palenzuela,Extranjero,37
34122 Páramo de Boedo,Total,104
34122 Páramo de Boedo,España,83
34122 Páramo de Boedo,Extranjero,21
34123 Paredes de Nava,Total,1.929
34123 Paredes de Nava,España,1.692
34123 Paredes de Nava,Extranjero,237
34124 Payo de Ojeda,Total,59
34124 Payo de Ojeda,España,54
34124 Payo de Ojeda,Extranjero,5
34125 Pedraza de Campos,Total,73
34125 Pedraza de Campos,España,70
34125 Pedraza de Campos,Extranjero,3
34126 Pedrosa de la Vega,Total,281
34126 Pedrosa de la Vega,España,253
34126 Pedrosa de la Vega,Extranjero,28
34127 Perales,Total,112
34127 Perales,España,108
34127 Perales,Extranjero,4
34129 Pino del Río,Total,162
34129 Pino del Río,España,155
34129 Pino del Río,Extranjero,7
34130 Piña de Campos,Total,186
34130 Piña de Campos,España,182
34130 Piña de Campos,Extranjero,4
34131 Población de Arroyo,Total,44
34131 Población de Arroyo,España,42
34131 Población de Arroyo,Extranjero,2
34132 Población de Campos,Total,119
34132 Población de Campos,España,108
34132 Población de Campos,Extranjero,11
34133 Población de Cerrato,Total,104
34133 Población de Cerrato,España,100
34133 Población de Cerrato,Extranjero,4
34134 Polentinos,Total,41
34134 Polentinos,España,39
34134 Polentinos,Extranjero,2
34135 Pomar de Valdivia,Total,487
34135 Pomar de Valdivia,España,447
34135 Pomar de Valdivia,Extranjero,40
34136 Poza de la Vega,Total,161
34136 Poza de la Vega,España,151
34136 Poza de la Vega,Extranjero,10
34137 Pozo de Urama,Total,21
34137 Pozo de Urama,España,21
34137 Pozo de Urama,Extranjero,0
34139 Prádanos de Ojeda,Total,180
34139 Prádanos de Ojeda,España,162
34139 Prádanos de Ojeda,Extranjero,18
"34140 Puebla de Valdavia, La",Total,79
"34140 Puebla de Valdavia, La",España,78
"34140 Puebla de Valdavia, La",Extranjero,1
34141 Quintana del Puente,Total,255
34141 Quintana del Puente,España,200
34141 Quintana del Puente,Extranjero,55
34143 Quintanilla de Onsoña,Total,168
34143 Quintanilla de Onsoña,España,162
34143 Quintanilla de Onsoña,Extranjero,6
34146 Reinoso de Cerrato,Total,58
34146 Reinoso de Cerrato,España,55
34146 Reinoso de Cerrato,Extranjero,3
34147 Renedo de la Vega,Total,194
34147 Renedo de la Vega,España,189
34147 Renedo de la Vega,Extranjero,5
34149 Requena de Campos,Total,27
34149 Requena de Campos,España,26
34149 Requena de Campos,Extranjero,1
34151 Respenda de la Peña,Total,140
34151 Respenda de la Peña,España,138
34151 Respenda de la Peña,Extranjero,2
34152 Revenga de Campos,Total,127
34152 Revenga de Campos,España,106
34152 Revenga de Campos,Extranjero,21
34154 Revilla de Collazos,Total,75
34154 Revilla de Collazos,España,75
34154 Revilla de Collazos,Extranjero,0
34155 Ribas de Campos,Total,149
34155 Ribas de Campos,España,127
34155 Ribas de Campos,Extranjero,22
34156 Riberos de la Cueza,Total,52
34156 Riberos de la Cueza,España,52
34156 Riberos de la Cueza,Extranjero,0
34157 Saldaña,Total,2.848
34157 Saldaña,España,2.501
34157 Saldaña,Extranjero,347
34158 Salinas de Pisuerga,Total,346
34158 Salinas de Pisuerga,España,318
34158 Salinas de Pisuerga,Extranjero,28
34159 San Cebrián de Campos,Total,402
34159 San Cebrián de Campos,España,374
34159 San Cebrián de Campos,Extranjero,28
34160 San Cebrián de Mudá,Total,142
34160 San Cebrián de Mudá,España,136
34160 San Cebrián de Mudá,Extranjero,6
34161 San Cristóbal de Boedo,Total,20
34161 San Cristóbal de Boedo,España,20
34161 San Cristóbal de Boedo,Extranjero,0
34163 San Mamés de Campos,Total,44
34163 San Mamés de Campos,España,41
34163 San Mamés de Campos,Extranjero,3
34165 San Román de la Cuba,Total,53
34165 San Román de la Cuba,España,49
34165 San Román de la Cuba,Extranjero,4
34167 Santa Cecilia del Alcor,Total,91
34167 Santa Cecilia del Alcor,España,90
34167 Santa Cecilia del Alcor,Extranjero,1
34168 Santa Cruz de Boedo,Total,51
34168 Santa Cruz de Boedo,España,48
34168 Santa Cruz de Boedo,Extranjero,3
34169 Santervás de la Vega,Total,391
34169 Santervás de la Vega,España,352
34169 Santervás de la Vega,Extranjero,39
34170 Santibáñez de Ecla,Total,42
34170 Santibáñez de Ecla,España,38
34170 Santibáñez de Ecla,Extranjero,4
34171 Santibáñez de la Peña,Total,892
34171 Santibáñez de la Peña,España,867
34171 Santibáñez de la Peña,Extranjero,25
34174 Santoyo,Total,186
34174 Santoyo,España,182
34174 Santoyo,Extranjero,4
"34175 Serna, La",Total,90
"34175 Serna, La",España,85
"34175 Serna, La",Extranjero,5
34176 Sotobañado y Priorato,Total,154
34176 Sotobañado y Priorato,España,150
34176 Sotobañado y Priorato,Extranjero,4
34177 Soto de Cerrato,Total,167
34177 Soto de Cerrato,España,166
34177 Soto de Cerrato,Extranjero,1
34178 Tabanera de Cerrato,Total,132
34178 Tabanera de Cerrato,España,114
34178 Tabanera de Cerrato,Extranjero,18
34179 Tabanera de Valdavia,Total,21
34179 Tabanera de Valdavia,España,21
34179 Tabanera de Valdavia,Extranjero,0
34180 Támara de Campos,Total,71
34180 Támara de Campos,España,71
34180 Támara de Campos,Extranjero,0
34181 Tariego de Cerrato,Total,506
34181 Tariego de Cerrato,España,469
34181 Tariego de Cerrato,Extranjero,37
34182 Torquemada,Total,967
34182 Torquemada,España,857
34182 Torquemada,Extranjero,110
34184 Torremormojón,Total,41
34184 Torremormojón,España,35
34184 Torremormojón,Extranjero,6
34185 Triollo,Total,73
34185 Triollo,España,69
34185 Triollo,Extranjero,4
34186 Valbuena de Pisuerga,Total,49
34186 Valbuena de Pisuerga,España,45
34186 Valbuena de Pisuerga,Extranjero,4
34189 Valdeolmillos,Total,57
34189 Valdeolmillos,España,54
34189 Valdeolmillos,Extranjero,3
34190 Valderrábano,Total,47
34190 Valderrábano,España,47
34190 Valderrábano,Extranjero,0
34192 Valde-Ucieza,Total,77
34192 Valde-Ucieza,España,75
34192 Valde-Ucieza,Extranjero,2
34196 Valle de Cerrato,Total,77
34196 Valle de Cerrato,España,76
34196 Valle de Cerrato,Extranjero,1
34199 Velilla del Río Carrión,Total,1.104
34199 Velilla del Río Carrión,España,1.082
34199 Velilla del Río Carrión,Extranjero,22
34201 Vertavillo,Total,162
34201 Vertavillo,España,158
34201 Vertavillo,Extranjero,4
34202 Villabasta de Valdavia,Total,32
34202 Villabasta de Valdavia,España,27
34202 Villabasta de Valdavia,Extranjero,5
34204 Villacidaler,Total,44
34204 Villacidaler,España,43
34204 Villacidaler,Extranjero,1
34205 Villaconancio,Total,48
34205 Villaconancio,España,47
34205 Villaconancio,Extranjero,1
34206 Villada,Total,862
34206 Villada,España,819
34206 Villada,Extranjero,43
34208 Villaeles de Valdavia,Total,47
34208 Villaeles de Valdavia,España,47
34208 Villaeles de Valdavia,Extranjero,0
34210 Villahán,Total,96
34210 Villahán,España,90
34210 Villahán,Extranjero,6
34211 Villaherreros,Total,214
34211 Villaherreros,España,193
34211 Villaherreros,Extranjero,21
34213 Villalaco,Total,67
34213 Villalaco,España,56
34213 Villalaco,Extranjero,11
34214 Villalba de Guardo,Total,194
34214 Villalba de Guardo,España,188
34214 Villalba de Guardo,Extranjero,6
34215 Villalcázar de Sirga,Total,160
34215 Villalcázar de Sirga,España,144
34215 Villalcázar de Sirga,Extranjero,16
34216 Villalcón,Total,45
34216 Villalcón,España,44
34216 Villalcón,Extranjero,1
34217 Villalobón,Total,1.956
34217 Villalobón,España,1.838
34217 Villalobón,Extranjero,118
34218 Villaluenga de la Vega,Total,519
34218 Villaluenga de la Vega,España,440
34218 Villaluenga de la Vega,Extranjero,79
34220 Villamartín de Campos,Total,168
34220 Villamartín de Campos,España,144
34220 Villamartín de Campos,Extranjero,24
34221 Villamediana,Total,177
34221 Villamediana,España,176
34221 Villamediana,Extranjero,1
34222 Villameriel,Total,109
34222 Villameriel,España,96
34222 Villameriel,Extranjero,13
34223 Villamoronta,Total,241
34223 Villamoronta,España,204
34223 Villamoronta,Extranjero,37
34224 Villamuera de la Cueza,Total,36
34224 Villamuera de la Cueza,España,36
34224 Villamuera de la Cueza,Extranjero,0
34225 Villamuriel de Cerrato,Total,6.496
34225 Villamuriel de Cerrato,España,5.888
34225 Villamuriel de Cerrato,Extranjero,608
34227 Villanueva del Rebollar,Total,67
34227 Villanueva del Rebollar,España,66
34227 Villanueva del Rebollar,Extranjero,1
34228 Villanuño de Valdavia,Total,92
34228 Villanuño de Valdavia,España,81
34228 Villanuño de Valdavia,Extranjero,11
34229 Villaprovedo,Total,46
34229 Villaprovedo,España,44
34229 Villaprovedo,Extranjero,2
34230 Villarmentero de Campos,Total,26
34230 Villarmentero de Campos,España,24
34230 Villarmentero de Campos,Extranjero,2
34231 Villarrabé,Total,171
34231 Villarrabé,España,170
34231 Villarrabé,Extranjero,1
34232 Villarramiel,Total,781
34232 Villarramiel,España,731
34232 Villarramiel,Extranjero,50
34233 Villasarracino,Total,127
34233 Villasarracino,España,118
34233 Villasarracino,Extranjero,9
34234 Villasila de Valdavia,Total,64
34234 Villasila de Valdavia,España,64
34234 Villasila de Valdavia,Extranjero,0
34236 Villaturde,Total,148
34236 Villaturde,España,140
34236 Villaturde,Extranjero,8
34237 Villaumbrales,Total,629
34237 Villaumbrales,España,599
34237 Villaumbrales,Extranjero,30
34238 Villaviudas,Total,358
34238 Villaviudas,España,323
34238 Villaviudas,Extranjero,35
34240 Villerías de Campos,Total,74
34240 Villerías de Campos,España,72
34240 Villerías de Campos,Extranjero,2
34241 Villodre,Total,22
34241 Villodre,España,20
34241 Villodre,Extranjero,2
34242 Villodrigo,Total,100
34242 Villodrigo,España,82
34242 Villodrigo,Extranjero,18
34243 Villoldo,Total,334
34243 Villoldo,España,313
34243 Villoldo,Extranjero,21
34245 Villota del Páramo,Total,295
34245 Villota del Páramo,España,290
34245 Villota del Páramo,Extranjero,5
34246 Villovieco,Total,62
34246 Villovieco,España,55
34246 Villovieco,Extranjero,7
34901 Osorno la Mayor,Total,1.178
34901 Osorno la Mayor,España,1.063
34901 Osorno la Mayor,Extranjero,115
34902 Valle del Retortillo,Total,155
34902 Valle del Retortillo,España,145
34902 Valle del Retortillo,Extranjero,10
34903 Loma de Ucieza,Total,196
34903 Loma de Ucieza,España,184
34903 Loma de Ucieza,Extranjero,12
"34904 Pernía, La",Total,296
"34904 Pernía, La",España,293
"34904 Pernía, La",Extranjero,3
35001 Agaete,Total,5.711
35001 Agaete,España,5.132
35001 Agaete,Extranjero,579
35002 Agüimes,Total,33.875
35002 Agüimes,España,28.969
35002 Agüimes,Extranjero,4.906
35003 Antigua,Total,14.027
35003 Antigua,España,7.023
35003 Antigua,Extranjero,7.004
35004 Arrecife,Total,70.265
35004 Arrecife,España,43.948
35004 Arrecife,Extranjero,26.317
35005 Artenara,Total,1.027
35005 Artenara,España,962
35005 Artenara,Extranjero,65
35006 Arucas,Total,39.193
35006 Arucas,España,36.640
35006 Arucas,Extranjero,2.553
35007 Betancuria,Total,805
35007 Betancuria,España,656
35007 Betancuria,Extranjero,149
35008 Firgas,Total,7.757
35008 Firgas,España,7.368
35008 Firgas,Extranjero,389
35009 Gáldar,Total,25.167
35009 Gáldar,España,23.530
35009 Gáldar,Extranjero,1.637
35010 Haría,Total,5.650
35010 Haría,España,4.543
35010 Haría,Extranjero,1.107
35011 Ingenio,Total,32.846
35011 Ingenio,España,29.329
35011 Ingenio,Extranjero,3.517
35012 Mogán,Total,21.403
35012 Mogán,España,12.528
35012 Mogán,Extranjero,8.875
35013 Moya,Total,8.002
35013 Moya,España,7.440
35013 Moya,Extranjero,562
"35014 Oliva, La",Total,29.864
"35014 Oliva, La",España,14.599
"35014 Oliva, La",Extranjero,15.265
35015 Pájara,Total,21.254
35015 Pájara,España,12.008
35015 Pájara,Extranjero,9.246
"35016 Palmas de Gran Canaria, Las",Total,384.023
"35016 Palmas de Gran Canaria, Las",España,320.472
"35016 Palmas de Gran Canaria, Las",Extranjero,63.551
35017 Puerto del Rosario,Total,46.182
35017 Puerto del Rosario,España,31.968
35017 Puerto del Rosario,Extranjero,14.214
35018 San Bartolomé,Total,19.744
35018 San Bartolomé,España,15.569
35018 San Bartolomé,Extranjero,4.175
35019 San Bartolomé de Tirajana,Total,54.925
35019 San Bartolomé de Tirajana,España,35.723
35019 San Bartolomé de Tirajana,Extranjero,19.202
"35020 Aldea de San Nicolás, La",Total,7.425
"35020 Aldea de San Nicolás, La",España,6.616
"35020 Aldea de San Nicolás, La",Extranjero,809
35021 Santa Brígida,Total,18.790
35021 Santa Brígida,España,17.041
35021 Santa Brígida,Extranjero,1.749
35022 Santa Lucía de Tirajana,Total,79.506
35022 Santa Lucía de Tirajana,España,56.449
35022 Santa Lucía de Tirajana,Extranjero,23.057
35023 Santa María de Guía de Gran Canaria,Total,14.334
35023 Santa María de Guía de Gran Canaria,España,13.206
35023 Santa María de Guía de Gran Canaria,Extranjero,1.128
35024 Teguise,Total,23.946
35024 Teguise,España,18.183
35024 Teguise,Extranjero,5.763
35025 Tejeda,Total,1.816
35025 Tejeda,España,1.705
35025 Tejeda,Extranjero,111
35026 Telde,Total,104.933
35026 Telde,España,95.950
35026 Telde,Extranjero,8.983
35027 Teror,Total,13.244
35027 Teror,España,12.269
35027 Teror,Extranjero,975
35028 Tías,Total,21.671
35028 Tías,España,12.101
35028 Tías,Extranjero,9.570
35029 Tinajo,Total,6.904
35029 Tinajo,España,5.759
35029 Tinajo,Extranjero,1.145
35030 Tuineje,Total,16.948
35030 Tuineje,España,12.109
35030 Tuineje,Extranjero,4.839
35031 Valsequillo de Gran Canaria,Total,9.919
35031 Valsequillo de Gran Canaria,España,8.945
35031 Valsequillo de Gran Canaria,Extranjero,974
35032 Valleseco,Total,3.789
35032 Valleseco,España,3.600
35032 Valleseco,Extranjero,189
35033 Vega de San Mateo,Total,7.904
35033 Vega de San Mateo,España,7.323
35033 Vega de San Mateo,Extranjero,581
35034 Yaiza,Total,18.698
35034 Yaiza,España,9.364
35034 Yaiza,Extranjero,9.334
36001 Arbo,Total,2.630
36001 Arbo,España,2.448
36001 Arbo,Extranjero,182
36002 Barro,Total,3.686
36002 Barro,España,3.503
36002 Barro,Extranjero,183
36003 Baiona,Total,12.366
36003 Baiona,España,11.243
36003 Baiona,Extranjero,1.123
36004 Bueu,Total,11.829
36004 Bueu,España,11.412
36004 Bueu,Extranjero,417
36005 Caldas de Reis,Total,9.631
36005 Caldas de Reis,España,8.851
36005 Caldas de Reis,Extranjero,780
36006 Cambados,Total,13.863
36006 Cambados,España,12.668
36006 Cambados,Extranjero,1.195
36007 Campo Lameiro,Total,1.659
36007 Campo Lameiro,España,1.587
36007 Campo Lameiro,Extranjero,72
36008 Cangas,Total,26.698
36008 Cangas,España,24.968
36008 Cangas,Extranjero,1.730
"36009 Cañiza, A",Total,5.007
"36009 Cañiza, A",España,4.522
"36009 Cañiza, A",Extranjero,485
36010 Catoira,Total,3.275
36010 Catoira,España,3.123
36010 Catoira,Extranjero,152
36013 Covelo,Total,2.466
36013 Covelo,España,2.149
36013 Covelo,Extranjero,317
36014 Crecente,Total,1.924
36014 Crecente,España,1.749
36014 Crecente,Extranjero,175
36015 Cuntis,Total,4.450
36015 Cuntis,España,4.172
36015 Cuntis,Extranjero,278
36016 Dozón,Total,949
36016 Dozón,España,907
36016 Dozón,Extranjero,42
"36017 Estrada, A",Total,20.101
"36017 Estrada, A",España,18.249
"36017 Estrada, A",Extranjero,1.852
36018 Forcarei,Total,3.065
36018 Forcarei,España,2.809
36018 Forcarei,Extranjero,256
36019 Fornelos de Montes,Total,1.606
36019 Fornelos de Montes,España,1.467
36019 Fornelos de Montes,Extranjero,139
36020 Agolada,Total,2.225
36020 Agolada,España,2.081
36020 Agolada,Extranjero,144
36021 Gondomar,Total,15.109
36021 Gondomar,España,14.106
36021 Gondomar,Extranjero,1.003
"36022 Grove, O",Total,10.877
"36022 Grove, O",España,9.789
"36022 Grove, O",Extranjero,1.088
"36023 Guarda, A",Total,9.994
"36023 Guarda, A",España,8.800
"36023 Guarda, A",Extranjero,1.194
36024 Lalín,Total,20.255
36024 Lalín,España,17.027
36024 Lalín,Extranjero,3.228
"36025 Lama, A",Total,2.451
"36025 Lama, A",España,1.868
"36025 Lama, A",Extranjero,583
36026 Marín,Total,23.976
36026 Marín,España,22.060
36026 Marín,Extranjero,1.916
36027 Meaño,Total,5.235
36027 Meaño,España,4.927
36027 Meaño,Extranjero,308
36028 Meis,Total,4.682
36028 Meis,España,4.415
36028 Meis,Extranjero,267
36029 Moaña,Total,19.316
36029 Moaña,España,18.415
36029 Moaña,Extranjero,901
36030 Mondariz,Total,4.452
36030 Mondariz,España,4.134
36030 Mondariz,Extranjero,318
36031 Mondariz-Balneario,Total,740
36031 Mondariz-Balneario,España,653
36031 Mondariz-Balneario,Extranjero,87
36032 Moraña,Total,4.139
36032 Moraña,España,3.913
36032 Moraña,Extranjero,226
36033 Mos,Total,15.221
36033 Mos,España,14.070
36033 Mos,Extranjero,1.151
"36034 Neves, As",Total,3.655
"36034 Neves, As",España,3.378
"36034 Neves, As",Extranjero,277
36035 Nigrán,Total,18.156
36035 Nigrán,España,16.522
36035 Nigrán,Extranjero,1.634
36036 Oia,Total,3.062
36036 Oia,España,2.826
36036 Oia,Extranjero,236
36037 Pazos de Borbén,Total,3.048
36037 Pazos de Borbén,España,2.880
36037 Pazos de Borbén,Extranjero,168
36038 Pontevedra,Total,83.339
36038 Pontevedra,España,73.470
36038 Pontevedra,Extranjero,9.869
"36039 Porriño, O",Total,20.935
"36039 Porriño, O",España,18.296
"36039 Porriño, O",Extranjero,2.639
36040 Portas,Total,2.753
36040 Portas,España,2.638
36040 Portas,Extranjero,115
36041 Poio,Total,17.426
36041 Poio,España,15.775
36041 Poio,Extranjero,1.651
36042 Ponteareas,Total,23.206
36042 Ponteareas,España,20.676
36042 Ponteareas,Extranjero,2.530
36043 Ponte Caldelas,Total,5.589
36043 Ponte Caldelas,España,5.027
36043 Ponte Caldelas,Extranjero,562
36044 Pontecesures,Total,3.073
36044 Pontecesures,España,2.908
36044 Pontecesures,Extranjero,165
36045 Redondela,Total,28.928
36045 Redondela,España,26.978
36045 Redondela,Extranjero,1.950
36046 Ribadumia,Total,5.171
36046 Ribadumia,España,4.803
36046 Ribadumia,Extranjero,368
36047 Rodeiro,Total,2.251
36047 Rodeiro,España,2.031
36047 Rodeiro,Extranjero,220
"36048 Rosal, O",Total,6.573
"36048 Rosal, O",España,6.045
"36048 Rosal, O",Extranjero,528
36049 Salceda de Caselas,Total,9.399
36049 Salceda de Caselas,España,8.472
36049 Salceda de Caselas,Extranjero,927
36050 Salvaterra de Miño,Total,10.632
36050 Salvaterra de Miño,España,8.967
36050 Salvaterra de Miño,Extranjero,1.665
36051 Sanxenxo,Total,17.990
36051 Sanxenxo,España,16.281
36051 Sanxenxo,Extranjero,1.709
36052 Silleda,Total,8.908
36052 Silleda,España,7.711
36052 Silleda,Extranjero,1.197
36053 Soutomaior,Total,7.568
36053 Soutomaior,España,6.901
36053 Soutomaior,Extranjero,667
36054 Tomiño,Total,13.814
36054 Tomiño,España,12.441
36054 Tomiño,Extranjero,1.373
36055 Tui,Total,17.499
36055 Tui,España,15.202
36055 Tui,Extranjero,2.297
36056 Valga,Total,5.780
36056 Valga,España,5.429
36056 Valga,Extranjero,351
36057 Vigo,Total,295.735
36057 Vigo,España,251.332
36057 Vigo,Extranjero,44.403
36058 Vilaboa,Total,5.860
36058 Vilaboa,España,5.546
36058 Vilaboa,Extranjero,314
36059 Vila de Cruces,Total,4.965
36059 Vila de Cruces,España,4.534
36059 Vila de Cruces,Extranjero,431
36060 Vilagarcía de Arousa,Total,37.975
36060 Vilagarcía de Arousa,España,33.468
36060 Vilagarcía de Arousa,Extranjero,4.507
36061 Vilanova de Arousa,Total,10.182
36061 Vilanova de Arousa,España,9.467
36061 Vilanova de Arousa,Extranjero,715
"36901 Illa de Arousa, A",Total,4.813
"36901 Illa de Arousa, A",España,4.576
"36901 Illa de Arousa, A",Extranjero,237
36902 Cerdedo-Cotobade,Total,5.656
36902 Cerdedo-Cotobade,España,5.263
36902 Cerdedo-Cotobade,Extranjero,393
37001 Abusejo,Total,148
37001 Abusejo,España,143
37001 Abusejo,Extranjero,5
37002 Agallas,Total,123
37002 Agallas,España,119
37002 Agallas,Extranjero,4
37003 Ahigal de los Aceiteros,Total,93
37003 Ahigal de los Aceiteros,España,91
37003 Ahigal de los Aceiteros,Extranjero,2
37004 Ahigal de Villarino,Total,30
37004 Ahigal de Villarino,España,27
37004 Ahigal de Villarino,Extranjero,3
"37005 Alameda de Gardón, La",Total,67
"37005 Alameda de Gardón, La",España,64
"37005 Alameda de Gardón, La",Extranjero,3
"37006 Alamedilla, La",Total,94
"37006 Alamedilla, La",España,83
"37006 Alamedilla, La",Extranjero,11
37007 Alaraz,Total,444
37007 Alaraz,España,421
37007 Alaraz,Extranjero,23
37008 Alba de Tormes,Total,5.100
37008 Alba de Tormes,España,4.763
37008 Alba de Tormes,Extranjero,337
37009 Alba de Yeltes,Total,204
37009 Alba de Yeltes,España,192
37009 Alba de Yeltes,Extranjero,12
"37010 Alberca, La",Total,1.035
"37010 Alberca, La",España,947
"37010 Alberca, La",Extranjero,88
"37011 Alberguería de Argañán, La",Total,94
"37011 Alberguería de Argañán, La",España,85
"37011 Alberguería de Argañán, La",Extranjero,9
37012 Alconada,Total,130
37012 Alconada,España,130
37012 Alconada,Extranjero,0
37013 Aldeacipreste,Total,89
37013 Aldeacipreste,España,88
37013 Aldeacipreste,Extranjero,1
37014 Aldeadávila de la Ribera,Total,1.096
37014 Aldeadávila de la Ribera,España,1.047
37014 Aldeadávila de la Ribera,Extranjero,49
37015 Aldea del Obispo,Total,247
37015 Aldea del Obispo,España,178
37015 Aldea del Obispo,Extranjero,69
37016 Aldealengua,Total,730
37016 Aldealengua,España,664
37016 Aldealengua,Extranjero,66
37017 Aldeanueva de Figueroa,Total,237
37017 Aldeanueva de Figueroa,España,214
37017 Aldeanueva de Figueroa,Extranjero,23
37018 Aldeanueva de la Sierra,Total,88
37018 Aldeanueva de la Sierra,España,86
37018 Aldeanueva de la Sierra,Extranjero,2
37019 Aldearrodrigo,Total,143
37019 Aldearrodrigo,España,141
37019 Aldearrodrigo,Extranjero,2
37020 Aldearrubia,Total,519
37020 Aldearrubia,España,495
37020 Aldearrubia,Extranjero,24
37021 Aldeaseca de Alba,Total,65
37021 Aldeaseca de Alba,España,64
37021 Aldeaseca de Alba,Extranjero,1
37022 Aldeaseca de la Frontera,Total,243
37022 Aldeaseca de la Frontera,España,236
37022 Aldeaseca de la Frontera,Extranjero,7
37023 Aldeatejada,Total,2.666
37023 Aldeatejada,España,2.531
37023 Aldeatejada,Extranjero,135
37024 Aldeavieja de Tormes,Total,100
37024 Aldeavieja de Tormes,España,96
37024 Aldeavieja de Tormes,Extranjero,4
37025 Aldehuela de la Bóveda,Total,259
37025 Aldehuela de la Bóveda,España,251
37025 Aldehuela de la Bóveda,Extranjero,8
37026 Aldehuela de Yeltes,Total,175
37026 Aldehuela de Yeltes,España,165
37026 Aldehuela de Yeltes,Extranjero,10
37027 Almenara de Tormes,Total,300
37027 Almenara de Tormes,España,271
37027 Almenara de Tormes,Extranjero,29
37028 Almendra,Total,129
37028 Almendra,España,123
37028 Almendra,Extranjero,6
37029 Anaya de Alba,Total,191
37029 Anaya de Alba,España,186
37029 Anaya de Alba,Extranjero,5
37030 Añover de Tormes,Total,84
37030 Añover de Tormes,España,84
37030 Añover de Tormes,Extranjero,0
37031 Arabayona de Mógica,Total,318
37031 Arabayona de Mógica,España,310
37031 Arabayona de Mógica,Extranjero,8
37032 Arapiles,Total,748
37032 Arapiles,España,711
37032 Arapiles,Extranjero,37
37033 Arcediano,Total,89
37033 Arcediano,España,75
37033 Arcediano,Extranjero,14
"37034 Arco, El",Total,85
"37034 Arco, El",España,74
"37034 Arco, El",Extranjero,11
37035 Armenteros,Total,159
37035 Armenteros,España,134
37035 Armenteros,Extranjero,25
37036 San Miguel del Robledo,Total,52
37036 San Miguel del Robledo,España,52
37036 San Miguel del Robledo,Extranjero,0
"37037 Atalaya, La",Total,102
"37037 Atalaya, La",España,102
"37037 Atalaya, La",Extranjero,0
37038 Babilafuente,Total,933
37038 Babilafuente,España,873
37038 Babilafuente,Extranjero,60
37039 Bañobárez,Total,277
37039 Bañobárez,España,258
37039 Bañobárez,Extranjero,19
37040 Barbadillo,Total,395
37040 Barbadillo,España,384
37040 Barbadillo,Extranjero,11
37041 Barbalos,Total,70
37041 Barbalos,España,67
37041 Barbalos,Extranjero,3
37042 Barceo,Total,45
37042 Barceo,España,44
37042 Barceo,Extranjero,1
37044 Barruecopardo,Total,410
37044 Barruecopardo,España,391
37044 Barruecopardo,Extranjero,19
"37045 Bastida, La",Total,23
"37045 Bastida, La",España,22
"37045 Bastida, La",Extranjero,1
37046 Béjar,Total,11.990
37046 Béjar,España,10.898
37046 Béjar,Extranjero,1.092
37047 Beleña,Total,262
37047 Beleña,España,210
37047 Beleña,Extranjero,52
37049 Bermellar,Total,131
37049 Bermellar,España,125
37049 Bermellar,Extranjero,6
37050 Berrocal de Huebra,Total,75
37050 Berrocal de Huebra,España,75
37050 Berrocal de Huebra,Extranjero,0
37051 Berrocal de Salvatierra,Total,74
37051 Berrocal de Salvatierra,España,74
37051 Berrocal de Salvatierra,Extranjero,0
37052 Boada,Total,259
37052 Boada,España,253
37052 Boada,Extranjero,6
"37054 Bodón, El",Total,247
"37054 Bodón, El",España,234
"37054 Bodón, El",Extranjero,13
37055 Bogajo,Total,122
37055 Bogajo,España,113
37055 Bogajo,Extranjero,9
"37056 Bouza, La",Total,49
"37056 Bouza, La",España,38
"37056 Bouza, La",Extranjero,11
37057 Bóveda del Río Almar,Total,187
37057 Bóveda del Río Almar,España,183
37057 Bóveda del Río Almar,Extranjero,4
37058 Brincones,Total,56
37058 Brincones,España,52
37058 Brincones,Extranjero,4
37059 Buenamadre,Total,109
37059 Buenamadre,España,107
37059 Buenamadre,Extranjero,2
37060 Buenavista,Total,369
37060 Buenavista,España,289
37060 Buenavista,Extranjero,80
"37061 Cabaco, El",Total,230
"37061 Cabaco, El",España,190
"37061 Cabaco, El",Extranjero,40
37062 Cabezabellosa de la Calzada,Total,74
37062 Cabezabellosa de la Calzada,España,72
37062 Cabezabellosa de la Calzada,Extranjero,2
"37063 Cabeza de Béjar, La",Total,55
"37063 Cabeza de Béjar, La",España,53
"37063 Cabeza de Béjar, La",Extranjero,2
37065 Cabeza del Caballo,Total,222
37065 Cabeza del Caballo,España,212
37065 Cabeza del Caballo,Extranjero,10
37067 Cabrerizos,Total,4.220
37067 Cabrerizos,España,3.951
37067 Cabrerizos,Extranjero,269
37068 Cabrillas,Total,316
37068 Cabrillas,España,312
37068 Cabrillas,Extranjero,4
37069 Calvarrasa de Abajo,Total,1.242
37069 Calvarrasa de Abajo,España,1.138
37069 Calvarrasa de Abajo,Extranjero,104
37070 Calvarrasa de Arriba,Total,603
37070 Calvarrasa de Arriba,España,577
37070 Calvarrasa de Arriba,Extranjero,26
"37071 Calzada de Béjar, La",Total,80
"37071 Calzada de Béjar, La",España,76
"37071 Calzada de Béjar, La",Extranjero,4
37072 Calzada de Don Diego,Total,129
37072 Calzada de Don Diego,España,120
37072 Calzada de Don Diego,Extranjero,9
37073 Calzada de Valdunciel,Total,723
37073 Calzada de Valdunciel,España,670
37073 Calzada de Valdunciel,Extranjero,53
37074 Campillo de Azaba,Total,145
37074 Campillo de Azaba,España,114
37074 Campillo de Azaba,Extranjero,31
"37077 Campo de Peñaranda, El",Total,241
"37077 Campo de Peñaranda, El",España,234
"37077 Campo de Peñaranda, El",Extranjero,7
37078 Candelario,Total,832
37078 Candelario,España,797
37078 Candelario,Extranjero,35
37079 Canillas de Abajo,Total,63
37079 Canillas de Abajo,España,62
37079 Canillas de Abajo,Extranjero,1
37080 Cantagallo,Total,282
37080 Cantagallo,España,273
37080 Cantagallo,Extranjero,9
37081 Cantalapiedra,Total,883
37081 Cantalapiedra,España,838
37081 Cantalapiedra,Extranjero,45
37082 Cantalpino,Total,803
37082 Cantalpino,España,769
37082 Cantalpino,Extranjero,34
37083 Cantaracillo,Total,188
37083 Cantaracillo,España,183
37083 Cantaracillo,Extranjero,5
37085 Carbajosa de la Sagrada,Total,7.785
37085 Carbajosa de la Sagrada,España,7.223
37085 Carbajosa de la Sagrada,Extranjero,562
37086 Carpio de Azaba,Total,110
37086 Carpio de Azaba,España,107
37086 Carpio de Azaba,Extranjero,3
37087 Carrascal de Barregas,Total,1.454
37087 Carrascal de Barregas,España,1.361
37087 Carrascal de Barregas,Extranjero,93
37088 Carrascal del Obispo,Total,188
37088 Carrascal del Obispo,España,176
37088 Carrascal del Obispo,Extranjero,12
37089 Casafranca,Total,69
37089 Casafranca,España,61
37089 Casafranca,Extranjero,8
"37090 Casas del Conde, Las",Total,63
"37090 Casas del Conde, Las",España,56
"37090 Casas del Conde, Las",Extranjero,7
37091 Casillas de Flores,Total,169
37091 Casillas de Flores,España,153
37091 Casillas de Flores,Extranjero,16
37092 Castellanos de Moriscos,Total,3.148
37092 Castellanos de Moriscos,España,2.899
37092 Castellanos de Moriscos,Extranjero,249
37096 Castillejo de Martín Viejo,Total,197
37096 Castillejo de Martín Viejo,España,190
37096 Castillejo de Martín Viejo,Extranjero,7
37097 Castraz,Total,33
37097 Castraz,España,33
37097 Castraz,Extranjero,0
37098 Cepeda,Total,286
37098 Cepeda,España,264
37098 Cepeda,Extranjero,22
37099 Cereceda de la Sierra,Total,55
37099 Cereceda de la Sierra,España,52
37099 Cereceda de la Sierra,Extranjero,3
37100 Cerezal de Peñahorcada,Total,64
37100 Cerezal de Peñahorcada,España,53
37100 Cerezal de Peñahorcada,Extranjero,11
37101 Cerralbo,Total,108
37101 Cerralbo,España,104
37101 Cerralbo,Extranjero,4
"37102 Cerro, El",Total,364
"37102 Cerro, El",España,345
"37102 Cerro, El",Extranjero,19
37103 Cespedosa de Tormes,Total,476
37103 Cespedosa de Tormes,España,442
37103 Cespedosa de Tormes,Extranjero,34
37104 Cilleros de la Bastida,Total,22
37104 Cilleros de la Bastida,España,22
37104 Cilleros de la Bastida,Extranjero,0
37106 Cipérez,Total,233
37106 Cipérez,España,217
37106 Cipérez,Extranjero,16
37107 Ciudad Rodrigo,Total,11.733
37107 Ciudad Rodrigo,España,10.845
37107 Ciudad Rodrigo,Extranjero,888
37108 Coca de Alba,Total,96
37108 Coca de Alba,España,93
37108 Coca de Alba,Extranjero,3
37109 Colmenar de Montemayor,Total,178
37109 Colmenar de Montemayor,España,169
37109 Colmenar de Montemayor,Extranjero,9
37110 Cordovilla,Total,105
37110 Cordovilla,España,96
37110 Cordovilla,Extranjero,9
37112 Cristóbal,Total,158
37112 Cristóbal,España,154
37112 Cristóbal,Extranjero,4
"37113 Cubo de Don Sancho, El",Total,373
"37113 Cubo de Don Sancho, El",España,364
"37113 Cubo de Don Sancho, El",Extranjero,9
37114 Chagarcía Medianero,Total,68
37114 Chagarcía Medianero,España,58
37114 Chagarcía Medianero,Extranjero,10
37115 Dios le Guarde,Total,116
37115 Dios le Guarde,España,106
37115 Dios le Guarde,Extranjero,10
37116 Doñinos de Ledesma,Total,63
37116 Doñinos de Ledesma,España,60
37116 Doñinos de Ledesma,Extranjero,3
37117 Doñinos de Salamanca,Total,2.280
37117 Doñinos de Salamanca,España,2.179
37117 Doñinos de Salamanca,Extranjero,101
37118 Éjeme,Total,139
37118 Éjeme,España,135
37118 Éjeme,Extranjero,4
"37119 Encina, La",Total,94
"37119 Encina, La",España,93
"37119 Encina, La",Extranjero,1
37120 Encina de San Silvestre,Total,110
37120 Encina de San Silvestre,España,106
37120 Encina de San Silvestre,Extranjero,4
37121 Encinas de Abajo,Total,615
37121 Encinas de Abajo,España,599
37121 Encinas de Abajo,Extranjero,16
37122 Encinas de Arriba,Total,223
37122 Encinas de Arriba,España,220
37122 Encinas de Arriba,Extranjero,3
37123 Encinasola de los Comendadores,Total,146
37123 Encinasola de los Comendadores,España,145
37123 Encinasola de los Comendadores,Extranjero,1
37124 Endrinal,Total,201
37124 Endrinal,España,194
37124 Endrinal,Extranjero,7
37125 Escurial de la Sierra,Total,234
37125 Escurial de la Sierra,España,228
37125 Escurial de la Sierra,Extranjero,6
37126 Espadaña,Total,32
37126 Espadaña,España,30
37126 Espadaña,Extranjero,2
37127 Espeja,Total,212
37127 Espeja,España,194
37127 Espeja,Extranjero,18
37128 Espino de la Orbada,Total,244
37128 Espino de la Orbada,España,237
37128 Espino de la Orbada,Extranjero,7
37129 Florida de Liébana,Total,247
37129 Florida de Liébana,España,236
37129 Florida de Liébana,Extranjero,11
37130 Forfoleda,Total,207
37130 Forfoleda,España,194
37130 Forfoleda,Extranjero,13
37131 Frades de la Sierra,Total,163
37131 Frades de la Sierra,España,158
37131 Frades de la Sierra,Extranjero,5
"37132 Fregeneda, La",Total,296
"37132 Fregeneda, La",España,280
"37132 Fregeneda, La",Extranjero,16
37133 Fresnedoso,Total,94
37133 Fresnedoso,España,92
37133 Fresnedoso,Extranjero,2
37134 Fresno Alhándiga,Total,193
37134 Fresno Alhándiga,España,182
37134 Fresno Alhándiga,Extranjero,11
"37135 Fuente de San Esteban, La",Total,1.298
"37135 Fuente de San Esteban, La",España,1.209
"37135 Fuente de San Esteban, La",Extranjero,89
37136 Fuenteguinaldo,Total,635
37136 Fuenteguinaldo,España,584
37136 Fuenteguinaldo,Extranjero,51
37137 Fuenteliante,Total,86
37137 Fuenteliante,España,75
37137 Fuenteliante,Extranjero,11
37138 Fuenterroble de Salvatierra,Total,257
37138 Fuenterroble de Salvatierra,España,237
37138 Fuenterroble de Salvatierra,Extranjero,20
37139 Fuentes de Béjar,Total,238
37139 Fuentes de Béjar,España,207
37139 Fuentes de Béjar,Extranjero,31
37140 Fuentes de Oñoro,Total,995
37140 Fuentes de Oñoro,España,556
37140 Fuentes de Oñoro,Extranjero,439
37141 Gajates,Total,135
37141 Gajates,España,135
37141 Gajates,Extranjero,0
37142 Galindo y Perahuy,Total,721
37142 Galindo y Perahuy,España,677
37142 Galindo y Perahuy,Extranjero,44
37143 Galinduste,Total,401
37143 Galinduste,España,390
37143 Galinduste,Extranjero,11
37144 Galisancho,Total,323
37144 Galisancho,España,315
37144 Galisancho,Extranjero,8
37145 Gallegos de Argañán,Total,260
37145 Gallegos de Argañán,España,237
37145 Gallegos de Argañán,Extranjero,23
37146 Gallegos de Solmirón,Total,109
37146 Gallegos de Solmirón,España,104
37146 Gallegos de Solmirón,Extranjero,5
37147 Garcibuey,Total,186
37147 Garcibuey,España,176
37147 Garcibuey,Extranjero,10
37148 Garcihernández,Total,412
37148 Garcihernández,España,392
37148 Garcihernández,Extranjero,20
37149 Garcirrey,Total,52
37149 Garcirrey,España,51
37149 Garcirrey,Extranjero,1
37150 Gejuelo del Barro,Total,30
37150 Gejuelo del Barro,España,30
37150 Gejuelo del Barro,Extranjero,0
37151 Golpejas,Total,140
37151 Golpejas,España,135
37151 Golpejas,Extranjero,5
37152 Gomecello,Total,413
37152 Gomecello,España,403
37152 Gomecello,Extranjero,10
37154 Guadramiro,Total,120
37154 Guadramiro,España,120
37154 Guadramiro,Extranjero,0
37155 Guijo de Ávila,Total,82
37155 Guijo de Ávila,España,69
37155 Guijo de Ávila,Extranjero,13
37156 Guijuelo,Total,5.483
37156 Guijuelo,España,4.747
37156 Guijuelo,Extranjero,736
37157 Herguijuela de Ciudad Rodrigo,Total,65
37157 Herguijuela de Ciudad Rodrigo,España,65
37157 Herguijuela de Ciudad Rodrigo,Extranjero,0
37158 Herguijuela de la Sierra,Total,222
37158 Herguijuela de la Sierra,España,217
37158 Herguijuela de la Sierra,Extranjero,5
37159 Herguijuela del Campo,Total,60
37159 Herguijuela del Campo,España,59
37159 Herguijuela del Campo,Extranjero,1
37160 Hinojosa de Duero,Total,561
37160 Hinojosa de Duero,España,539
37160 Hinojosa de Duero,Extranjero,22
37161 Horcajo de Montemayor,Total,107
37161 Horcajo de Montemayor,España,97
37161 Horcajo de Montemayor,Extranjero,10
37162 Horcajo Medianero,Total,198
37162 Horcajo Medianero,España,191
37162 Horcajo Medianero,Extranjero,7
"37163 Hoya, La",Total,32
"37163 Hoya, La",España,30
"37163 Hoya, La",Extranjero,2
37164 Huerta,Total,285
37164 Huerta,España,266
37164 Huerta,Extranjero,19
37165 Iruelos,Total,30
37165 Iruelos,España,29
37165 Iruelos,Extranjero,1
37166 Ituero de Azaba,Total,189
37166 Ituero de Azaba,España,178
37166 Ituero de Azaba,Extranjero,11
37167 Juzbado,Total,179
37167 Juzbado,España,176
37167 Juzbado,Extranjero,3
37168 Lagunilla,Total,417
37168 Lagunilla,España,370
37168 Lagunilla,Extranjero,47
37169 Larrodrigo,Total,177
37169 Larrodrigo,España,174
37169 Larrodrigo,Extranjero,3
37170 Ledesma,Total,1.486
37170 Ledesma,España,1.370
37170 Ledesma,Extranjero,116
37171 Ledrada,Total,477
37171 Ledrada,España,419
37171 Ledrada,Extranjero,58
37172 Linares de Riofrío,Total,926
37172 Linares de Riofrío,España,868
37172 Linares de Riofrío,Extranjero,58
37173 Lumbrales,Total,1.505
37173 Lumbrales,España,1.388
37173 Lumbrales,Extranjero,117
37174 Macotera,Total,1.009
37174 Macotera,España,989
37174 Macotera,Extranjero,20
37175 Machacón,Total,443
37175 Machacón,España,425
37175 Machacón,Extranjero,18
37176 Madroñal,Total,128
37176 Madroñal,España,122
37176 Madroñal,Extranjero,6
"37177 Maíllo, El",Total,281
"37177 Maíllo, El",España,266
"37177 Maíllo, El",Extranjero,15
37178 Malpartida,Total,74
37178 Malpartida,España,74
37178 Malpartida,Extranjero,0
37179 Mancera de Abajo,Total,192
37179 Mancera de Abajo,España,186
37179 Mancera de Abajo,Extranjero,6
"37180 Manzano, El",Total,54
"37180 Manzano, El",España,47
"37180 Manzano, El",Extranjero,7
37181 Martiago,Total,251
37181 Martiago,España,245
37181 Martiago,Extranjero,6
37182 Martinamor,Total,91
37182 Martinamor,España,83
37182 Martinamor,Extranjero,8
37183 Martín de Yeltes,Total,383
37183 Martín de Yeltes,España,366
37183 Martín de Yeltes,Extranjero,17
37184 Masueco,Total,240
37184 Masueco,España,235
37184 Masueco,Extranjero,5
37185 Castellanos de Villiquera,Total,727
37185 Castellanos de Villiquera,España,682
37185 Castellanos de Villiquera,Extranjero,45
"37186 Mata de Ledesma, La",Total,98
"37186 Mata de Ledesma, La",España,92
"37186 Mata de Ledesma, La",Extranjero,6
37187 Matilla de los Caños del Río,Total,607
37187 Matilla de los Caños del Río,España,592
37187 Matilla de los Caños del Río,Extranjero,15
"37188 Maya, La",Total,163
"37188 Maya, La",España,155
"37188 Maya, La",Extranjero,8
37189 Membribe de la Sierra,Total,101
37189 Membribe de la Sierra,España,99
37189 Membribe de la Sierra,Extranjero,2
37190 Mieza,Total,170
37190 Mieza,España,165
37190 Mieza,Extranjero,5
"37191 Milano, El",Total,88
"37191 Milano, El",España,86
"37191 Milano, El",Extranjero,2
37192 Miranda de Azán,Total,449
37192 Miranda de Azán,España,428
37192 Miranda de Azán,Extranjero,21
37193 Miranda del Castañar,Total,361
37193 Miranda del Castañar,España,345
37193 Miranda del Castañar,Extranjero,16
37194 Mogarraz,Total,234
37194 Mogarraz,España,196
37194 Mogarraz,Extranjero,38
37195 Molinillo,Total,43
37195 Molinillo,España,40
37195 Molinillo,Extranjero,3
37196 Monforte de la Sierra,Total,50
37196 Monforte de la Sierra,España,46
37196 Monforte de la Sierra,Extranjero,4
37197 Monleón,Total,89
37197 Monleón,España,87
37197 Monleón,Extranjero,2
37198 Monleras,Total,241
37198 Monleras,España,218
37198 Monleras,Extranjero,23
37199 Monsagro,Total,129
37199 Monsagro,España,125
37199 Monsagro,Extranjero,4
37200 Montejo,Total,188
37200 Montejo,España,179
37200 Montejo,Extranjero,9
37201 Montemayor del Río,Total,245
37201 Montemayor del Río,España,233
37201 Montemayor del Río,Extranjero,12
37202 Monterrubio de Armuña,Total,1.325
37202 Monterrubio de Armuña,España,1.267
37202 Monterrubio de Armuña,Extranjero,58
37203 Monterrubio de la Sierra,Total,150
37203 Monterrubio de la Sierra,España,135
37203 Monterrubio de la Sierra,Extranjero,15
37204 Morasverdes,Total,233
37204 Morasverdes,España,216
37204 Morasverdes,Extranjero,17
37205 Morille,Total,223
37205 Morille,España,209
37205 Morille,Extranjero,14
37206 Moríñigo,Total,94
37206 Moríñigo,España,88
37206 Moríñigo,Extranjero,6
37207 Moriscos,Total,580
37207 Moriscos,España,534
37207 Moriscos,Extranjero,46
37208 Moronta,Total,74
37208 Moronta,España,69
37208 Moronta,Extranjero,5
37209 Mozárbez,Total,517
37209 Mozárbez,España,461
37209 Mozárbez,Extranjero,56
37211 Narros de Matalayegua,Total,187
37211 Narros de Matalayegua,España,183
37211 Narros de Matalayegua,Extranjero,4
37212 Navacarros,Total,140
37212 Navacarros,España,129
37212 Navacarros,Extranjero,11
37213 Nava de Béjar,Total,73
37213 Nava de Béjar,España,68
37213 Nava de Béjar,Extranjero,5
37214 Nava de Francia,Total,115
37214 Nava de Francia,España,99
37214 Nava de Francia,Extranjero,16
37215 Nava de Sotrobal,Total,147
37215 Nava de Sotrobal,España,142
37215 Nava de Sotrobal,Extranjero,5
37216 Navales,Total,313
37216 Navales,España,310
37216 Navales,Extranjero,3
37217 Navalmoral de Béjar,Total,63
37217 Navalmoral de Béjar,España,63
37217 Navalmoral de Béjar,Extranjero,0
37218 Navamorales,Total,45
37218 Navamorales,España,44
37218 Navamorales,Extranjero,1
37219 Navarredonda de la Rinconada,Total,153
37219 Navarredonda de la Rinconada,España,148
37219 Navarredonda de la Rinconada,Extranjero,5
37221 Navasfrías,Total,364
37221 Navasfrías,España,333
37221 Navasfrías,Extranjero,31
37222 Negrilla de Palencia,Total,78
37222 Negrilla de Palencia,España,76
37222 Negrilla de Palencia,Extranjero,2
37223 Olmedo de Camaces,Total,87
37223 Olmedo de Camaces,España,84
37223 Olmedo de Camaces,Extranjero,3
"37224 Orbada, La",Total,177
"37224 Orbada, La",España,173
"37224 Orbada, La",Extranjero,4
37225 Pajares de la Laguna,Total,111
37225 Pajares de la Laguna,España,106
37225 Pajares de la Laguna,Extranjero,5
37226 Palacios del Arzobispo,Total,143
37226 Palacios del Arzobispo,España,137
37226 Palacios del Arzobispo,Extranjero,6
37228 Palaciosrubios,Total,283
37228 Palaciosrubios,España,274
37228 Palaciosrubios,Extranjero,9
37229 Palencia de Negrilla,Total,141
37229 Palencia de Negrilla,España,137
37229 Palencia de Negrilla,Extranjero,4
37230 Parada de Arriba,Total,264
37230 Parada de Arriba,España,245
37230 Parada de Arriba,Extranjero,19
37231 Parada de Rubiales,Total,237
37231 Parada de Rubiales,España,224
37231 Parada de Rubiales,Extranjero,13
37232 Paradinas de San Juan,Total,381
37232 Paradinas de San Juan,España,377
37232 Paradinas de San Juan,Extranjero,4
37233 Pastores,Total,52
37233 Pastores,España,51
37233 Pastores,Extranjero,1
"37234 Payo, El",Total,302
"37234 Payo, El",España,270
"37234 Payo, El",Extranjero,32
37235 Pedraza de Alba,Total,217
37235 Pedraza de Alba,España,211
37235 Pedraza de Alba,Extranjero,6
37236 Pedrosillo de Alba,Total,123
37236 Pedrosillo de Alba,España,114
37236 Pedrosillo de Alba,Extranjero,9
37237 Pedrosillo de los Aires,Total,315
37237 Pedrosillo de los Aires,España,296
37237 Pedrosillo de los Aires,Extranjero,19
37238 Pedrosillo el Ralo,Total,147
37238 Pedrosillo el Ralo,España,131
37238 Pedrosillo el Ralo,Extranjero,16
"37239 Pedroso de la Armuña, El",Total,202
"37239 Pedroso de la Armuña, El",España,195
"37239 Pedroso de la Armuña, El",Extranjero,7
37240 Pelabravo,Total,1.426
37240 Pelabravo,España,1.337
37240 Pelabravo,Extranjero,89
37241 Pelarrodríguez,Total,161
37241 Pelarrodríguez,España,160
37241 Pelarrodríguez,Extranjero,1
37242 Pelayos,Total,72
37242 Pelayos,España,68
37242 Pelayos,Extranjero,4
"37243 Peña, La",Total,69
"37243 Peña, La",España,69
"37243 Peña, La",Extranjero,0
37244 Peñacaballera,Total,149
37244 Peñacaballera,España,143
37244 Peñacaballera,Extranjero,6
37245 Peñaparda,Total,297
37245 Peñaparda,España,261
37245 Peñaparda,Extranjero,36
37246 Peñaranda de Bracamonte,Total,6.164
37246 Peñaranda de Bracamonte,España,5.665
37246 Peñaranda de Bracamonte,Extranjero,499
37247 Peñarandilla,Total,171
37247 Peñarandilla,España,166
37247 Peñarandilla,Extranjero,5
37248 Peralejos de Abajo,Total,168
37248 Peralejos de Abajo,España,135
37248 Peralejos de Abajo,Extranjero,33
37249 Peralejos de Arriba,Total,38
37249 Peralejos de Arriba,España,35
37249 Peralejos de Arriba,Extranjero,3
37250 Pereña de la Ribera,Total,300
37250 Pereña de la Ribera,España,295
37250 Pereña de la Ribera,Extranjero,5
37251 Peromingo,Total,121
37251 Peromingo,España,120
37251 Peromingo,Extranjero,1
37252 Pinedas,Total,88
37252 Pinedas,España,86
37252 Pinedas,Extranjero,2
"37253 Pino de Tormes, El",Total,147
"37253 Pino de Tormes, El",España,141
"37253 Pino de Tormes, El",Extranjero,6
37254 Pitiegua,Total,173
37254 Pitiegua,España,162
37254 Pitiegua,Extranjero,11
37255 Pizarral,Total,67
37255 Pizarral,España,52
37255 Pizarral,Extranjero,15
37256 Poveda de las Cintas,Total,196
37256 Poveda de las Cintas,España,183
37256 Poveda de las Cintas,Extranjero,13
37257 Pozos de Hinojo,Total,48
37257 Pozos de Hinojo,España,46
37257 Pozos de Hinojo,Extranjero,2
37258 Puebla de Azaba,Total,145
37258 Puebla de Azaba,España,112
37258 Puebla de Azaba,Extranjero,33
37259 Puebla de San Medel,Total,32
37259 Puebla de San Medel,España,28
37259 Puebla de San Medel,Extranjero,4
37260 Puebla de Yeltes,Total,135
37260 Puebla de Yeltes,España,132
37260 Puebla de Yeltes,Extranjero,3
37261 Puente del Congosto,Total,235
37261 Puente del Congosto,España,226
37261 Puente del Congosto,Extranjero,9
37262 Puertas,Total,66
37262 Puertas,España,66
37262 Puertas,Extranjero,0
37263 Puerto de Béjar,Total,343
37263 Puerto de Béjar,España,337
37263 Puerto de Béjar,Extranjero,6
37264 Puerto Seguro,Total,52
37264 Puerto Seguro,España,51
37264 Puerto Seguro,Extranjero,1
37265 Rágama,Total,196
37265 Rágama,España,190
37265 Rágama,Extranjero,6
"37266 Redonda, La",Total,61
"37266 Redonda, La",España,59
"37266 Redonda, La",Extranjero,2
37267 Retortillo,Total,172
37267 Retortillo,España,165
37267 Retortillo,Extranjero,7
"37268 Rinconada de la Sierra, La",Total,97
"37268 Rinconada de la Sierra, La",España,93
"37268 Rinconada de la Sierra, La",Extranjero,4
37269 Robleda,Total,452
37269 Robleda,España,394
37269 Robleda,Extranjero,58
37270 Robliza de Cojos,Total,187
37270 Robliza de Cojos,España,181
37270 Robliza de Cojos,Extranjero,6
37271 Rollán,Total,316
37271 Rollán,España,304
37271 Rollán,Extranjero,12
37272 Saelices el Chico,Total,174
37272 Saelices el Chico,España,165
37272 Saelices el Chico,Extranjero,9
"37273 Sagrada, La",Total,80
"37273 Sagrada, La",España,77
"37273 Sagrada, La",Extranjero,3
37274 Salamanca,Total,145.583
37274 Salamanca,España,124.362
37274 Salamanca,Extranjero,21.221
37275 Saldeana,Total,96
37275 Saldeana,España,94
37275 Saldeana,Extranjero,2
37276 Salmoral,Total,106
37276 Salmoral,España,100
37276 Salmoral,Extranjero,6
37277 Salvatierra de Tormes,Total,66
37277 Salvatierra de Tormes,España,63
37277 Salvatierra de Tormes,Extranjero,3
37278 San Cristóbal de la Cuesta,Total,1.176
37278 San Cristóbal de la Cuesta,España,1.066
37278 San Cristóbal de la Cuesta,Extranjero,110
37279 Sancti-Spíritus,Total,717
37279 Sancti-Spíritus,España,680
37279 Sancti-Spíritus,Extranjero,37
37280 Sanchón de la Ribera,Total,66
37280 Sanchón de la Ribera,España,66
37280 Sanchón de la Ribera,Extranjero,0
37281 Sanchón de la Sagrada,Total,41
37281 Sanchón de la Sagrada,España,38
37281 Sanchón de la Sagrada,Extranjero,3
37282 Sanchotello,Total,211
37282 Sanchotello,España,192
37282 Sanchotello,Extranjero,19
37283 Sando,Total,110
37283 Sando,España,103
37283 Sando,Extranjero,7
37284 San Esteban de la Sierra,Total,344
37284 San Esteban de la Sierra,España,324
37284 San Esteban de la Sierra,Extranjero,20
37285 San Felices de los Gallegos,Total,355
37285 San Felices de los Gallegos,España,335
37285 San Felices de los Gallegos,Extranjero,20
37286 San Martín del Castañar,Total,232
37286 San Martín del Castañar,España,220
37286 San Martín del Castañar,Extranjero,12
37287 San Miguel de Valero,Total,311
37287 San Miguel de Valero,España,292
37287 San Miguel de Valero,Extranjero,19
37288 San Morales,Total,346
37288 San Morales,España,327
37288 San Morales,Extranjero,19
37289 San Muñoz,Total,198
37289 San Muñoz,España,174
37289 San Muñoz,Extranjero,24
37290 San Pedro del Valle,Total,144
37290 San Pedro del Valle,España,132
37290 San Pedro del Valle,Extranjero,12
37291 San Pedro de Rozados,Total,274
37291 San Pedro de Rozados,España,268
37291 San Pedro de Rozados,Extranjero,6
37292 San Pelayo de Guareña,Total,87
37292 San Pelayo de Guareña,España,83
37292 San Pelayo de Guareña,Extranjero,4
37293 Santa María de Sando,Total,91
37293 Santa María de Sando,España,84
37293 Santa María de Sando,Extranjero,7
37294 Santa Marta de Tormes,Total,14.949
37294 Santa Marta de Tormes,España,13.524
37294 Santa Marta de Tormes,Extranjero,1.425
37296 Santiago de la Puebla,Total,280
37296 Santiago de la Puebla,España,254
37296 Santiago de la Puebla,Extranjero,26
37297 Santibáñez de Béjar,Total,447
37297 Santibáñez de Béjar,España,403
37297 Santibáñez de Béjar,Extranjero,44
37298 Santibáñez de la Sierra,Total,143
37298 Santibáñez de la Sierra,España,135
37298 Santibáñez de la Sierra,Extranjero,8
37299 Santiz,Total,225
37299 Santiz,España,219
37299 Santiz,Extranjero,6
"37300 Santos, Los",Total,570
"37300 Santos, Los",España,540
"37300 Santos, Los",Extranjero,30
37301 Sardón de los Frailes,Total,99
37301 Sardón de los Frailes,España,90
37301 Sardón de los Frailes,Extranjero,9
37302 Saucelle,Total,242
37302 Saucelle,España,224
37302 Saucelle,Extranjero,18
"37303 Sahugo, El",Total,178
"37303 Sahugo, El",España,173
"37303 Sahugo, El",Extranjero,5
37304 Sepulcro-Hilario,Total,154
37304 Sepulcro-Hilario,España,144
37304 Sepulcro-Hilario,Extranjero,10
37305 Sequeros,Total,216
37305 Sequeros,España,206
37305 Sequeros,Extranjero,10
37306 Serradilla del Arroyo,Total,239
37306 Serradilla del Arroyo,España,227
37306 Serradilla del Arroyo,Extranjero,12
37307 Serradilla del Llano,Total,135
37307 Serradilla del Llano,España,134
37307 Serradilla del Llano,Extranjero,1
"37309 Sierpe, La",Total,41
"37309 Sierpe, La",España,41
"37309 Sierpe, La",Extranjero,0
37310 Sieteiglesias de Tormes,Total,191
37310 Sieteiglesias de Tormes,España,183
37310 Sieteiglesias de Tormes,Extranjero,8
37311 Sobradillo,Total,171
37311 Sobradillo,España,168
37311 Sobradillo,Extranjero,3
37312 Sorihuela,Total,256
37312 Sorihuela,España,233
37312 Sorihuela,Extranjero,23
37313 Sotoserrano,Total,501
37313 Sotoserrano,España,482
37313 Sotoserrano,Extranjero,19
37314 Tabera de Abajo,Total,97
37314 Tabera de Abajo,España,89
37314 Tabera de Abajo,Extranjero,8
"37315 Tala, La",Total,77
"37315 Tala, La",España,74
"37315 Tala, La",Extranjero,3
37316 Tamames,Total,784
37316 Tamames,España,750
37316 Tamames,Extranjero,34
37317 Tarazona de Guareña,Total,261
37317 Tarazona de Guareña,España,260
37317 Tarazona de Guareña,Extranjero,1
37318 Tardáguila,Total,193
37318 Tardáguila,España,190
37318 Tardáguila,Extranjero,3
"37319 Tejado, El",Total,83
"37319 Tejado, El",España,77
"37319 Tejado, El",Extranjero,6
37320 Tejeda y Segoyuela,Total,97
37320 Tejeda y Segoyuela,España,80
37320 Tejeda y Segoyuela,Extranjero,17
37321 Tenebrón,Total,125
37321 Tenebrón,España,120
37321 Tenebrón,Extranjero,5
37322 Terradillos,Total,3.317
37322 Terradillos,España,2.711
37322 Terradillos,Extranjero,606
37323 Topas,Total,518
37323 Topas,España,500
37323 Topas,Extranjero,18
37324 Tordillos,Total,308
37324 Tordillos,España,299
37324 Tordillos,Extranjero,9
"37325 Tornadizo, El",Total,88
"37325 Tornadizo, El",España,86
"37325 Tornadizo, El",Extranjero,2
37327 Torresmenudas,Total,192
37327 Torresmenudas,España,190
37327 Torresmenudas,Extranjero,2
37328 Trabanca,Total,159
37328 Trabanca,España,149
37328 Trabanca,Extranjero,10
37329 Tremedal de Tormes,Total,34
37329 Tremedal de Tormes,España,32
37329 Tremedal de Tormes,Extranjero,2
37330 Valdecarros,Total,296
37330 Valdecarros,España,287
37330 Valdecarros,Extranjero,9
37331 Valdefuentes de Sangusín,Total,183
37331 Valdefuentes de Sangusín,España,181
37331 Valdefuentes de Sangusín,Extranjero,2
37332 Valdehijaderos,Total,84
37332 Valdehijaderos,España,80
37332 Valdehijaderos,Extranjero,4
37333 Valdelacasa,Total,186
37333 Valdelacasa,España,178
37333 Valdelacasa,Extranjero,8
37334 Valdelageve,Total,66
37334 Valdelageve,España,63
37334 Valdelageve,Extranjero,3
37335 Valdelosa,Total,387
37335 Valdelosa,España,369
37335 Valdelosa,Extranjero,18
37336 Valdemierque,Total,58
37336 Valdemierque,España,58
37336 Valdemierque,Extranjero,0
37337 Valderrodrigo,Total,126
37337 Valderrodrigo,España,124
37337 Valderrodrigo,Extranjero,2
37338 Valdunciel,Total,124
37338 Valdunciel,España,111
37338 Valdunciel,Extranjero,13
37339 Valero,Total,273
37339 Valero,España,260
37339 Valero,Extranjero,13
37340 Valsalabroso,Total,120
37340 Valsalabroso,España,117
37340 Valsalabroso,Extranjero,3
37341 Valverde de Valdelacasa,Total,57
37341 Valverde de Valdelacasa,España,49
37341 Valverde de Valdelacasa,Extranjero,8
37342 Valverdón,Total,266
37342 Valverdón,España,253
37342 Valverdón,Extranjero,13
37343 Vallejera de Riofrío,Total,67
37343 Vallejera de Riofrío,España,66
37343 Vallejera de Riofrío,Extranjero,1
37344 Vecinos,Total,231
37344 Vecinos,España,202
37344 Vecinos,Extranjero,29
37345 Vega de Tirados,Total,141
37345 Vega de Tirados,España,137
37345 Vega de Tirados,Extranjero,4
"37346 Veguillas, Las",Total,273
"37346 Veguillas, Las",España,257
"37346 Veguillas, Las",Extranjero,16
"37347 Vellés, La",Total,567
"37347 Vellés, La",España,519
"37347 Vellés, La",Extranjero,48
37348 Ventosa del Río Almar,Total,97
37348 Ventosa del Río Almar,España,94
37348 Ventosa del Río Almar,Extranjero,3
"37349 Vídola, La",Total,95
"37349 Vídola, La",España,95
"37349 Vídola, La",Extranjero,0
37350 Vilvestre,Total,374
37350 Vilvestre,España,355
37350 Vilvestre,Extranjero,19
37351 Villaflores,Total,256
37351 Villaflores,España,253
37351 Villaflores,Extranjero,3
37352 Villagonzalo de Tormes,Total,213
37352 Villagonzalo de Tormes,España,209
37352 Villagonzalo de Tormes,Extranjero,4
37353 Villalba de los Llanos,Total,107
37353 Villalba de los Llanos,España,106
37353 Villalba de los Llanos,Extranjero,1
37354 Villamayor,Total,7.740
37354 Villamayor,España,7.233
37354 Villamayor,Extranjero,507
37355 Villanueva del Conde,Total,174
37355 Villanueva del Conde,España,154
37355 Villanueva del Conde,Extranjero,20
37356 Villar de Argañán,Total,94
37356 Villar de Argañán,España,82
37356 Villar de Argañán,Extranjero,12
37357 Villar de Ciervo,Total,253
37357 Villar de Ciervo,España,238
37357 Villar de Ciervo,Extranjero,15
37358 Villar de Gallimazo,Total,193
37358 Villar de Gallimazo,España,147
37358 Villar de Gallimazo,Extranjero,46
37359 Villar de la Yegua,Total,152
37359 Villar de la Yegua,España,143
37359 Villar de la Yegua,Extranjero,9
37360 Villar de Peralonso,Total,213
37360 Villar de Peralonso,España,198
37360 Villar de Peralonso,Extranjero,15
37361 Villar de Samaniego,Total,79
37361 Villar de Samaniego,España,78
37361 Villar de Samaniego,Extranjero,1
37362 Villares de la Reina,Total,6.784
37362 Villares de la Reina,España,6.289
37362 Villares de la Reina,Extranjero,495
37363 Villares de Yeltes,Total,102
37363 Villares de Yeltes,España,100
37363 Villares de Yeltes,Extranjero,2
37364 Villarino de los Aires,Total,727
37364 Villarino de los Aires,España,685
37364 Villarino de los Aires,Extranjero,42
37365 Villarmayor,Total,139
37365 Villarmayor,España,137
37365 Villarmayor,Extranjero,2
37366 Villarmuerto,Total,38
37366 Villarmuerto,España,38
37366 Villarmuerto,Extranjero,0
37367 Villasbuenas,Total,158
37367 Villasbuenas,España,156
37367 Villasbuenas,Extranjero,2
37368 Villasdardo,Total,22
37368 Villasdardo,España,20
37368 Villasdardo,Extranjero,2
37369 Villaseco de los Gamitos,Total,140
37369 Villaseco de los Gamitos,España,123
37369 Villaseco de los Gamitos,Extranjero,17
37370 Villaseco de los Reyes,Total,297
37370 Villaseco de los Reyes,España,281
37370 Villaseco de los Reyes,Extranjero,16
37371 Villasrubias,Total,231
37371 Villasrubias,España,207
37371 Villasrubias,Extranjero,24
37372 Villaverde de Guareña,Total,129
37372 Villaverde de Guareña,España,126
37372 Villaverde de Guareña,Extranjero,3
37373 Villavieja de Yeltes,Total,676
37373 Villavieja de Yeltes,España,640
37373 Villavieja de Yeltes,Extranjero,36
37374 Villoria,Total,1.241
37374 Villoria,España,1.188
37374 Villoria,Extranjero,53
37375 Villoruela,Total,732
37375 Villoruela,España,689
37375 Villoruela,Extranjero,43
37376 Vitigudino,Total,2.342
37376 Vitigudino,España,2.188
37376 Vitigudino,Extranjero,154
37377 Yecla de Yeltes,Total,223
37377 Yecla de Yeltes,España,214
37377 Yecla de Yeltes,Extranjero,9
37378 Zamarra,Total,70
37378 Zamarra,España,69
37378 Zamarra,Extranjero,1
37379 Zamayón,Total,192
37379 Zamayón,España,185
37379 Zamayón,Extranjero,7
37380 Zarapicos,Total,50
37380 Zarapicos,España,48
37380 Zarapicos,Extranjero,2
"37381 Zarza de Pumareda, La",Total,136
"37381 Zarza de Pumareda, La",España,122
"37381 Zarza de Pumareda, La",Extranjero,14
37382 Zorita de la Frontera,Total,139
37382 Zorita de la Frontera,España,136
37382 Zorita de la Frontera,Extranjero,3
38001 Adeje,Total,50.612
38001 Adeje,España,21.998
38001 Adeje,Extranjero,28.614
38002 Agulo,Total,1.080
38002 Agulo,España,921
38002 Agulo,Extranjero,159
38003 Alajeró,Total,2.089
38003 Alajeró,España,1.631
38003 Alajeró,Extranjero,458
38004 Arafo,Total,5.997
38004 Arafo,España,5.180
38004 Arafo,Extranjero,817
38005 Arico,Total,9.510
38005 Arico,España,6.936
38005 Arico,Extranjero,2.574
38006 Arona,Total,89.036
38006 Arona,España,42.369
38006 Arona,Extranjero,46.667
38007 Barlovento,Total,2.132
38007 Barlovento,España,1.507
38007 Barlovento,Extranjero,625
38008 Breña Alta,Total,7.476
38008 Breña Alta,España,6.186
38008 Breña Alta,Extranjero,1.290
38009 Breña Baja,Total,6.156
38009 Breña Baja,España,4.837
38009 Breña Baja,Extranjero,1.319
38010 Buenavista del Norte,Total,4.724
38010 Buenavista del Norte,España,4.001
38010 Buenavista del Norte,Extranjero,723
38011 Candelaria,Total,29.240
38011 Candelaria,España,24.441
38011 Candelaria,Extranjero,4.799
38012 Fasnia,Total,3.153
38012 Fasnia,España,2.546
38012 Fasnia,Extranjero,607
38013 Frontera,Total,4.648
38013 Frontera,España,2.852
38013 Frontera,Extranjero,1.796
38014 Fuencaliente de la Palma,Total,1.965
38014 Fuencaliente de la Palma,España,1.421
38014 Fuencaliente de la Palma,Extranjero,544
38015 Garachico,Total,4.941
38015 Garachico,España,4.191
38015 Garachico,Extranjero,750
38016 Garafía,Total,2.021
38016 Garafía,España,1.242
38016 Garafía,Extranjero,779
38017 Granadilla de Abona,Total,59.126
38017 Granadilla de Abona,España,33.059
38017 Granadilla de Abona,Extranjero,26.067
"38018 Guancha, La",Total,5.674
"38018 Guancha, La",España,4.967
"38018 Guancha, La",Extranjero,707
38019 Guía de Isora,Total,22.846
38019 Guía de Isora,España,15.103
38019 Guía de Isora,Extranjero,7.743
38020 Güímar,Total,22.010
38020 Güímar,España,18.506
38020 Güímar,Extranjero,3.504
38021 Hermigua,Total,1.972
38021 Hermigua,España,1.571
38021 Hermigua,Extranjero,401
38022 Icod de los Vinos,Total,24.675
38022 Icod de los Vinos,España,19.732
38022 Icod de los Vinos,Extranjero,4.943
38023 San Cristóbal de La Laguna,Total,161.927
38023 San Cristóbal de La Laguna,España,136.264
38023 San Cristóbal de La Laguna,Extranjero,25.663
"38024 Llanos de Aridane, Los",Total,20.662
"38024 Llanos de Aridane, Los",España,15.281
"38024 Llanos de Aridane, Los",Extranjero,5.381
"38025 Matanza de Acentejo, La",Total,9.116
"38025 Matanza de Acentejo, La",España,8.162
"38025 Matanza de Acentejo, La",Extranjero,954
"38026 Orotava, La",Total,42.669
"38026 Orotava, La",España,37.436
"38026 Orotava, La",Extranjero,5.233
"38027 Paso, El",Total,8.291
"38027 Paso, El",España,6.391
"38027 Paso, El",Extranjero,1.900
38028 Puerto de la Cruz,Total,31.589
38028 Puerto de la Cruz,España,22.251
38028 Puerto de la Cruz,Extranjero,9.338
38029 Puntagorda,Total,2.342
38029 Puntagorda,España,1.452
38029 Puntagorda,Extranjero,890
38030 Puntallana,Total,2.794
38030 Puntallana,España,2.043
38030 Puntallana,Extranjero,751
"38031 Realejos, Los",Total,38.161
"38031 Realejos, Los",España,32.891
"38031 Realejos, Los",Extranjero,5.270
"38032 Rosario, El",Total,18.028
"38032 Rosario, El",España,15.291
"38032 Rosario, El",Extranjero,2.737
38033 San Andrés y Sauces,Total,4.350
38033 San Andrés y Sauces,España,3.433
38033 San Andrés y Sauces,Extranjero,917
38034 San Juan de la Rambla,Total,5.011
38034 San Juan de la Rambla,España,4.453
38034 San Juan de la Rambla,Extranjero,558
38035 San Miguel de Abona,Total,24.307
38035 San Miguel de Abona,España,12.869
38035 San Miguel de Abona,Extranjero,11.438
38036 San Sebastián de la Gomera,Total,9.665
38036 San Sebastián de la Gomera,España,7.378
38036 San Sebastián de la Gomera,Extranjero,2.287
38037 Santa Cruz de la Palma,Total,15.763
38037 Santa Cruz de la Palma,España,12.430
38037 Santa Cruz de la Palma,Extranjero,3.333
38038 Santa Cruz de Tenerife,Total,211.498
38038 Santa Cruz de Tenerife,España,171.700
38038 Santa Cruz de Tenerife,Extranjero,39.798
38039 Santa Úrsula,Total,15.450
38039 Santa Úrsula,España,12.307
38039 Santa Úrsula,Extranjero,3.143
38040 Santiago del Teide,Total,12.656
38040 Santiago del Teide,España,6.063
38040 Santiago del Teide,Extranjero,6.593
"38041 Sauzal, El",Total,9.354
"38041 Sauzal, El",España,8.179
"38041 Sauzal, El",Extranjero,1.175
"38042 Silos, Los",Total,4.763
"38042 Silos, Los",España,3.935
"38042 Silos, Los",Extranjero,828
38043 Tacoronte,Total,24.694
38043 Tacoronte,España,22.341
38043 Tacoronte,Extranjero,2.353
"38044 Tanque, El",Total,2.805
"38044 Tanque, El",España,2.268
"38044 Tanque, El",Extranjero,537
38045 Tazacorte,Total,4.526
38045 Tazacorte,España,3.586
38045 Tazacorte,Extranjero,940
38046 Tegueste,Total,11.513
38046 Tegueste,España,10.502
38046 Tegueste,Extranjero,1.011
38047 Tijarafe,Total,2.718
38047 Tijarafe,España,1.879
38047 Tijarafe,Extranjero,839
38048 Valverde,Total,5.305
38048 Valverde,España,3.968
38048 Valverde,Extranjero,1.337
38049 Valle Gran Rey,Total,4.805
38049 Valle Gran Rey,España,2.701
38049 Valle Gran Rey,Extranjero,2.104
38050 Vallehermoso,Total,2.949
38050 Vallehermoso,España,2.362
38050 Vallehermoso,Extranjero,587
"38051 Victoria de Acentejo, La",Total,9.452
"38051 Victoria de Acentejo, La",España,8.350
"38051 Victoria de Acentejo, La",Extranjero,1.102
38052 Vilaflor de Chasna,Total,1.932
38052 Vilaflor de Chasna,España,1.466
38052 Vilaflor de Chasna,Extranjero,466
38053 Villa de Mazo,Total,5.101
38053 Villa de Mazo,España,3.922
38053 Villa de Mazo,Extranjero,1.179
"38901 Pinar de El Hierro, El",Total,2.040
"38901 Pinar de El Hierro, El",España,1.349
"38901 Pinar de El Hierro, El",Extranjero,691
39001 Alfoz de Lloredo,Total,2.501
39001 Alfoz de Lloredo,España,2.327
39001 Alfoz de Lloredo,Extranjero,174
39002 Ampuero,Total,4.513
39002 Ampuero,España,4.134
39002 Ampuero,Extranjero,379
39003 Anievas,Total,281
39003 Anievas,España,275
39003 Anievas,Extranjero,6
39004 Arenas de Iguña,Total,1.737
39004 Arenas de Iguña,España,1.621
39004 Arenas de Iguña,Extranjero,116
39005 Argoños,Total,1.884
39005 Argoños,España,1.694
39005 Argoños,Extranjero,190
39006 Arnuero,Total,2.296
39006 Arnuero,España,2.004
39006 Arnuero,Extranjero,292
39007 Arredondo,Total,478
39007 Arredondo,España,452
39007 Arredondo,Extranjero,26
"39008 Astillero, El",Total,18.445
"39008 Astillero, El",España,16.052
"39008 Astillero, El",Extranjero,2.393
39009 Bárcena de Cicero,Total,4.924
39009 Bárcena de Cicero,España,4.260
39009 Bárcena de Cicero,Extranjero,664
39010 Bárcena de Pie de Concha,Total,674
39010 Bárcena de Pie de Concha,España,642
39010 Bárcena de Pie de Concha,Extranjero,32
39011 Bareyo,Total,2.134
39011 Bareyo,España,1.884
39011 Bareyo,Extranjero,250
39012 Cabezón de la Sal,Total,8.329
39012 Cabezón de la Sal,España,7.860
39012 Cabezón de la Sal,Extranjero,469
39013 Cabezón de Liébana,Total,532
39013 Cabezón de Liébana,España,488
39013 Cabezón de Liébana,Extranjero,44
39014 Cabuérniga,Total,980
39014 Cabuérniga,España,933
39014 Cabuérniga,Extranjero,47
39015 Camaleño,Total,966
39015 Camaleño,España,898
39015 Camaleño,Extranjero,68
39016 Camargo,Total,30.557
39016 Camargo,España,27.100
39016 Camargo,Extranjero,3.457
39017 Campoo de Yuso,Total,683
39017 Campoo de Yuso,España,643
39017 Campoo de Yuso,Extranjero,40
39018 Cartes,Total,5.866
39018 Cartes,España,5.425
39018 Cartes,Extranjero,441
39019 Castañeda,Total,3.288
39019 Castañeda,España,3.031
39019 Castañeda,Extranjero,257
39020 Castro-Urdiales,Total,33.392
39020 Castro-Urdiales,España,28.472
39020 Castro-Urdiales,Extranjero,4.920
39021 Cieza,Total,527
39021 Cieza,España,514
39021 Cieza,Extranjero,13
39022 Cillorigo de Liébana,Total,1.398
39022 Cillorigo de Liébana,España,1.123
39022 Cillorigo de Liébana,Extranjero,275
39023 Colindres,Total,8.571
39023 Colindres,España,7.529
39023 Colindres,Extranjero,1.042
39024 Comillas,Total,2.071
39024 Comillas,España,1.830
39024 Comillas,Extranjero,241
"39025 Corrales de Buelna, Los",Total,10.950
"39025 Corrales de Buelna, Los",España,9.890
"39025 Corrales de Buelna, Los",Extranjero,1.060
39026 Corvera de Toranzo,Total,2.202
39026 Corvera de Toranzo,España,1.959
39026 Corvera de Toranzo,Extranjero,243
39027 Campoo de Enmedio,Total,3.725
39027 Campoo de Enmedio,España,3.536
39027 Campoo de Enmedio,Extranjero,189
39028 Entrambasaguas,Total,5.691
39028 Entrambasaguas,España,5.093
39028 Entrambasaguas,Extranjero,598
39029 Escalante,Total,716
39029 Escalante,España,652
39029 Escalante,Extranjero,64
39030 Guriezo,Total,2.488
39030 Guriezo,España,2.261
39030 Guriezo,Extranjero,227
39031 Hazas de Cesto,Total,1.954
39031 Hazas de Cesto,España,1.698
39031 Hazas de Cesto,Extranjero,256
39032 Hermandad de Campoo de Suso,Total,1.619
39032 Hermandad de Campoo de Suso,España,1.567
39032 Hermandad de Campoo de Suso,Extranjero,52
39033 Herrerías,Total,569
39033 Herrerías,España,538
39033 Herrerías,Extranjero,31
39034 Lamasón,Total,237
39034 Lamasón,España,232
39034 Lamasón,Extranjero,5
39035 Laredo,Total,10.675
39035 Laredo,España,9.537
39035 Laredo,Extranjero,1.138
39036 Liendo,Total,1.218
39036 Liendo,España,1.144
39036 Liendo,Extranjero,74
39037 Liérganes,Total,2.364
39037 Liérganes,España,2.149
39037 Liérganes,Extranjero,215
39038 Limpias,Total,1.999
39038 Limpias,España,1.768
39038 Limpias,Extranjero,231
39039 Luena,Total,598
39039 Luena,España,562
39039 Luena,Extranjero,36
39040 Marina de Cudeyo,Total,5.225
39040 Marina de Cudeyo,España,4.846
39040 Marina de Cudeyo,Extranjero,379
39041 Mazcuerras,Total,2.065
39041 Mazcuerras,España,1.983
39041 Mazcuerras,Extranjero,82
39042 Medio Cudeyo,Total,7.764
39042 Medio Cudeyo,España,6.795
39042 Medio Cudeyo,Extranjero,969
39043 Meruelo,Total,2.312
39043 Meruelo,España,2.004
39043 Meruelo,Extranjero,308
39044 Miengo,Total,5.273
39044 Miengo,España,4.756
39044 Miengo,Extranjero,517
39045 Miera,Total,398
39045 Miera,España,376
39045 Miera,Extranjero,22
39046 Molledo,Total,1.497
39046 Molledo,España,1.409
39046 Molledo,Extranjero,88
39047 Noja,Total,2.658
39047 Noja,España,2.215
39047 Noja,Extranjero,443
39048 Penagos,Total,2.259
39048 Penagos,España,2.112
39048 Penagos,Extranjero,147
39049 Peñarrubia,Total,315
39049 Peñarrubia,España,267
39049 Peñarrubia,Extranjero,48
39050 Pesaguero,Total,275
39050 Pesaguero,España,263
39050 Pesaguero,Extranjero,12
39051 Pesquera,Total,72
39051 Pesquera,España,67
39051 Pesquera,Extranjero,5
39052 Piélagos,Total,26.859
39052 Piélagos,España,24.376
39052 Piélagos,Extranjero,2.483
39053 Polaciones,Total,210
39053 Polaciones,España,201
39053 Polaciones,Extranjero,9
39054 Polanco,Total,6.293
39054 Polanco,España,5.754
39054 Polanco,Extranjero,539
39055 Potes,Total,1.318
39055 Potes,España,1.052
39055 Potes,Extranjero,266
39056 Puente Viesgo,Total,2.889
39056 Puente Viesgo,España,2.745
39056 Puente Viesgo,Extranjero,144
39057 Ramales de la Victoria,Total,3.097
39057 Ramales de la Victoria,España,2.781
39057 Ramales de la Victoria,Extranjero,316
39058 Rasines,Total,983
39058 Rasines,España,908
39058 Rasines,Extranjero,75
39059 Reinosa,Total,8.548
39059 Reinosa,España,7.597
39059 Reinosa,Extranjero,951
39060 Reocín,Total,8.396
39060 Reocín,España,7.966
39060 Reocín,Extranjero,430
39061 Ribamontán al Mar,Total,4.611
39061 Ribamontán al Mar,España,4.032
39061 Ribamontán al Mar,Extranjero,579
39062 Ribamontán al Monte,Total,2.535
39062 Ribamontán al Monte,España,2.281
39062 Ribamontán al Monte,Extranjero,254
39063 Rionansa,Total,1.023
39063 Rionansa,España,960
39063 Rionansa,Extranjero,63
39064 Riotuerto,Total,1.677
39064 Riotuerto,España,1.521
39064 Riotuerto,Extranjero,156
"39065 Rozas de Valdearroyo, Las",Total,258
"39065 Rozas de Valdearroyo, Las",España,243
"39065 Rozas de Valdearroyo, Las",Extranjero,15
39066 Ruente,Total,1.079
39066 Ruente,España,1.014
39066 Ruente,Extranjero,65
39067 Ruesga,Total,810
39067 Ruesga,España,773
39067 Ruesga,Extranjero,37
39068 Ruiloba,Total,770
39068 Ruiloba,España,688
39068 Ruiloba,Extranjero,82
39069 San Felices de Buelna,Total,2.378
39069 San Felices de Buelna,España,2.279
39069 San Felices de Buelna,Extranjero,99
39070 San Miguel de Aguayo,Total,165
39070 San Miguel de Aguayo,España,159
39070 San Miguel de Aguayo,Extranjero,6
39071 San Pedro del Romeral,Total,432
39071 San Pedro del Romeral,España,408
39071 San Pedro del Romeral,Extranjero,24
39072 San Roque de Riomiera,Total,332
39072 San Roque de Riomiera,España,318
39072 San Roque de Riomiera,Extranjero,14
39073 Santa Cruz de Bezana,Total,13.886
39073 Santa Cruz de Bezana,España,12.839
39073 Santa Cruz de Bezana,Extranjero,1.047
39074 Santa María de Cayón,Total,9.646
39074 Santa María de Cayón,España,8.606
39074 Santa María de Cayón,Extranjero,1.040
39075 Santander,Total,175.082
39075 Santander,España,143.830
39075 Santander,Extranjero,31.252
39076 Santillana del Mar,Total,4.221
39076 Santillana del Mar,España,3.998
39076 Santillana del Mar,Extranjero,223
39077 Santiurde de Reinosa,Total,253
39077 Santiurde de Reinosa,España,238
39077 Santiurde de Reinosa,Extranjero,15
39078 Santiurde de Toranzo,Total,1.722
39078 Santiurde de Toranzo,España,1.635
39078 Santiurde de Toranzo,Extranjero,87
39079 Santoña,Total,10.881
39079 Santoña,España,9.512
39079 Santoña,Extranjero,1.369
39080 San Vicente de la Barquera,Total,3.989
39080 San Vicente de la Barquera,España,3.590
39080 San Vicente de la Barquera,Extranjero,399
39081 Saro,Total,481
39081 Saro,España,463
39081 Saro,Extranjero,18
39082 Selaya,Total,1.874
39082 Selaya,España,1.750
39082 Selaya,Extranjero,124
39083 Soba,Total,1.055
39083 Soba,España,1.024
39083 Soba,Extranjero,31
39084 Solórzano,Total,1.142
39084 Solórzano,España,965
39084 Solórzano,Extranjero,177
39085 Suances,Total,9.037
39085 Suances,España,8.371
39085 Suances,Extranjero,666
"39086 Tojos, Los",Total,370
"39086 Tojos, Los",España,347
"39086 Tojos, Los",Extranjero,23
39087 Torrelavega,Total,51.668
39087 Torrelavega,España,44.393
39087 Torrelavega,Extranjero,7.275
39088 Tresviso,Total,52
39088 Tresviso,España,48
39088 Tresviso,Extranjero,4
39089 Tudanca,Total,155
39089 Tudanca,España,145
39089 Tudanca,Extranjero,10
39090 Udías,Total,960
39090 Udías,España,923
39090 Udías,Extranjero,37
39091 Valdáliga,Total,2.137
39091 Valdáliga,España,2.018
39091 Valdáliga,Extranjero,119
39092 Valdeolea,Total,864
39092 Valdeolea,España,806
39092 Valdeolea,Extranjero,58
39093 Valdeprado del Río,Total,306
39093 Valdeprado del Río,España,292
39093 Valdeprado del Río,Extranjero,14
39094 Valderredible,Total,932
39094 Valderredible,España,846
39094 Valderredible,Extranjero,86
39095 Val de San Vicente,Total,2.786
39095 Val de San Vicente,España,2.578
39095 Val de San Vicente,Extranjero,208
39096 Vega de Liébana,Total,675
39096 Vega de Liébana,España,634
39096 Vega de Liébana,Extranjero,41
39097 Vega de Pas,Total,775
39097 Vega de Pas,España,730
39097 Vega de Pas,Extranjero,45
39098 Villacarriedo,Total,1.667
39098 Villacarriedo,España,1.564
39098 Villacarriedo,Extranjero,103
39099 Villaescusa,Total,3.970
39099 Villaescusa,España,3.747
39099 Villaescusa,Extranjero,223
39100 Villafufre,Total,1.020
39100 Villafufre,España,962
39100 Villafufre,Extranjero,58
39101 Valle de Villaverde,Total,249
39101 Valle de Villaverde,España,226
39101 Valle de Villaverde,Extranjero,23
39102 Voto,Total,2.960
39102 Voto,España,2.708
39102 Voto,Extranjero,252
40001 Abades,Total,848
40001 Abades,España,786
40001 Abades,Extranjero,62
40002 Adrada de Pirón,Total,39
40002 Adrada de Pirón,España,38
40002 Adrada de Pirón,Extranjero,1
40003 Adrados,Total,114
40003 Adrados,España,107
40003 Adrados,Extranjero,7
40004 Aguilafuente,Total,573
40004 Aguilafuente,España,443
40004 Aguilafuente,Extranjero,130
40005 Alconada de Maderuelo,Total,23
40005 Alconada de Maderuelo,España,23
40005 Alconada de Maderuelo,Extranjero,0
40006 Aldealcorvo,Total,15
40006 Aldealcorvo,España,15
40006 Aldealcorvo,Extranjero,0
40007 Aldealengua de Pedraza,Total,79
40007 Aldealengua de Pedraza,España,74
40007 Aldealengua de Pedraza,Extranjero,5
40008 Aldealengua de Santa María,Total,52
40008 Aldealengua de Santa María,España,44
40008 Aldealengua de Santa María,Extranjero,8
40009 Aldeanueva de la Serrezuela,Total,44
40009 Aldeanueva de la Serrezuela,España,40
40009 Aldeanueva de la Serrezuela,Extranjero,4
40010 Aldeanueva del Codonal,Total,105
40010 Aldeanueva del Codonal,España,101
40010 Aldeanueva del Codonal,Extranjero,4
40012 Aldea Real,Total,274
40012 Aldea Real,España,244
40012 Aldea Real,Extranjero,30
40013 Aldeasoña,Total,61
40013 Aldeasoña,España,61
40013 Aldeasoña,Extranjero,0
40014 Aldehorno,Total,64
40014 Aldehorno,España,61
40014 Aldehorno,Extranjero,3
40015 Aldehuela del Codonal,Total,25
40015 Aldehuela del Codonal,España,22
40015 Aldehuela del Codonal,Extranjero,3
40016 Aldeonte,Total,55
40016 Aldeonte,España,55
40016 Aldeonte,Extranjero,0
40017 Anaya,Total,105
40017 Anaya,España,83
40017 Anaya,Extranjero,22
40018 Añe,Total,68
40018 Añe,España,65
40018 Añe,Extranjero,3
40019 Arahuetes,Total,31
40019 Arahuetes,España,26
40019 Arahuetes,Extranjero,5
40020 Arcones,Total,179
40020 Arcones,España,158
40020 Arcones,Extranjero,21
40021 Arevalillo de Cega,Total,18
40021 Arevalillo de Cega,España,18
40021 Arevalillo de Cega,Extranjero,0
40022 Armuña,Total,252
40022 Armuña,España,220
40022 Armuña,Extranjero,32
40024 Ayllón,Total,1.100
40024 Ayllón,España,923
40024 Ayllón,Extranjero,177
40025 Barbolla,Total,142
40025 Barbolla,España,112
40025 Barbolla,Extranjero,30
40026 Basardilla,Total,137
40026 Basardilla,España,129
40026 Basardilla,Extranjero,8
40028 Bercial,Total,100
40028 Bercial,España,89
40028 Bercial,Extranjero,11
40029 Bercimuel,Total,34
40029 Bercimuel,España,31
40029 Bercimuel,Extranjero,3
40030 Bernardos,Total,462
40030 Bernardos,España,422
40030 Bernardos,Extranjero,40
40031 Bernuy de Porreros,Total,1.343
40031 Bernuy de Porreros,España,1.004
40031 Bernuy de Porreros,Extranjero,339
40032 Boceguillas,Total,746
40032 Boceguillas,España,461
40032 Boceguillas,Extranjero,285
40033 Brieva,Total,97
40033 Brieva,España,77
40033 Brieva,Extranjero,20
40034 Caballar,Total,78
40034 Caballar,España,72
40034 Caballar,Extranjero,6
40035 Cabañas de Polendos,Total,203
40035 Cabañas de Polendos,España,189
40035 Cabañas de Polendos,Extranjero,14
40036 Cabezuela,Total,655
40036 Cabezuela,España,558
40036 Cabezuela,Extranjero,97
40037 Calabazas de Fuentidueña,Total,23
40037 Calabazas de Fuentidueña,España,23
40037 Calabazas de Fuentidueña,Extranjero,0
40039 Campo de San Pedro,Total,256
40039 Campo de San Pedro,España,199
40039 Campo de San Pedro,Extranjero,57
40040 Cantalejo,Total,3.615
40040 Cantalejo,España,2.721
40040 Cantalejo,Extranjero,894
40041 Cantimpalos,Total,1.527
40041 Cantimpalos,España,1.183
40041 Cantimpalos,Extranjero,344
40043 Carbonero el Mayor,Total,2.461
40043 Carbonero el Mayor,España,2.013
40043 Carbonero el Mayor,Extranjero,448
40044 Carrascal del Río,Total,142
40044 Carrascal del Río,España,128
40044 Carrascal del Río,Extranjero,14
40045 Casla,Total,156
40045 Casla,España,126
40045 Casla,Extranjero,30
40046 Castillejo de Mesleón,Total,122
40046 Castillejo de Mesleón,España,91
40046 Castillejo de Mesleón,Extranjero,31
40047 Castro de Fuentidueña,Total,41
40047 Castro de Fuentidueña,España,37
40047 Castro de Fuentidueña,Extranjero,4
40048 Castrojimeno,Total,27
40048 Castrojimeno,España,25
40048 Castrojimeno,Extranjero,2
40049 Castroserna de Abajo,Total,31
40049 Castroserna de Abajo,España,31
40049 Castroserna de Abajo,Extranjero,0
40051 Castroserracín,Total,24
40051 Castroserracín,España,20
40051 Castroserracín,Extranjero,4
40052 Cedillo de la Torre,Total,80
40052 Cedillo de la Torre,España,71
40052 Cedillo de la Torre,Extranjero,9
40053 Cerezo de Abajo,Total,152
40053 Cerezo de Abajo,España,100
40053 Cerezo de Abajo,Extranjero,52
40054 Cerezo de Arriba,Total,119
40054 Cerezo de Arriba,España,99
40054 Cerezo de Arriba,Extranjero,20
40055 Cilleruelo de San Mamés,Total,41
40055 Cilleruelo de San Mamés,España,40
40055 Cilleruelo de San Mamés,Extranjero,1
40056 Cobos de Fuentidueña,Total,25
40056 Cobos de Fuentidueña,España,22
40056 Cobos de Fuentidueña,Extranjero,3
40057 Coca,Total,1.710
40057 Coca,España,1.488
40057 Coca,Extranjero,222
40058 Codorniz,Total,294
40058 Codorniz,España,288
40058 Codorniz,Extranjero,6
40059 Collado Hermoso,Total,115
40059 Collado Hermoso,España,107
40059 Collado Hermoso,Extranjero,8
40060 Condado de Castilnovo,Total,73
40060 Condado de Castilnovo,España,65
40060 Condado de Castilnovo,Extranjero,8
40061 Corral de Ayllón,Total,75
40061 Corral de Ayllón,España,65
40061 Corral de Ayllón,Extranjero,10
40062 Cubillo,Total,74
40062 Cubillo,España,57
40062 Cubillo,Extranjero,17
40063 Cuéllar,Total,9.451
40063 Cuéllar,España,7.738
40063 Cuéllar,Extranjero,1.713
40065 Chañe,Total,766
40065 Chañe,España,469
40065 Chañe,Extranjero,297
40068 Domingo García,Total,28
40068 Domingo García,España,28
40068 Domingo García,Extranjero,0
40069 Donhierro,Total,73
40069 Donhierro,España,65
40069 Donhierro,Extranjero,8
40070 Duruelo,Total,172
40070 Duruelo,España,136
40070 Duruelo,Extranjero,36
40071 Encinas,Total,39
40071 Encinas,España,34
40071 Encinas,Extranjero,5
40072 Encinillas,Total,363
40072 Encinillas,España,342
40072 Encinillas,Extranjero,21
40073 Escalona del Prado,Total,474
40073 Escalona del Prado,España,396
40073 Escalona del Prado,Extranjero,78
40074 Escarabajosa de Cabezas,Total,272
40074 Escarabajosa de Cabezas,España,250
40074 Escarabajosa de Cabezas,Extranjero,22
40075 Escobar de Polendos,Total,172
40075 Escobar de Polendos,España,159
40075 Escobar de Polendos,Extranjero,13
"40076 Espinar, El",Total,10.410
"40076 Espinar, El",España,8.333
"40076 Espinar, El",Extranjero,2.077
40077 Espirdo,Total,1.622
40077 Espirdo,España,1.363
40077 Espirdo,Extranjero,259
40078 Fresneda de Cuéllar,Total,161
40078 Fresneda de Cuéllar,España,139
40078 Fresneda de Cuéllar,Extranjero,22
40079 Fresno de Cantespino,Total,290
40079 Fresno de Cantespino,España,259
40079 Fresno de Cantespino,Extranjero,31
40080 Fresno de la Fuente,Total,80
40080 Fresno de la Fuente,España,65
40080 Fresno de la Fuente,Extranjero,15
40081 Frumales,Total,121
40081 Frumales,España,117
40081 Frumales,Extranjero,4
40082 Fuente de Santa Cruz,Total,105
40082 Fuente de Santa Cruz,España,97
40082 Fuente de Santa Cruz,Extranjero,8
40083 Fuente el Olmo de Fuentidueña,Total,393
40083 Fuente el Olmo de Fuentidueña,España,70
40083 Fuente el Olmo de Fuentidueña,Extranjero,323
40084 Fuente el Olmo de Íscar,Total,51
40084 Fuente el Olmo de Íscar,España,48
40084 Fuente el Olmo de Íscar,Extranjero,3
40086 Fuentepelayo,Total,763
40086 Fuentepelayo,España,676
40086 Fuentepelayo,Extranjero,87
40087 Fuentepiñel,Total,64
40087 Fuentepiñel,España,59
40087 Fuentepiñel,Extranjero,5
40088 Fuenterrebollo,Total,310
40088 Fuenterrebollo,España,260
40088 Fuenterrebollo,Extranjero,50
40089 Fuentesaúco de Fuentidueña,Total,219
40089 Fuentesaúco de Fuentidueña,España,201
40089 Fuentesaúco de Fuentidueña,Extranjero,18
40091 Fuentesoto,Total,96
40091 Fuentesoto,España,90
40091 Fuentesoto,Extranjero,6
40092 Fuentidueña,Total,126
40092 Fuentidueña,España,103
40092 Fuentidueña,Extranjero,23
40093 Gallegos,Total,96
40093 Gallegos,España,81
40093 Gallegos,Extranjero,15
40094 Garcillán,Total,513
40094 Garcillán,España,439
40094 Garcillán,Extranjero,74
40095 Gomezserracín,Total,611
40095 Gomezserracín,España,456
40095 Gomezserracín,Extranjero,155
40097 Grajera,Total,253
40097 Grajera,España,178
40097 Grajera,Extranjero,75
40099 Honrubia de la Cuesta,Total,49
40099 Honrubia de la Cuesta,España,43
40099 Honrubia de la Cuesta,Extranjero,6
40100 Hontalbilla,Total,276
40100 Hontalbilla,España,255
40100 Hontalbilla,Extranjero,21
40101 Hontanares de Eresma,Total,1.678
40101 Hontanares de Eresma,España,1.464
40101 Hontanares de Eresma,Extranjero,214
"40103 Huertos, Los",Total,174
"40103 Huertos, Los",España,160
"40103 Huertos, Los",Extranjero,14
40104 Ituero y Lama,Total,492
40104 Ituero y Lama,España,382
40104 Ituero y Lama,Extranjero,110
40105 Juarros de Riomoros,Total,57
40105 Juarros de Riomoros,España,48
40105 Juarros de Riomoros,Extranjero,9
40106 Juarros de Voltoya,Total,187
40106 Juarros de Voltoya,España,173
40106 Juarros de Voltoya,Extranjero,14
40107 Labajos,Total,105
40107 Labajos,España,74
40107 Labajos,Extranjero,31
40108 Laguna de Contreras,Total,110
40108 Laguna de Contreras,España,109
40108 Laguna de Contreras,Extranjero,1
40109 Languilla,Total,83
40109 Languilla,España,72
40109 Languilla,Extranjero,11
40110 Lastras de Cuéllar,Total,298
40110 Lastras de Cuéllar,España,281
40110 Lastras de Cuéllar,Extranjero,17
40111 Lastras del Pozo,Total,55
40111 Lastras del Pozo,España,47
40111 Lastras del Pozo,Extranjero,8
"40112 Lastrilla, La",Total,4.770
"40112 Lastrilla, La",España,4.054
"40112 Lastrilla, La",Extranjero,716
"40113 Losa, La",Total,541
"40113 Losa, La",España,493
"40113 Losa, La",Extranjero,48
40115 Maderuelo,Total,101
40115 Maderuelo,España,91
40115 Maderuelo,Extranjero,10
40118 Marazuela,Total,58
40118 Marazuela,España,57
40118 Marazuela,Extranjero,1
40119 Martín Miguel,Total,279
40119 Martín Miguel,España,214
40119 Martín Miguel,Extranjero,65
40120 Martín Muñoz de la Dehesa,Total,307
40120 Martín Muñoz de la Dehesa,España,295
40120 Martín Muñoz de la Dehesa,Extranjero,12
40121 Martín Muñoz de las Posadas,Total,259
40121 Martín Muñoz de las Posadas,España,235
40121 Martín Muñoz de las Posadas,Extranjero,24
40122 Marugán,Total,774
40122 Marugán,España,646
40122 Marugán,Extranjero,128
40123 Matabuena,Total,207
40123 Matabuena,España,156
40123 Matabuena,Extranjero,51
40124 Mata de Cuéllar,Total,261
40124 Mata de Cuéllar,España,243
40124 Mata de Cuéllar,Extranjero,18
"40125 Matilla, La",Total,72
"40125 Matilla, La",España,67
"40125 Matilla, La",Extranjero,5
40126 Melque de Cercos,Total,57
40126 Melque de Cercos,España,55
40126 Melque de Cercos,Extranjero,2
40127 Membibre de la Hoz,Total,42
40127 Membibre de la Hoz,España,33
40127 Membibre de la Hoz,Extranjero,9
40128 Migueláñez,Total,137
40128 Migueláñez,España,126
40128 Migueláñez,Extranjero,11
40129 Montejo de Arévalo,Total,157
40129 Montejo de Arévalo,España,148
40129 Montejo de Arévalo,Extranjero,9
40130 Montejo de la Vega de la Serrezuela,Total,122
40130 Montejo de la Vega de la Serrezuela,España,118
40130 Montejo de la Vega de la Serrezuela,Extranjero,4
40131 Monterrubio,Total,51
40131 Monterrubio,España,51
40131 Monterrubio,Extranjero,0
40132 Moral de Hornuez,Total,37
40132 Moral de Hornuez,España,37
40132 Moral de Hornuez,Extranjero,0
40134 Mozoncillo,Total,914
40134 Mozoncillo,España,698
40134 Mozoncillo,Extranjero,216
40135 Muñopedro,Total,296
40135 Muñopedro,España,262
40135 Muñopedro,Extranjero,34
40136 Muñoveros,Total,145
40136 Muñoveros,España,122
40136 Muñoveros,Extranjero,23
40138 Nava de la Asunción,Total,2.787
40138 Nava de la Asunción,España,2.249
40138 Nava de la Asunción,Extranjero,538
40139 Navafría,Total,283
40139 Navafría,España,244
40139 Navafría,Extranjero,39
40140 Navalilla,Total,90
40140 Navalilla,España,69
40140 Navalilla,Extranjero,21
40141 Navalmanzano,Total,1.047
40141 Navalmanzano,España,912
40141 Navalmanzano,Extranjero,135
40142 Navares de Ayuso,Total,62
40142 Navares de Ayuso,España,56
40142 Navares de Ayuso,Extranjero,6
40143 Navares de Enmedio,Total,90
40143 Navares de Enmedio,España,85
40143 Navares de Enmedio,Extranjero,5
40144 Navares de las Cuevas,Total,22
40144 Navares de las Cuevas,España,18
40144 Navares de las Cuevas,Extranjero,4
40145 Navas de Oro,Total,1.302
40145 Navas de Oro,España,1.162
40145 Navas de Oro,Extranjero,140
40146 Navas de San Antonio,Total,385
40146 Navas de San Antonio,España,307
40146 Navas de San Antonio,Extranjero,78
40148 Nieva,Total,258
40148 Nieva,España,216
40148 Nieva,Extranjero,42
40149 Olombrada,Total,490
40149 Olombrada,España,429
40149 Olombrada,Extranjero,61
40150 Orejana,Total,61
40150 Orejana,España,58
40150 Orejana,Extranjero,3
40151 Ortigosa de Pestaño,Total,51
40151 Ortigosa de Pestaño,España,36
40151 Ortigosa de Pestaño,Extranjero,15
40152 Otero de Herreros,Total,986
40152 Otero de Herreros,España,867
40152 Otero de Herreros,Extranjero,119
40154 Pajarejos,Total,22
40154 Pajarejos,España,19
40154 Pajarejos,Extranjero,3
40155 Palazuelos de Eresma,Total,6.114
40155 Palazuelos de Eresma,España,5.610
40155 Palazuelos de Eresma,Extranjero,504
40156 Pedraza,Total,334
40156 Pedraza,España,281
40156 Pedraza,Extranjero,53
40157 Pelayos del Arroyo,Total,45
40157 Pelayos del Arroyo,España,44
40157 Pelayos del Arroyo,Extranjero,1
40158 Perosillo,Total,23
40158 Perosillo,España,21
40158 Perosillo,Extranjero,2
40159 Pinarejos,Total,205
40159 Pinarejos,España,119
40159 Pinarejos,Extranjero,86
40160 Pinarnegrillo,Total,97
40160 Pinarnegrillo,España,94
40160 Pinarnegrillo,Extranjero,3
40161 Carabias,Total,57
40161 Carabias,España,32
40161 Carabias,Extranjero,25
40162 Prádena,Total,468
40162 Prádena,España,389
40162 Prádena,Extranjero,79
40163 Puebla de Pedraza,Total,56
40163 Puebla de Pedraza,España,49
40163 Puebla de Pedraza,Extranjero,7
40164 Rapariegos,Total,186
40164 Rapariegos,España,165
40164 Rapariegos,Extranjero,21
40165 Rebollo,Total,70
40165 Rebollo,España,65
40165 Rebollo,Extranjero,5
40166 Remondo,Total,327
40166 Remondo,España,278
40166 Remondo,Extranjero,49
40168 Riaguas de San Bartolomé,Total,28
40168 Riaguas de San Bartolomé,España,25
40168 Riaguas de San Bartolomé,Extranjero,3
40170 Riaza,Total,2.131
40170 Riaza,España,1.607
40170 Riaza,Extranjero,524
40171 Ribota,Total,40
40171 Ribota,España,37
40171 Ribota,Extranjero,3
40172 Riofrío de Riaza,Total,29
40172 Riofrío de Riaza,España,27
40172 Riofrío de Riaza,Extranjero,2
40173 Roda de Eresma,Total,260
40173 Roda de Eresma,España,205
40173 Roda de Eresma,Extranjero,55
40174 Sacramenia,Total,334
40174 Sacramenia,España,286
40174 Sacramenia,Extranjero,48
40176 Samboal,Total,459
40176 Samboal,España,382
40176 Samboal,Extranjero,77
40177 San Cristóbal de Cuéllar,Total,161
40177 San Cristóbal de Cuéllar,España,129
40177 San Cristóbal de Cuéllar,Extranjero,32
40178 San Cristóbal de la Vega,Total,81
40178 San Cristóbal de la Vega,España,79
40178 San Cristóbal de la Vega,Extranjero,2
40179 Sanchonuño,Total,1.046
40179 Sanchonuño,España,735
40179 Sanchonuño,Extranjero,311
40180 Sangarcía,Total,280
40180 Sangarcía,España,246
40180 Sangarcía,Extranjero,34
40181 Real Sitio de San Ildefonso,Total,5.206
40181 Real Sitio de San Ildefonso,España,4.719
40181 Real Sitio de San Ildefonso,Extranjero,487
40182 San Martín y Mudrián,Total,260
40182 San Martín y Mudrián,España,176
40182 San Martín y Mudrián,Extranjero,84
40183 San Miguel de Bernuy,Total,120
40183 San Miguel de Bernuy,España,103
40183 San Miguel de Bernuy,Extranjero,17
40184 San Pedro de Gaíllos,Total,314
40184 San Pedro de Gaíllos,España,276
40184 San Pedro de Gaíllos,Extranjero,38
40185 Santa María la Real de Nieva,Total,910
40185 Santa María la Real de Nieva,España,763
40185 Santa María la Real de Nieva,Extranjero,147
40186 Santa Marta del Cerro,Total,45
40186 Santa Marta del Cerro,España,42
40186 Santa Marta del Cerro,Extranjero,3
40188 Santiuste de Pedraza,Total,81
40188 Santiuste de Pedraza,España,74
40188 Santiuste de Pedraza,Extranjero,7
40189 Santiuste de San Juan Bautista,Total,534
40189 Santiuste de San Juan Bautista,España,493
40189 Santiuste de San Juan Bautista,Extranjero,41
40190 Santo Domingo de Pirón,Total,51
40190 Santo Domingo de Pirón,España,48
40190 Santo Domingo de Pirón,Extranjero,3
40191 Santo Tomé del Puerto,Total,232
40191 Santo Tomé del Puerto,España,202
40191 Santo Tomé del Puerto,Extranjero,30
40192 Sauquillo de Cabezas,Total,134
40192 Sauquillo de Cabezas,España,126
40192 Sauquillo de Cabezas,Extranjero,8
40193 Sebúlcor,Total,242
40193 Sebúlcor,España,213
40193 Sebúlcor,Extranjero,29
40194 Segovia,Total,52.189
40194 Segovia,España,41.766
40194 Segovia,Extranjero,10.423
40195 Sepúlveda,Total,977
40195 Sepúlveda,España,842
40195 Sepúlveda,Extranjero,135
40196 Sequera de Fresno,Total,39
40196 Sequera de Fresno,España,34
40196 Sequera de Fresno,Extranjero,5
40198 Sotillo,Total,30
40198 Sotillo,España,29
40198 Sotillo,Extranjero,1
40199 Sotosalbos,Total,130
40199 Sotosalbos,España,122
40199 Sotosalbos,Extranjero,8
40200 Tabanera la Luenga,Total,55
40200 Tabanera la Luenga,España,43
40200 Tabanera la Luenga,Extranjero,12
40201 Tolocirio,Total,37
40201 Tolocirio,España,33
40201 Tolocirio,Extranjero,4
40202 Torreadrada,Total,53
40202 Torreadrada,España,49
40202 Torreadrada,Extranjero,4
40203 Torrecaballeros,Total,1.497
40203 Torrecaballeros,España,1.324
40203 Torrecaballeros,Extranjero,173
40204 Torrecilla del Pinar,Total,190
40204 Torrecilla del Pinar,España,142
40204 Torrecilla del Pinar,Extranjero,48
40205 Torreiglesias,Total,257
40205 Torreiglesias,España,221
40205 Torreiglesias,Extranjero,36
40206 Torre Val de San Pedro,Total,165
40206 Torre Val de San Pedro,España,158
40206 Torre Val de San Pedro,Extranjero,7
40207 Trescasas,Total,1.127
40207 Trescasas,España,1.084
40207 Trescasas,Extranjero,43
40208 Turégano,Total,1.005
40208 Turégano,España,738
40208 Turégano,Extranjero,267
40210 Urueñas,Total,105
40210 Urueñas,España,104
40210 Urueñas,Extranjero,1
40211 Valdeprados,Total,63
40211 Valdeprados,España,55
40211 Valdeprados,Extranjero,8
40212 Valdevacas de Montejo,Total,28
40212 Valdevacas de Montejo,España,27
40212 Valdevacas de Montejo,Extranjero,1
40213 Valdevacas y Guijar,Total,84
40213 Valdevacas y Guijar,España,68
40213 Valdevacas y Guijar,Extranjero,16
40214 Valseca,Total,208
40214 Valseca,España,183
40214 Valseca,Extranjero,25
40215 Valtiendas,Total,75
40215 Valtiendas,España,69
40215 Valtiendas,Extranjero,6
40216 Valverde del Majano,Total,1.101
40216 Valverde del Majano,España,969
40216 Valverde del Majano,Extranjero,132
40218 Valle de Tabladillo,Total,79
40218 Valle de Tabladillo,España,76
40218 Valle de Tabladillo,Extranjero,3
40219 Vallelado,Total,745
40219 Vallelado,España,610
40219 Vallelado,Extranjero,135
40220 Valleruela de Pedraza,Total,61
40220 Valleruela de Pedraza,España,60
40220 Valleruela de Pedraza,Extranjero,1
40221 Valleruela de Sepúlveda,Total,48
40221 Valleruela de Sepúlveda,España,47
40221 Valleruela de Sepúlveda,Extranjero,1
40222 Veganzones,Total,211
40222 Veganzones,España,164
40222 Veganzones,Extranjero,47
40223 Vegas de Matute,Total,373
40223 Vegas de Matute,España,294
40223 Vegas de Matute,Extranjero,79
40224 Ventosilla y Tejadilla,Total,17
40224 Ventosilla y Tejadilla,España,16
40224 Ventosilla y Tejadilla,Extranjero,1
40225 Villacastín,Total,1.559
40225 Villacastín,España,1.250
40225 Villacastín,Extranjero,309
40228 Villaverde de Íscar,Total,579
40228 Villaverde de Íscar,España,519
40228 Villaverde de Íscar,Extranjero,60
40229 Villaverde de Montejo,Total,22
40229 Villaverde de Montejo,España,20
40229 Villaverde de Montejo,Extranjero,2
40230 Villeguillo,Total,129
40230 Villeguillo,España,114
40230 Villeguillo,Extranjero,15
40231 Yanguas de Eresma,Total,126
40231 Yanguas de Eresma,España,108
40231 Yanguas de Eresma,Extranjero,18
40233 Zarzuela del Monte,Total,507
40233 Zarzuela del Monte,España,442
40233 Zarzuela del Monte,Extranjero,65
40234 Zarzuela del Pinar,Total,408
40234 Zarzuela del Pinar,España,390
40234 Zarzuela del Pinar,Extranjero,18
40901 Ortigosa del Monte,Total,609
40901 Ortigosa del Monte,España,568
40901 Ortigosa del Monte,Extranjero,41
40902 Cozuelos de Fuentidueña,Total,102
40902 Cozuelos de Fuentidueña,España,95
40902 Cozuelos de Fuentidueña,Extranjero,7
40903 Marazoleja,Total,97
40903 Marazoleja,España,80
40903 Marazoleja,Extranjero,17
40904 Navas de Riofrío,Total,435
40904 Navas de Riofrío,España,409
40904 Navas de Riofrío,Extranjero,26
40905 Cuevas de Provanco,Total,130
40905 Cuevas de Provanco,España,125
40905 Cuevas de Provanco,Extranjero,5
40906 San Cristóbal de Segovia,Total,3.154
40906 San Cristóbal de Segovia,España,2.811
40906 San Cristóbal de Segovia,Extranjero,343
41001 Aguadulce,Total,2.107
41001 Aguadulce,España,1.936
41001 Aguadulce,Extranjero,171
41002 Alanís,Total,1.639
41002 Alanís,España,1.598
41002 Alanís,Extranjero,41
41003 Albaida del Aljarafe,Total,3.221
41003 Albaida del Aljarafe,España,3.116
41003 Albaida del Aljarafe,Extranjero,105
41004 Alcalá de Guadaíra,Total,77.718
41004 Alcalá de Guadaíra,España,73.495
41004 Alcalá de Guadaíra,Extranjero,4.223
41005 Alcalá del Río,Total,12.353
41005 Alcalá del Río,España,11.829
41005 Alcalá del Río,Extranjero,524
41006 Alcolea del Río,Total,3.266
41006 Alcolea del Río,España,3.217
41006 Alcolea del Río,Extranjero,49
"41007 Algaba, La",Total,16.862
"41007 Algaba, La",España,16.020
"41007 Algaba, La",Extranjero,842
41008 Algámitas,Total,1.260
41008 Algámitas,España,1.183
41008 Algámitas,Extranjero,77
41009 Almadén de la Plata,Total,1.329
41009 Almadén de la Plata,España,1.270
41009 Almadén de la Plata,Extranjero,59
41010 Almensilla,Total,6.670
41010 Almensilla,España,6.282
41010 Almensilla,Extranjero,388
41011 Arahal,Total,19.558
41011 Arahal,España,19.039
41011 Arahal,Extranjero,519
41012 Aznalcázar,Total,4.931
41012 Aznalcázar,España,4.477
41012 Aznalcázar,Extranjero,454
41013 Aznalcóllar,Total,6.106
41013 Aznalcóllar,España,5.899
41013 Aznalcóllar,Extranjero,207
41014 Badolatosa,Total,3.074
41014 Badolatosa,España,2.978
41014 Badolatosa,Extranjero,96
41015 Benacazón,Total,7.403
41015 Benacazón,España,7.124
41015 Benacazón,Extranjero,279
41016 Bollullos de la Mitación,Total,11.443
41016 Bollullos de la Mitación,España,10.658
41016 Bollullos de la Mitación,Extranjero,785
41017 Bormujos,Total,23.086
41017 Bormujos,España,21.426
41017 Bormujos,Extranjero,1.660
41018 Brenes,Total,12.931
41018 Brenes,España,11.505
41018 Brenes,Extranjero,1.426
41019 Burguillos,Total,7.505
41019 Burguillos,España,6.862
41019 Burguillos,Extranjero,643
"41020 Cabezas de San Juan, Las",Total,16.393
"41020 Cabezas de San Juan, Las",España,15.990
"41020 Cabezas de San Juan, Las",Extranjero,403
41021 Camas,Total,29.191
41021 Camas,España,26.495
41021 Camas,Extranjero,2.696
"41022 Campana, La",Total,5.120
"41022 Campana, La",España,4.913
"41022 Campana, La",Extranjero,207
41023 Cantillana,Total,10.768
41023 Cantillana,España,9.840
41023 Cantillana,Extranjero,928
41024 Carmona,Total,30.408
41024 Carmona,España,28.567
41024 Carmona,Extranjero,1.841
41025 Carrión de los Céspedes,Total,2.638
41025 Carrión de los Céspedes,España,2.490
41025 Carrión de los Céspedes,Extranjero,148
41026 Casariche,Total,5.288
41026 Casariche,España,4.982
41026 Casariche,Extranjero,306
41027 Castilblanco de los Arroyos,Total,5.191
41027 Castilblanco de los Arroyos,España,4.865
41027 Castilblanco de los Arroyos,Extranjero,326
41028 Castilleja de Guzmán,Total,2.846
41028 Castilleja de Guzmán,España,2.707
41028 Castilleja de Guzmán,Extranjero,139
41029 Castilleja de la Cuesta,Total,17.068
41029 Castilleja de la Cuesta,España,15.616
41029 Castilleja de la Cuesta,Extranjero,1.452
41030 Castilleja del Campo,Total,614
41030 Castilleja del Campo,España,573
41030 Castilleja del Campo,Extranjero,41
"41031 Castillo de las Guardas, El",Total,1.505
"41031 Castillo de las Guardas, El",España,1.411
"41031 Castillo de las Guardas, El",Extranjero,94
41032 Cazalla de la Sierra,Total,4.637
41032 Cazalla de la Sierra,España,4.455
41032 Cazalla de la Sierra,Extranjero,182
41033 Constantina,Total,5.740
41033 Constantina,España,5.556
41033 Constantina,Extranjero,184
41034 Coria del Río,Total,31.292
41034 Coria del Río,España,29.113
41034 Coria del Río,Extranjero,2.179
41035 Coripe,Total,1.219
41035 Coripe,España,1.149
41035 Coripe,Extranjero,70
"41036 Coronil, El",Total,4.652
"41036 Coronil, El",España,4.447
"41036 Coronil, El",Extranjero,205
"41037 Corrales, Los",Total,4.011
"41037 Corrales, Los",España,3.815
"41037 Corrales, Los",Extranjero,196
41038 Dos Hermanas,Total,142.463
41038 Dos Hermanas,España,134.749
41038 Dos Hermanas,Extranjero,7.714
41039 Écija,Total,39.797
41039 Écija,España,38.046
41039 Écija,Extranjero,1.751
41040 Espartinas,Total,16.574
41040 Espartinas,España,15.340
41040 Espartinas,Extranjero,1.234
41041 Estepa,Total,12.437
41041 Estepa,España,11.711
41041 Estepa,Extranjero,726
41042 Fuentes de Andalucía,Total,7.250
41042 Fuentes de Andalucía,España,6.916
41042 Fuentes de Andalucía,Extranjero,334
"41043 Garrobo, El",Total,802
"41043 Garrobo, El",España,777
"41043 Garrobo, El",Extranjero,25
41044 Gelves,Total,10.558
41044 Gelves,España,9.913
41044 Gelves,Extranjero,645
41045 Gerena,Total,7.968
41045 Gerena,España,7.553
41045 Gerena,Extranjero,415
41046 Gilena,Total,3.655
41046 Gilena,España,3.504
41046 Gilena,Extranjero,151
41047 Gines,Total,13.660
41047 Gines,España,12.811
41047 Gines,Extranjero,849
41048 Guadalcanal,Total,2.548
41048 Guadalcanal,España,2.447
41048 Guadalcanal,Extranjero,101
41049 Guillena,Total,14.251
41049 Guillena,España,13.039
41049 Guillena,Extranjero,1.212
41050 Herrera,Total,6.584
41050 Herrera,España,6.303
41050 Herrera,Extranjero,281
41051 Huévar del Aljarafe,Total,3.406
41051 Huévar del Aljarafe,España,3.228
41051 Huévar del Aljarafe,Extranjero,178
41052 Lantejuela,Total,3.862
41052 Lantejuela,España,3.776
41052 Lantejuela,Extranjero,86
41053 Lebrija,Total,27.767
41053 Lebrija,España,26.753
41053 Lebrija,Extranjero,1.014
41054 Lora de Estepa,Total,889
41054 Lora de Estepa,España,826
41054 Lora de Estepa,Extranjero,63
41055 Lora del Río,Total,18.215
41055 Lora del Río,España,17.661
41055 Lora del Río,Extranjero,554
"41056 Luisiana, La",Total,4.620
"41056 Luisiana, La",España,4.479
"41056 Luisiana, La",Extranjero,141
"41057 Madroño, El",Total,288
"41057 Madroño, El",España,279
"41057 Madroño, El",Extranjero,9
41058 Mairena del Alcor,Total,24.354
41058 Mairena del Alcor,España,23.134
41058 Mairena del Alcor,Extranjero,1.220
41059 Mairena del Aljarafe,Total,48.032
41059 Mairena del Aljarafe,España,44.258
41059 Mairena del Aljarafe,Extranjero,3.774
41060 Marchena,Total,19.416
41060 Marchena,España,18.460
41060 Marchena,Extranjero,956
41061 Marinaleda,Total,2.578
41061 Marinaleda,España,2.526
41061 Marinaleda,Extranjero,52
41062 Martín de la Jara,Total,2.629
41062 Martín de la Jara,España,2.514
41062 Martín de la Jara,Extranjero,115
"41063 Molares, Los",Total,3.669
"41063 Molares, Los",España,3.542
"41063 Molares, Los",Extranjero,127
41064 Montellano,Total,7.035
41064 Montellano,España,6.864
41064 Montellano,Extranjero,171
41065 Morón de la Frontera,Total,27.200
41065 Morón de la Frontera,España,26.214
41065 Morón de la Frontera,Extranjero,986
"41066 Navas de la Concepción, Las",Total,1.502
"41066 Navas de la Concepción, Las",España,1.478
"41066 Navas de la Concepción, Las",Extranjero,24
41067 Olivares,Total,9.534
41067 Olivares,España,8.984
41067 Olivares,Extranjero,550
41068 Osuna,Total,17.390
41068 Osuna,España,16.749
41068 Osuna,Extranjero,641
"41069 Palacios y Villafranca, Los",Total,38.778
"41069 Palacios y Villafranca, Los",España,37.845
"41069 Palacios y Villafranca, Los",Extranjero,933
41070 Palomares del Río,Total,9.426
41070 Palomares del Río,España,8.902
41070 Palomares del Río,Extranjero,524
41071 Paradas,Total,6.766
41071 Paradas,España,6.572
41071 Paradas,Extranjero,194
41072 Pedrera,Total,5.098
41072 Pedrera,España,4.849
41072 Pedrera,Extranjero,249
"41073 Pedroso, El",Total,2.061
"41073 Pedroso, El",España,1.951
"41073 Pedroso, El",Extranjero,110
41074 Peñaflor,Total,3.627
41074 Peñaflor,España,3.531
41074 Peñaflor,Extranjero,96
41075 Pilas,Total,14.251
41075 Pilas,España,13.000
41075 Pilas,Extranjero,1.251
41076 Pruna,Total,2.471
41076 Pruna,España,2.351
41076 Pruna,Extranjero,120
"41077 Puebla de Cazalla, La",Total,10.837
"41077 Puebla de Cazalla, La",España,10.428
"41077 Puebla de Cazalla, La",Extranjero,409
"41078 Puebla de los Infantes, La",Total,2.941
"41078 Puebla de los Infantes, La",España,2.843
"41078 Puebla de los Infantes, La",Extranjero,98
"41079 Puebla del Río, La",Total,11.897
"41079 Puebla del Río, La",España,11.264
"41079 Puebla del Río, La",Extranjero,633
"41080 Real de la Jara, El",Total,1.515
"41080 Real de la Jara, El",España,1.467
"41080 Real de la Jara, El",Extranjero,48
"41081 Rinconada, La",Total,40.747
"41081 Rinconada, La",España,38.244
"41081 Rinconada, La",Extranjero,2.503
"41082 Roda de Andalucía, La",Total,4.168
"41082 Roda de Andalucía, La",España,3.977
"41082 Roda de Andalucía, La",Extranjero,191
"41083 Ronquillo, El",Total,1.454
"41083 Ronquillo, El",España,1.391
"41083 Ronquillo, El",Extranjero,63
"41084 Rubio, El",Total,3.296
"41084 Rubio, El",España,3.168
"41084 Rubio, El",Extranjero,128
41085 Salteras,Total,5.619
41085 Salteras,España,5.286
41085 Salteras,Extranjero,333
41086 San Juan de Aznalfarache,Total,23.455
41086 San Juan de Aznalfarache,España,19.356
41086 San Juan de Aznalfarache,Extranjero,4.099
41087 Sanlúcar la Mayor,Total,14.633
41087 Sanlúcar la Mayor,España,13.491
41087 Sanlúcar la Mayor,Extranjero,1.142
41088 San Nicolás del Puerto,Total,602
41088 San Nicolás del Puerto,España,588
41088 San Nicolás del Puerto,Extranjero,14
41089 Santiponce,Total,8.666
41089 Santiponce,España,8.182
41089 Santiponce,Extranjero,484
"41090 Saucejo, El",Total,4.195
"41090 Saucejo, El",España,4.012
"41090 Saucejo, El",Extranjero,183
41091 Sevilla,Total,688.714
41091 Sevilla,España,607.933
41091 Sevilla,Extranjero,80.781
41092 Tocina,Total,9.460
41092 Tocina,España,9.047
41092 Tocina,Extranjero,413
41093 Tomares,Total,25.577
41093 Tomares,España,23.744
41093 Tomares,Extranjero,1.833
41094 Umbrete,Total,9.482
41094 Umbrete,España,8.939
41094 Umbrete,Extranjero,543
41095 Utrera,Total,52.489
41095 Utrera,España,49.848
41095 Utrera,Extranjero,2.641
41096 Valencina de la Concepción,Total,8.051
41096 Valencina de la Concepción,España,7.565
41096 Valencina de la Concepción,Extranjero,486
41097 Villamanrique de la Condesa,Total,4.678
41097 Villamanrique de la Condesa,España,4.077
41097 Villamanrique de la Condesa,Extranjero,601
41098 Villanueva del Ariscal,Total,7.002
41098 Villanueva del Ariscal,España,6.645
41098 Villanueva del Ariscal,Extranjero,357
41099 Villanueva del Río y Minas,Total,5.079
41099 Villanueva del Río y Minas,España,4.829
41099 Villanueva del Río y Minas,Extranjero,250
41100 Villanueva de San Juan,Total,980
41100 Villanueva de San Juan,España,959
41100 Villanueva de San Juan,Extranjero,21
41101 Villaverde del Río,Total,7.884
41101 Villaverde del Río,España,7.439
41101 Villaverde del Río,Extranjero,445
"41102 Viso del Alcor, El",Total,19.473
"41102 Viso del Alcor, El",España,18.487
"41102 Viso del Alcor, El",Extranjero,986
41901 Cañada Rosal,Total,3.480
41901 Cañada Rosal,España,3.435
41901 Cañada Rosal,Extranjero,45
41902 Isla Mayor,Total,5.760
41902 Isla Mayor,España,5.537
41902 Isla Mayor,Extranjero,223
"41903 Cuervo de Sevilla, El",Total,8.779
"41903 Cuervo de Sevilla, El",España,8.379
"41903 Cuervo de Sevilla, El",Extranjero,400
"41904 Palmar de Troya, El",Total,2.297
"41904 Palmar de Troya, El",España,2.133
"41904 Palmar de Troya, El",Extranjero,164
42001 Abejar,Total,285
42001 Abejar,España,224
42001 Abejar,Extranjero,61
42003 Adradas,Total,71
42003 Adradas,España,70
42003 Adradas,Extranjero,1
42004 Ágreda,Total,3.121
42004 Ágreda,España,2.454
42004 Ágreda,Extranjero,667
42006 Alconaba,Total,197
42006 Alconaba,España,184
42006 Alconaba,Extranjero,13
42007 Alcubilla de Avellaneda,Total,114
42007 Alcubilla de Avellaneda,España,93
42007 Alcubilla de Avellaneda,Extranjero,21
42008 Alcubilla de las Peñas,Total,61
42008 Alcubilla de las Peñas,España,52
42008 Alcubilla de las Peñas,Extranjero,9
42009 Aldealafuente,Total,84
42009 Aldealafuente,España,76
42009 Aldealafuente,Extranjero,8
42010 Aldealices,Total,22
42010 Aldealices,España,19
42010 Aldealices,Extranjero,3
42011 Aldealpozo,Total,18
42011 Aldealpozo,España,10
42011 Aldealpozo,Extranjero,8
42012 Aldealseñor,Total,29
42012 Aldealseñor,España,24
42012 Aldealseñor,Extranjero,5
42013 Aldehuela de Periáñez,Total,27
42013 Aldehuela de Periáñez,España,26
42013 Aldehuela de Periáñez,Extranjero,1
"42014 Aldehuelas, Las",Total,59
"42014 Aldehuelas, Las",España,55
"42014 Aldehuelas, Las",Extranjero,4
42015 Alentisque,Total,23
42015 Alentisque,España,23
42015 Alentisque,Extranjero,0
42016 Aliud,Total,20
42016 Aliud,España,17
42016 Aliud,Extranjero,3
42017 Almajano,Total,178
42017 Almajano,España,150
42017 Almajano,Extranjero,28
42018 Almaluez,Total,114
42018 Almaluez,España,108
42018 Almaluez,Extranjero,6
42019 Almarza,Total,602
42019 Almarza,España,539
42019 Almarza,Extranjero,63
42020 Almazán,Total,5.534
42020 Almazán,España,4.480
42020 Almazán,Extranjero,1.054
42021 Almazul,Total,61
42021 Almazul,España,59
42021 Almazul,Extranjero,2
42022 Almenar de Soria,Total,233
42022 Almenar de Soria,España,206
42022 Almenar de Soria,Extranjero,27
42023 Alpanseque,Total,52
42023 Alpanseque,España,52
42023 Alpanseque,Extranjero,0
42024 Arancón,Total,73
42024 Arancón,España,73
42024 Arancón,Extranjero,0
42025 Arcos de Jalón,Total,1.529
42025 Arcos de Jalón,España,1.216
42025 Arcos de Jalón,Extranjero,313
42026 Arenillas,Total,31
42026 Arenillas,España,25
42026 Arenillas,Extranjero,6
42027 Arévalo de la Sierra,Total,71
42027 Arévalo de la Sierra,España,71
42027 Arévalo de la Sierra,Extranjero,0
42028 Ausejo de la Sierra,Total,115
42028 Ausejo de la Sierra,España,105
42028 Ausejo de la Sierra,Extranjero,10
42029 Baraona,Total,116
42029 Baraona,España,107
42029 Baraona,Extranjero,9
42030 Barca,Total,116
42030 Barca,España,101
42030 Barca,Extranjero,15
42031 Barcones,Total,25
42031 Barcones,España,25
42031 Barcones,Extranjero,0
42032 Bayubas de Abajo,Total,150
42032 Bayubas de Abajo,España,124
42032 Bayubas de Abajo,Extranjero,26
42033 Bayubas de Arriba,Total,56
42033 Bayubas de Arriba,España,56
42033 Bayubas de Arriba,Extranjero,0
42034 Beratón,Total,38
42034 Beratón,España,32
42034 Beratón,Extranjero,6
42035 Berlanga de Duero,Total,812
42035 Berlanga de Duero,España,693
42035 Berlanga de Duero,Extranjero,119
42036 Blacos,Total,36
42036 Blacos,España,36
42036 Blacos,Extranjero,0
42037 Bliecos,Total,25
42037 Bliecos,España,25
42037 Bliecos,Extranjero,0
42038 Borjabad,Total,29
42038 Borjabad,España,29
42038 Borjabad,Extranjero,0
42039 Borobia,Total,217
42039 Borobia,España,201
42039 Borobia,Extranjero,16
42041 Buberos,Total,27
42041 Buberos,España,27
42041 Buberos,Extranjero,0
42042 Buitrago,Total,68
42042 Buitrago,España,65
42042 Buitrago,Extranjero,3
42043 Burgo de Osma-Ciudad de Osma,Total,5.263
42043 Burgo de Osma-Ciudad de Osma,España,4.286
42043 Burgo de Osma-Ciudad de Osma,Extranjero,977
42044 Cabrejas del Campo,Total,48
42044 Cabrejas del Campo,España,46
42044 Cabrejas del Campo,Extranjero,2
42045 Cabrejas del Pinar,Total,290
42045 Cabrejas del Pinar,España,253
42045 Cabrejas del Pinar,Extranjero,37
42046 Calatañazor,Total,43
42046 Calatañazor,España,40
42046 Calatañazor,Extranjero,3
42048 Caltojar,Total,53
42048 Caltojar,España,50
42048 Caltojar,Extranjero,3
42049 Candilichera,Total,99
42049 Candilichera,España,92
42049 Candilichera,Extranjero,7
42050 Cañamaque,Total,29
42050 Cañamaque,España,28
42050 Cañamaque,Extranjero,1
42051 Carabantes,Total,21
42051 Carabantes,España,13
42051 Carabantes,Extranjero,8
42052 Caracena,Total,13
42052 Caracena,España,13
42052 Caracena,Extranjero,0
42053 Carrascosa de Abajo,Total,18
42053 Carrascosa de Abajo,España,18
42053 Carrascosa de Abajo,Extranjero,0
42054 Carrascosa de la Sierra,Total,19
42054 Carrascosa de la Sierra,España,19
42054 Carrascosa de la Sierra,Extranjero,0
42055 Casarejos,Total,145
42055 Casarejos,España,141
42055 Casarejos,Extranjero,4
42056 Castilfrío de la Sierra,Total,37
42056 Castilfrío de la Sierra,España,30
42056 Castilfrío de la Sierra,Extranjero,7
42057 Castilruiz,Total,170
42057 Castilruiz,España,128
42057 Castilruiz,Extranjero,42
42058 Castillejo de Robledo,Total,101
42058 Castillejo de Robledo,España,98
42058 Castillejo de Robledo,Extranjero,3
42059 Centenera de Andaluz,Total,19
42059 Centenera de Andaluz,España,18
42059 Centenera de Andaluz,Extranjero,1
42060 Cerbón,Total,27
42060 Cerbón,España,27
42060 Cerbón,Extranjero,0
42061 Cidones,Total,313
42061 Cidones,España,296
42061 Cidones,Extranjero,17
42062 Cigudosa,Total,14
42062 Cigudosa,España,13
42062 Cigudosa,Extranjero,1
42063 Cihuela,Total,35
42063 Cihuela,España,32
42063 Cihuela,Extranjero,3
42064 Ciria,Total,68
42064 Ciria,España,66
42064 Ciria,Extranjero,2
42065 Cirujales del Río,Total,21
42065 Cirujales del Río,España,21
42065 Cirujales del Río,Extranjero,0
42068 Coscurita,Total,69
42068 Coscurita,España,66
42068 Coscurita,Extranjero,3
42069 Covaleda,Total,1.562
42069 Covaleda,España,1.525
42069 Covaleda,Extranjero,37
42070 Cubilla,Total,22
42070 Cubilla,España,22
42070 Cubilla,Extranjero,0
42071 Cubo de la Solana,Total,183
42071 Cubo de la Solana,España,149
42071 Cubo de la Solana,Extranjero,34
42073 Cueva de Ágreda,Total,67
42073 Cueva de Ágreda,España,66
42073 Cueva de Ágreda,Extranjero,1
42075 Dévanos,Total,72
42075 Dévanos,España,68
42075 Dévanos,Extranjero,4
42076 Deza,Total,163
42076 Deza,España,151
42076 Deza,Extranjero,12
42078 Duruelo de la Sierra,Total,1.036
42078 Duruelo de la Sierra,España,999
42078 Duruelo de la Sierra,Extranjero,37
42079 Escobosa de Almazán,Total,19
42079 Escobosa de Almazán,España,19
42079 Escobosa de Almazán,Extranjero,0
42080 Espeja de San Marcelino,Total,162
42080 Espeja de San Marcelino,España,149
42080 Espeja de San Marcelino,Extranjero,13
42081 Espejón,Total,127
42081 Espejón,España,124
42081 Espejón,Extranjero,3
42082 Estepa de San Juan,Total,13
42082 Estepa de San Juan,España,13
42082 Estepa de San Juan,Extranjero,0
42083 Frechilla de Almazán,Total,21
42083 Frechilla de Almazán,España,20
42083 Frechilla de Almazán,Extranjero,1
42084 Fresno de Caracena,Total,16
42084 Fresno de Caracena,España,16
42084 Fresno de Caracena,Extranjero,0
42085 Fuentearmegil,Total,148
42085 Fuentearmegil,España,142
42085 Fuentearmegil,Extranjero,6
42086 Fuentecambrón,Total,29
42086 Fuentecambrón,España,28
42086 Fuentecambrón,Extranjero,1
42087 Fuentecantos,Total,65
42087 Fuentecantos,España,61
42087 Fuentecantos,Extranjero,4
42088 Fuentelmonge,Total,58
42088 Fuentelmonge,España,56
42088 Fuentelmonge,Extranjero,2
42089 Fuentelsaz de Soria,Total,66
42089 Fuentelsaz de Soria,España,64
42089 Fuentelsaz de Soria,Extranjero,2
42090 Fuentepinilla,Total,73
42090 Fuentepinilla,España,68
42090 Fuentepinilla,Extranjero,5
42092 Fuentes de Magaña,Total,47
42092 Fuentes de Magaña,España,44
42092 Fuentes de Magaña,Extranjero,3
42093 Fuentestrún,Total,56
42093 Fuentestrún,España,35
42093 Fuentestrún,Extranjero,21
42094 Garray,Total,793
42094 Garray,España,736
42094 Garray,Extranjero,57
42095 Golmayo,Total,3.098
42095 Golmayo,España,2.711
42095 Golmayo,Extranjero,387
42096 Gómara,Total,290
42096 Gómara,España,219
42096 Gómara,Extranjero,71
42097 Gormaz,Total,18
42097 Gormaz,España,17
42097 Gormaz,Extranjero,1
42098 Herrera de Soria,Total,12
42098 Herrera de Soria,España,12
42098 Herrera de Soria,Extranjero,0
42100 Hinojosa del Campo,Total,24
42100 Hinojosa del Campo,España,24
42100 Hinojosa del Campo,Extranjero,0
42103 Langa de Duero,Total,695
42103 Langa de Duero,España,569
42103 Langa de Duero,Extranjero,126
42105 Liceras,Total,48
42105 Liceras,España,48
42105 Liceras,Extranjero,0
"42106 Losilla, La",Total,12
"42106 Losilla, La",España,12
"42106 Losilla, La",Extranjero,0
42107 Magaña,Total,60
42107 Magaña,España,57
42107 Magaña,Extranjero,3
42108 Maján,Total,10
42108 Maján,España,10
42108 Maján,Extranjero,0
42110 Matalebreras,Total,83
42110 Matalebreras,España,67
42110 Matalebreras,Extranjero,16
42111 Matamala de Almazán,Total,252
42111 Matamala de Almazán,España,235
42111 Matamala de Almazán,Extranjero,17
42113 Medinaceli,Total,683
42113 Medinaceli,España,499
42113 Medinaceli,Extranjero,184
42115 Miño de Medinaceli,Total,73
42115 Miño de Medinaceli,España,70
42115 Miño de Medinaceli,Extranjero,3
42116 Miño de San Esteban,Total,43
42116 Miño de San Esteban,España,43
42116 Miño de San Esteban,Extranjero,0
42117 Molinos de Duero,Total,162
42117 Molinos de Duero,España,139
42117 Molinos de Duero,Extranjero,23
42118 Momblona,Total,19
42118 Momblona,España,18
42118 Momblona,Extranjero,1
42119 Monteagudo de las Vicarías,Total,170
42119 Monteagudo de las Vicarías,España,138
42119 Monteagudo de las Vicarías,Extranjero,32
42120 Montejo de Tiermes,Total,136
42120 Montejo de Tiermes,España,120
42120 Montejo de Tiermes,Extranjero,16
42121 Montenegro de Cameros,Total,43
42121 Montenegro de Cameros,España,42
42121 Montenegro de Cameros,Extranjero,1
42123 Morón de Almazán,Total,194
42123 Morón de Almazán,España,170
42123 Morón de Almazán,Extranjero,24
42124 Muriel de la Fuente,Total,53
42124 Muriel de la Fuente,España,51
42124 Muriel de la Fuente,Extranjero,2
42125 Muriel Viejo,Total,73
42125 Muriel Viejo,España,67
42125 Muriel Viejo,Extranjero,6
42127 Nafría de Ucero,Total,35
42127 Nafría de Ucero,España,35
42127 Nafría de Ucero,Extranjero,0
42128 Narros,Total,67
42128 Narros,España,63
42128 Narros,Extranjero,4
42129 Navaleno,Total,698
42129 Navaleno,España,648
42129 Navaleno,Extranjero,50
42130 Nepas,Total,49
42130 Nepas,España,49
42130 Nepas,Extranjero,0
42131 Nolay,Total,45
42131 Nolay,España,45
42131 Nolay,Extranjero,0
42132 Noviercas,Total,154
42132 Noviercas,España,142
42132 Noviercas,Extranjero,12
42134 Ólvega,Total,3.769
42134 Ólvega,España,2.821
42134 Ólvega,Extranjero,948
42135 Oncala,Total,61
42135 Oncala,España,59
42135 Oncala,Extranjero,2
42139 Pinilla del Campo,Total,17
42139 Pinilla del Campo,España,17
42139 Pinilla del Campo,Extranjero,0
42140 Portillo de Soria,Total,11
42140 Portillo de Soria,España,11
42140 Portillo de Soria,Extranjero,0
"42141 Póveda de Soria, La",Total,108
"42141 Póveda de Soria, La",España,106
"42141 Póveda de Soria, La",Extranjero,2
42142 Pozalmuro,Total,49
42142 Pozalmuro,España,44
42142 Pozalmuro,Extranjero,5
42144 Quintana Redonda,Total,497
42144 Quintana Redonda,España,425
42144 Quintana Redonda,Extranjero,72
42145 Quintanas de Gormaz,Total,123
42145 Quintanas de Gormaz,España,104
42145 Quintanas de Gormaz,Extranjero,19
42148 Quiñonería,Total,10
42148 Quiñonería,España,10
42148 Quiñonería,Extranjero,0
"42149 Rábanos, Los",Total,474
"42149 Rábanos, Los",España,429
"42149 Rábanos, Los",Extranjero,45
42151 Rebollar,Total,36
42151 Rebollar,España,35
42151 Rebollar,Extranjero,1
42152 Recuerda,Total,63
42152 Recuerda,España,56
42152 Recuerda,Extranjero,7
42153 Rello,Total,20
42153 Rello,España,19
42153 Rello,Extranjero,1
42154 Renieblas,Total,107
42154 Renieblas,España,96
42154 Renieblas,Extranjero,11
42155 Retortillo de Soria,Total,129
42155 Retortillo de Soria,España,119
42155 Retortillo de Soria,Extranjero,10
42156 Reznos,Total,21
42156 Reznos,España,19
42156 Reznos,Extranjero,2
"42157 Riba de Escalote, La",Total,9
"42157 Riba de Escalote, La",España,6
"42157 Riba de Escalote, La",Extranjero,3
42158 Rioseco de Soria,Total,124
42158 Rioseco de Soria,España,106
42158 Rioseco de Soria,Extranjero,18
42159 Rollamienta,Total,49
42159 Rollamienta,España,43
42159 Rollamienta,Extranjero,6
"42160 Royo, El",Total,249
"42160 Royo, El",España,243
"42160 Royo, El",Extranjero,6
42161 Salduero,Total,148
42161 Salduero,España,140
42161 Salduero,Extranjero,8
42162 San Esteban de Gormaz,Total,2.976
42162 San Esteban de Gormaz,España,2.334
42162 San Esteban de Gormaz,Extranjero,642
42163 San Felices,Total,55
42163 San Felices,España,53
42163 San Felices,Extranjero,2
42164 San Leonardo de Yagüe,Total,1.955
42164 San Leonardo de Yagüe,España,1.624
42164 San Leonardo de Yagüe,Extranjero,331
42165 San Pedro Manrique,Total,622
42165 San Pedro Manrique,España,422
42165 San Pedro Manrique,Extranjero,200
42166 Santa Cruz de Yanguas,Total,56
42166 Santa Cruz de Yanguas,España,56
42166 Santa Cruz de Yanguas,Extranjero,0
42167 Santa María de Huerta,Total,239
42167 Santa María de Huerta,España,218
42167 Santa María de Huerta,Extranjero,21
42168 Santa María de las Hoyas,Total,113
42168 Santa María de las Hoyas,España,108
42168 Santa María de las Hoyas,Extranjero,5
42171 Serón de Nágima,Total,129
42171 Serón de Nágima,España,97
42171 Serón de Nágima,Extranjero,32
42172 Soliedra,Total,37
42172 Soliedra,España,36
42172 Soliedra,Extranjero,1
42173 Soria,Total,40.941
42173 Soria,España,32.441
42173 Soria,Extranjero,8.500
42174 Sotillo del Rincón,Total,173
42174 Sotillo del Rincón,España,155
42174 Sotillo del Rincón,Extranjero,18
42175 Suellacabras,Total,32
42175 Suellacabras,España,29
42175 Suellacabras,Extranjero,3
42176 Tajahuerce,Total,22
42176 Tajahuerce,España,22
42176 Tajahuerce,Extranjero,0
42177 Tajueco,Total,61
42177 Tajueco,España,51
42177 Tajueco,Extranjero,10
42178 Talveila,Total,106
42178 Talveila,España,103
42178 Talveila,Extranjero,3
42181 Tardelcuende,Total,416
42181 Tardelcuende,España,372
42181 Tardelcuende,Extranjero,44
42182 Taroda,Total,45
42182 Taroda,España,45
42182 Taroda,Extranjero,0
42183 Tejado,Total,101
42183 Tejado,España,85
42183 Tejado,Extranjero,16
42184 Torlengua,Total,43
42184 Torlengua,España,43
42184 Torlengua,Extranjero,0
42185 Torreblacos,Total,28
42185 Torreblacos,España,28
42185 Torreblacos,Extranjero,0
42187 Torrubia de Soria,Total,52
42187 Torrubia de Soria,España,49
42187 Torrubia de Soria,Extranjero,3
42188 Trévago,Total,47
42188 Trévago,España,33
42188 Trévago,Extranjero,14
42189 Ucero,Total,81
42189 Ucero,España,68
42189 Ucero,Extranjero,13
42190 Vadillo,Total,81
42190 Vadillo,España,80
42190 Vadillo,Extranjero,1
42191 Valdeavellano de Tera,Total,222
42191 Valdeavellano de Tera,España,209
42191 Valdeavellano de Tera,Extranjero,13
42192 Valdegeña,Total,36
42192 Valdegeña,España,36
42192 Valdegeña,Extranjero,0
42193 Valdelagua del Cerro,Total,13
42193 Valdelagua del Cerro,España,9
42193 Valdelagua del Cerro,Extranjero,4
42194 Valdemaluque,Total,139
42194 Valdemaluque,España,127
42194 Valdemaluque,Extranjero,12
42195 Valdenebro,Total,87
42195 Valdenebro,España,71
42195 Valdenebro,Extranjero,16
42196 Valdeprado,Total,8
42196 Valdeprado,España,7
42196 Valdeprado,Extranjero,1
42197 Valderrodilla,Total,59
42197 Valderrodilla,España,58
42197 Valderrodilla,Extranjero,1
42198 Valtajeros,Total,16
42198 Valtajeros,España,16
42198 Valtajeros,Extranjero,0
42200 Velamazán,Total,66
42200 Velamazán,España,66
42200 Velamazán,Extranjero,0
42201 Velilla de la Sierra,Total,26
42201 Velilla de la Sierra,España,25
42201 Velilla de la Sierra,Extranjero,1
42202 Velilla de los Ajos,Total,15
42202 Velilla de los Ajos,España,14
42202 Velilla de los Ajos,Extranjero,1
42204 Viana de Duero,Total,47
42204 Viana de Duero,España,44
42204 Viana de Duero,Extranjero,3
42205 Villaciervos,Total,86
42205 Villaciervos,España,86
42205 Villaciervos,Extranjero,0
42206 Villanueva de Gormaz,Total,6
42206 Villanueva de Gormaz,España,6
42206 Villanueva de Gormaz,Extranjero,0
42207 Villar del Ala,Total,50
42207 Villar del Ala,España,49
42207 Villar del Ala,Extranjero,1
42208 Villar del Campo,Total,29
42208 Villar del Campo,España,28
42208 Villar del Campo,Extranjero,1
42209 Villar del Río,Total,158
42209 Villar del Río,España,147
42209 Villar del Río,Extranjero,11
"42211 Villares de Soria, Los",Total,72
"42211 Villares de Soria, Los",España,72
"42211 Villares de Soria, Los",Extranjero,0
42212 Villasayas,Total,59
42212 Villasayas,España,58
42212 Villasayas,Extranjero,1
42213 Villaseca de Arciel,Total,23
42213 Villaseca de Arciel,España,22
42213 Villaseca de Arciel,Extranjero,1
42215 Vinuesa,Total,825
42215 Vinuesa,España,759
42215 Vinuesa,Extranjero,66
42216 Vizmanos,Total,31
42216 Vizmanos,España,29
42216 Vizmanos,Extranjero,2
42217 Vozmediano,Total,29
42217 Vozmediano,España,28
42217 Vozmediano,Extranjero,1
42218 Yanguas,Total,105
42218 Yanguas,España,78
42218 Yanguas,Extranjero,27
42219 Yelo,Total,40
42219 Yelo,España,34
42219 Yelo,Extranjero,6
43001 Aiguamúrcia,Total,1.002
43001 Aiguamúrcia,España,851
43001 Aiguamúrcia,Extranjero,151
43002 Albinyana,Total,2.718
43002 Albinyana,España,2.387
43002 Albinyana,Extranjero,331
"43003 Albiol, L'",Total,556
"43003 Albiol, L'",España,497
"43003 Albiol, L'",Extranjero,59
43004 Alcanar,Total,10.048
43004 Alcanar,España,7.780
43004 Alcanar,Extranjero,2.268
43005 Alcover,Total,5.357
43005 Alcover,España,4.642
43005 Alcover,Extranjero,715
43006 Aldover,Total,910
43006 Aldover,España,770
43006 Aldover,Extranjero,140
"43007 Aleixar, L'",Total,1.026
"43007 Aleixar, L'",España,872
"43007 Aleixar, L'",Extranjero,154
43008 Alfara de Carles,Total,355
43008 Alfara de Carles,España,313
43008 Alfara de Carles,Extranjero,42
43009 Alforja,Total,2.031
43009 Alforja,España,1.805
43009 Alforja,Extranjero,226
43010 Alió,Total,499
43010 Alió,España,451
43010 Alió,Extranjero,48
43011 Almoster,Total,1.383
43011 Almoster,España,1.272
43011 Almoster,Extranjero,111
43012 Altafulla,Total,5.856
43012 Altafulla,España,4.894
43012 Altafulla,Extranjero,962
"43013 Ametlla de Mar, L'",Total,7.436
"43013 Ametlla de Mar, L'",España,5.397
"43013 Ametlla de Mar, L'",Extranjero,2.039
43014 Amposta,Total,23.047
43014 Amposta,España,16.752
43014 Amposta,Extranjero,6.295
43015 Arbolí,Total,138
43015 Arbolí,España,120
43015 Arbolí,Extranjero,18
"43016 Arboç, L'",Total,5.701
"43016 Arboç, L'",España,4.191
"43016 Arboç, L'",Extranjero,1.510
"43017 Argentera, L'",Total,139
"43017 Argentera, L'",España,130
"43017 Argentera, L'",Extranjero,9
43018 Arnes,Total,460
43018 Arnes,España,421
43018 Arnes,Extranjero,39
43019 Ascó,Total,1.594
43019 Ascó,España,1.361
43019 Ascó,Extranjero,233
43020 Banyeres del Penedès,Total,3.392
43020 Banyeres del Penedès,España,2.981
43020 Banyeres del Penedès,Extranjero,411
43021 Barberà de la Conca,Total,486
43021 Barberà de la Conca,España,413
43021 Barberà de la Conca,Extranjero,73
43022 Batea,Total,1.873
43022 Batea,España,1.613
43022 Batea,Extranjero,260
43023 Bellmunt del Priorat,Total,288
43023 Bellmunt del Priorat,España,248
43023 Bellmunt del Priorat,Extranjero,40
43024 Bellvei,Total,2.464
43024 Bellvei,España,2.007
43024 Bellvei,Extranjero,457
43025 Benifallet,Total,708
43025 Benifallet,España,582
43025 Benifallet,Extranjero,126
43026 Benissanet,Total,1.191
43026 Benissanet,España,866
43026 Benissanet,Extranjero,325
"43027 Bisbal de Montsant, La",Total,214
"43027 Bisbal de Montsant, La",España,184
"43027 Bisbal de Montsant, La",Extranjero,30
"43028 Bisbal del Penedès, La",Total,4.270
"43028 Bisbal del Penedès, La",España,3.717
"43028 Bisbal del Penedès, La",Extranjero,553
43029 Blancafort,Total,392
43029 Blancafort,España,348
43029 Blancafort,Extranjero,44
43030 Bonastre,Total,778
43030 Bonastre,España,650
43030 Bonastre,Extranjero,128
"43031 Borges del Camp, Les",Total,2.313
"43031 Borges del Camp, Les",España,1.949
"43031 Borges del Camp, Les",Extranjero,364
43032 Bot,Total,545
43032 Bot,España,479
43032 Bot,Extranjero,66
43033 Botarell,Total,1.156
43033 Botarell,España,1.011
43033 Botarell,Extranjero,145
43034 Bràfim,Total,705
43034 Bràfim,España,585
43034 Bràfim,Extranjero,120
43035 Cabacés,Total,295
43035 Cabacés,España,261
43035 Cabacés,Extranjero,34
43036 Cabra del Camp,Total,1.387
43036 Cabra del Camp,España,1.152
43036 Cabra del Camp,Extranjero,235
43037 Calafell,Total,32.429
43037 Calafell,España,22.848
43037 Calafell,Extranjero,9.581
43038 Cambrils,Total,37.068
43038 Cambrils,España,27.351
43038 Cambrils,Extranjero,9.717
43039 Capafonts,Total,101
43039 Capafonts,España,99
43039 Capafonts,Extranjero,2
43040 Capçanes,Total,446
43040 Capçanes,España,407
43040 Capçanes,Extranjero,39
43041 Caseres,Total,250
43041 Caseres,España,222
43041 Caseres,Extranjero,28
43042 Castellvell del Camp,Total,3.001
43042 Castellvell del Camp,España,2.771
43042 Castellvell del Camp,Extranjero,230
"43043 Catllar, El",Total,5.387
"43043 Catllar, El",España,4.738
"43043 Catllar, El",Extranjero,649
"43044 Sénia, La",Total,5.605
"43044 Sénia, La",España,4.416
"43044 Sénia, La",Extranjero,1.189
43045 Colldejou,Total,157
43045 Colldejou,España,141
43045 Colldejou,Extranjero,16
43046 Conesa,Total,113
43046 Conesa,España,96
43046 Conesa,Extranjero,17
43047 Constantí,Total,7.155
43047 Constantí,España,5.285
43047 Constantí,Extranjero,1.870
43048 Corbera d'Ebre,Total,1.024
43048 Corbera d'Ebre,España,824
43048 Corbera d'Ebre,Extranjero,200
43049 Cornudella de Montsant,Total,1.014
43049 Cornudella de Montsant,España,854
43049 Cornudella de Montsant,Extranjero,160
43050 Creixell,Total,4.244
43050 Creixell,España,3.390
43050 Creixell,Extranjero,854
43051 Cunit,Total,16.304
43051 Cunit,España,12.028
43051 Cunit,Extranjero,4.276
43052 Xerta,Total,1.186
43052 Xerta,España,1.018
43052 Xerta,Extranjero,168
43053 Duesaigües,Total,219
43053 Duesaigües,España,181
43053 Duesaigües,Extranjero,38
"43054 Espluga de Francolí, L'",Total,3.892
"43054 Espluga de Francolí, L'",España,3.287
"43054 Espluga de Francolí, L'",Extranjero,605
43055 Falset,Total,2.892
43055 Falset,España,2.299
43055 Falset,Extranjero,593
"43056 Fatarella, La",Total,841
"43056 Fatarella, La",España,786
"43056 Fatarella, La",Extranjero,55
"43057 Febró, La",Total,35
"43057 Febró, La",España,33
"43057 Febró, La",Extranjero,2
"43058 Figuera, La",Total,116
"43058 Figuera, La",España,107
"43058 Figuera, La",Extranjero,9
43059 Figuerola del Camp,Total,343
43059 Figuerola del Camp,España,316
43059 Figuerola del Camp,Extranjero,27
43060 Flix,Total,3.342
43060 Flix,España,2.762
43060 Flix,Extranjero,580
43061 Forès,Total,39
43061 Forès,España,36
43061 Forès,Extranjero,3
43062 Freginals,Total,445
43062 Freginals,España,315
43062 Freginals,Extranjero,130
"43063 Galera, La",Total,731
"43063 Galera, La",España,594
"43063 Galera, La",Extranjero,137
43064 Gandesa,Total,3.151
43064 Gandesa,España,2.348
43064 Gandesa,Extranjero,803
43065 Garcia,Total,555
43065 Garcia,España,443
43065 Garcia,Extranjero,112
"43066 Garidells, Els",Total,211
"43066 Garidells, Els",España,191
"43066 Garidells, Els",Extranjero,20
43067 Ginestar,Total,799
43067 Ginestar,España,602
43067 Ginestar,Extranjero,197
43068 Godall,Total,600
43068 Godall,España,521
43068 Godall,Extranjero,79
43069 Gratallops,Total,227
43069 Gratallops,España,201
43069 Gratallops,Extranjero,26
"43070 Guiamets, Els",Total,253
"43070 Guiamets, Els",España,243
"43070 Guiamets, Els",Extranjero,10
43071 Horta de Sant Joan,Total,1.156
43071 Horta de Sant Joan,España,973
43071 Horta de Sant Joan,Extranjero,183
"43072 Lloar, El",Total,100
"43072 Lloar, El",España,92
"43072 Lloar, El",Extranjero,8
43073 Llorac,Total,105
43073 Llorac,España,88
43073 Llorac,Extranjero,17
43074 Llorenç del Penedès,Total,2.426
43074 Llorenç del Penedès,España,2.198
43074 Llorenç del Penedès,Extranjero,228
43075 Margalef,Total,110
43075 Margalef,España,88
43075 Margalef,Extranjero,22
43076 Marçà,Total,624
43076 Marçà,España,506
43076 Marçà,Extranjero,118
43077 Mas de Barberans,Total,535
43077 Mas de Barberans,España,460
43077 Mas de Barberans,Extranjero,75
43078 Masdenverge,Total,1.145
43078 Masdenverge,España,959
43078 Masdenverge,Extranjero,186
43079 Masllorenç,Total,568
43079 Masllorenç,España,464
43079 Masllorenç,Extranjero,104
"43080 Masó, La",Total,308
"43080 Masó, La",España,276
"43080 Masó, La",Extranjero,32
43081 Maspujols,Total,917
43081 Maspujols,España,827
43081 Maspujols,Extranjero,90
"43082 Masroig, El",Total,477
"43082 Masroig, El",España,376
"43082 Masroig, El",Extranjero,101
"43083 Milà, El",Total,194
"43083 Milà, El",España,182
"43083 Milà, El",Extranjero,12
43084 Miravet,Total,701
43084 Miravet,España,587
43084 Miravet,Extranjero,114
"43085 Molar, El",Total,301
"43085 Molar, El",España,261
"43085 Molar, El",Extranjero,40
43086 Montblanc,Total,7.568
43086 Montblanc,España,6.292
43086 Montblanc,Extranjero,1.276
43088 Montbrió del Camp,Total,3.167
43088 Montbrió del Camp,España,2.717
43088 Montbrió del Camp,Extranjero,450
43089 Montferri,Total,509
43089 Montferri,España,443
43089 Montferri,Extranjero,66
"43090 Montmell, El",Total,1.945
"43090 Montmell, El",España,1.682
"43090 Montmell, El",Extranjero,263
43091 Mont-ral,Total,176
43091 Mont-ral,España,138
43091 Mont-ral,Extranjero,38
43092 Mont-roig del Camp,Total,14.652
43092 Mont-roig del Camp,España,9.883
43092 Mont-roig del Camp,Extranjero,4.769
43093 Móra d'Ebre,Total,5.841
43093 Móra d'Ebre,España,4.459
43093 Móra d'Ebre,Extranjero,1.382
43094 Móra la Nova,Total,3.365
43094 Móra la Nova,España,2.540
43094 Móra la Nova,Extranjero,825
"43095 Morell, El",Total,3.811
"43095 Morell, El",España,3.178
"43095 Morell, El",Extranjero,633
"43096 Morera de Montsant, La",Total,154
"43096 Morera de Montsant, La",España,102
"43096 Morera de Montsant, La",Extranjero,52
"43097 Nou de Gaià, La",Total,602
"43097 Nou de Gaià, La",España,532
"43097 Nou de Gaià, La",Extranjero,70
43098 Nulles,Total,556
43098 Nulles,España,494
43098 Nulles,Extranjero,62
"43099 Palma d'Ebre, La",Total,331
"43099 Palma d'Ebre, La",España,265
"43099 Palma d'Ebre, La",Extranjero,66
"43100 Pallaresos, Els",Total,5.043
"43100 Pallaresos, Els",España,4.722
"43100 Pallaresos, Els",Extranjero,321
43101 Passanant i Belltall,Total,149
43101 Passanant i Belltall,España,142
43101 Passanant i Belltall,Extranjero,7
43102 Paüls,Total,554
43102 Paüls,España,498
43102 Paüls,Extranjero,56
43103 Perafort,Total,1.353
43103 Perafort,España,1.196
43103 Perafort,Extranjero,157
"43104 Perelló, El",Total,3.005
"43104 Perelló, El",España,2.139
"43104 Perelló, El",Extranjero,866
"43105 Piles, Les",Total,228
"43105 Piles, Les",España,203
"43105 Piles, Les",Extranjero,25
"43106 Pinell de Brai, El",Total,948
"43106 Pinell de Brai, El",España,835
"43106 Pinell de Brai, El",Extranjero,113
43107 Pira,Total,512
43107 Pira,España,459
43107 Pira,Extranjero,53
"43108 Pla de Santa Maria, El",Total,2.412
"43108 Pla de Santa Maria, El",España,2.118
"43108 Pla de Santa Maria, El",Extranjero,294
"43109 Pobla de Mafumet, La",Total,4.187
"43109 Pobla de Mafumet, La",España,3.618
"43109 Pobla de Mafumet, La",Extranjero,569
"43110 Pobla de Massaluca, La",Total,344
"43110 Pobla de Massaluca, La",España,266
"43110 Pobla de Massaluca, La",Extranjero,78
"43111 Pobla de Montornès, La",Total,3.470
"43111 Pobla de Montornès, La",España,2.866
"43111 Pobla de Montornès, La",Extranjero,604
43112 Poboleda,Total,345
43112 Poboleda,España,303
43112 Poboleda,Extranjero,42
"43113 Pont d'Armentera, El",Total,507
"43113 Pont d'Armentera, El",España,448
"43113 Pont d'Armentera, El",Extranjero,59
43114 Porrera,Total,407
43114 Porrera,España,373
43114 Porrera,Extranjero,34
43115 Pradell de la Teixeta,Total,182
43115 Pradell de la Teixeta,España,157
43115 Pradell de la Teixeta,Extranjero,25
43116 Prades,Total,644
43116 Prades,España,554
43116 Prades,Extranjero,90
43117 Prat de Comte,Total,180
43117 Prat de Comte,España,154
43117 Prat de Comte,Extranjero,26
43118 Pratdip,Total,784
43118 Pratdip,España,537
43118 Pratdip,Extranjero,247
43119 Puigpelat,Total,1.225
43119 Puigpelat,España,1.114
43119 Puigpelat,Extranjero,111
43120 Querol,Total,614
43120 Querol,España,522
43120 Querol,Extranjero,92
43121 Rasquera,Total,788
43121 Rasquera,España,620
43121 Rasquera,Extranjero,168
43122 Renau,Total,165
43122 Renau,España,152
43122 Renau,Extranjero,13
43123 Reus,Total,111.911
43123 Reus,España,84.959
43123 Reus,Extranjero,26.952
"43124 Riba, La",Total,574
"43124 Riba, La",España,494
"43124 Riba, La",Extranjero,80
43125 Riba-roja d'Ebre,Total,1.127
43125 Riba-roja d'Ebre,España,939
43125 Riba-roja d'Ebre,Extranjero,188
"43126 Riera de Gaià, La",Total,1.831
"43126 Riera de Gaià, La",España,1.615
"43126 Riera de Gaià, La",Extranjero,216
43127 Riudecanyes,Total,1.379
43127 Riudecanyes,España,1.145
43127 Riudecanyes,Extranjero,234
43128 Riudecols,Total,1.280
43128 Riudecols,España,1.090
43128 Riudecols,Extranjero,190
43129 Riudoms,Total,6.927
43129 Riudoms,España,5.931
43129 Riudoms,Extranjero,996
43130 Rocafort de Queralt,Total,246
43130 Rocafort de Queralt,España,198
43130 Rocafort de Queralt,Extranjero,48
43131 Roda de Berà,Total,8.240
43131 Roda de Berà,España,6.518
43131 Roda de Berà,Extranjero,1.722
43132 Rodonyà,Total,518
43132 Rodonyà,España,436
43132 Rodonyà,Extranjero,82
43133 Roquetes,Total,8.606
43133 Roquetes,España,6.720
43133 Roquetes,Extranjero,1.886
"43134 Rourell, El",Total,385
"43134 Rourell, El",España,347
"43134 Rourell, El",Extranjero,38
43135 Salomó,Total,525
43135 Salomó,España,402
43135 Salomó,Extranjero,123
"43136 Ràpita, La",Total,16.230
"43136 Ràpita, La",España,12.403
"43136 Ràpita, La",Extranjero,3.827
43137 Sant Jaume dels Domenys,Total,2.819
43137 Sant Jaume dels Domenys,España,2.530
43137 Sant Jaume dels Domenys,Extranjero,289
43138 Santa Bàrbara,Total,3.866
43138 Santa Bàrbara,España,3.083
43138 Santa Bàrbara,Extranjero,783
43139 Santa Coloma de Queralt,Total,2.832
43139 Santa Coloma de Queralt,España,2.385
43139 Santa Coloma de Queralt,Extranjero,447
43140 Santa Oliva,Total,3.711
43140 Santa Oliva,España,3.127
43140 Santa Oliva,Extranjero,584
43141 Pontils,Total,123
43141 Pontils,España,114
43141 Pontils,Extranjero,9
43142 Sarral,Total,1.647
43142 Sarral,España,1.290
43142 Sarral,Extranjero,357
43143 Savallà del Comtat,Total,49
43143 Savallà del Comtat,España,46
43143 Savallà del Comtat,Extranjero,3
"43144 Secuita, La",Total,1.848
"43144 Secuita, La",España,1.609
"43144 Secuita, La",Extranjero,239
"43145 Selva del Camp, La",Total,5.751
"43145 Selva del Camp, La",España,5.165
"43145 Selva del Camp, La",Extranjero,586
43146 Senan,Total,47
43146 Senan,España,42
43146 Senan,Extranjero,5
43147 Solivella,Total,639
43147 Solivella,España,570
43147 Solivella,Extranjero,69
43148 Tarragona,Total,143.260
43148 Tarragona,España,104.201
43148 Tarragona,Extranjero,39.059
43149 Tivenys,Total,952
43149 Tivenys,España,730
43149 Tivenys,Extranjero,222
43150 Tivissa,Total,1.657
43150 Tivissa,España,1.348
43150 Tivissa,Extranjero,309
"43151 Torre de Fontaubella, La",Total,120
"43151 Torre de Fontaubella, La",España,103
"43151 Torre de Fontaubella, La",Extranjero,17
"43152 Torre de l'Espanyol, La",Total,642
"43152 Torre de l'Espanyol, La",España,491
"43152 Torre de l'Espanyol, La",Extranjero,151
43153 Torredembarra,Total,18.190
43153 Torredembarra,España,13.468
43153 Torredembarra,Extranjero,4.722
43154 Torroja del Priorat,Total,128
43154 Torroja del Priorat,España,115
43154 Torroja del Priorat,Extranjero,13
43155 Tortosa,Total,36.258
43155 Tortosa,España,26.115
43155 Tortosa,Extranjero,10.143
43156 Ulldecona,Total,6.814
43156 Ulldecona,España,4.747
43156 Ulldecona,Extranjero,2.067
43157 Ulldemolins,Total,390
43157 Ulldemolins,España,358
43157 Ulldemolins,Extranjero,32
43158 Vallclara,Total,91
43158 Vallclara,España,85
43158 Vallclara,Extranjero,6
43159 Vallfogona de Riucorb,Total,97
43159 Vallfogona de Riucorb,España,81
43159 Vallfogona de Riucorb,Extranjero,16
43160 Vallmoll,Total,1.997
43160 Vallmoll,España,1.724
43160 Vallmoll,Extranjero,273
43161 Valls,Total,25.540
43161 Valls,España,19.821
43161 Valls,Extranjero,5.719
43162 Vandellòs i l'Hospitalet de l'Infant,Total,7.151
43162 Vandellòs i l'Hospitalet de l'Infant,España,5.546
43162 Vandellòs i l'Hospitalet de l'Infant,Extranjero,1.605
"43163 Vendrell, El",Total,41.195
"43163 Vendrell, El",España,31.524
"43163 Vendrell, El",Extranjero,9.671
43164 Vespella de Gaià,Total,502
43164 Vespella de Gaià,España,411
43164 Vespella de Gaià,Extranjero,91
43165 Vilabella,Total,731
43165 Vilabella,España,645
43165 Vilabella,Extranjero,86
43166 Vilallonga del Camp,Total,2.494
43166 Vilallonga del Camp,España,2.190
43166 Vilallonga del Camp,Extranjero,304
43167 Vilanova d'Escornalbou,Total,615
43167 Vilanova d'Escornalbou,España,516
43167 Vilanova d'Escornalbou,Extranjero,99
43168 Vilanova de Prades,Total,110
43168 Vilanova de Prades,España,97
43168 Vilanova de Prades,Extranjero,13
43169 Vilaplana,Total,558
43169 Vilaplana,España,500
43169 Vilaplana,Extranjero,58
43170 Vila-rodona,Total,1.388
43170 Vila-rodona,España,1.150
43170 Vila-rodona,Extranjero,238
43171 Vila-seca,Total,24.158
43171 Vila-seca,España,18.698
43171 Vila-seca,Extranjero,5.460
43172 Vilaverd,Total,494
43172 Vilaverd,España,412
43172 Vilaverd,Extranjero,82
"43173 Vilella Alta, La",Total,130
"43173 Vilella Alta, La",España,114
"43173 Vilella Alta, La",Extranjero,16
"43174 Vilella Baixa, La",Total,202
"43174 Vilella Baixa, La",España,164
"43174 Vilella Baixa, La",Extranjero,38
43175 Vilalba dels Arcs,Total,613
43175 Vilalba dels Arcs,España,577
43175 Vilalba dels Arcs,Extranjero,36
43176 Vimbodí i Poblet,Total,889
43176 Vimbodí i Poblet,España,813
43176 Vimbodí i Poblet,Extranjero,76
43177 Vinebre,Total,428
43177 Vinebre,España,340
43177 Vinebre,Extranjero,88
43178 Vinyols i els Arcs,Total,2.470
43178 Vinyols i els Arcs,España,1.983
43178 Vinyols i els Arcs,Extranjero,487
43901 Deltebre,Total,12.074
43901 Deltebre,España,10.317
43901 Deltebre,Extranjero,1.757
43902 Sant Jaume d'Enveja,Total,3.759
43902 Sant Jaume d'Enveja,España,3.268
43902 Sant Jaume d'Enveja,Extranjero,491
43903 Camarles,Total,3.499
43903 Camarles,España,2.805
43903 Camarles,Extranjero,694
"43904 Aldea, L'",Total,4.725
"43904 Aldea, L'",España,3.425
"43904 Aldea, L'",Extranjero,1.300
43905 Salou,Total,31.018
43905 Salou,España,17.760
43905 Salou,Extranjero,13.258
"43906 Ampolla, L'",Total,3.809
"43906 Ampolla, L'",España,2.700
"43906 Ampolla, L'",Extranjero,1.109
"43907 Canonja, La",Total,5.993
"43907 Canonja, La",España,5.293
"43907 Canonja, La",Extranjero,700
44001 Ababuj,Total,74
44001 Ababuj,España,69
44001 Ababuj,Extranjero,5
44002 Abejuela,Total,63
44002 Abejuela,España,49
44002 Abejuela,Extranjero,14
44003 Aguatón,Total,18
44003 Aguatón,España,18
44003 Aguatón,Extranjero,0
44004 Aguaviva,Total,563
44004 Aguaviva,España,454
44004 Aguaviva,Extranjero,109
44005 Aguilar del Alfambra,Total,84
44005 Aguilar del Alfambra,España,66
44005 Aguilar del Alfambra,Extranjero,18
44006 Alacón,Total,204
44006 Alacón,España,187
44006 Alacón,Extranjero,17
44007 Alba,Total,183
44007 Alba,España,163
44007 Alba,Extranjero,20
44008 Albalate del Arzobispo,Total,1.948
44008 Albalate del Arzobispo,España,1.642
44008 Albalate del Arzobispo,Extranjero,306
44009 Albarracín,Total,1.001
44009 Albarracín,España,828
44009 Albarracín,Extranjero,173
44010 Albentosa,Total,287
44010 Albentosa,España,195
44010 Albentosa,Extranjero,92
44011 Alcaine,Total,38
44011 Alcaine,España,36
44011 Alcaine,Extranjero,2
44012 Alcalá de la Selva,Total,381
44012 Alcalá de la Selva,España,349
44012 Alcalá de la Selva,Extranjero,32
44013 Alcañiz,Total,16.447
44013 Alcañiz,España,13.501
44013 Alcañiz,Extranjero,2.946
44014 Alcorisa,Total,3.242
44014 Alcorisa,España,2.795
44014 Alcorisa,Extranjero,447
44016 Alfambra,Total,485
44016 Alfambra,España,424
44016 Alfambra,Extranjero,61
44017 Aliaga,Total,343
44017 Aliaga,España,307
44017 Aliaga,Extranjero,36
44018 Almohaja,Total,10
44018 Almohaja,España,10
44018 Almohaja,Extranjero,0
44019 Alobras,Total,63
44019 Alobras,España,59
44019 Alobras,Extranjero,4
44020 Alpeñés,Total,27
44020 Alpeñés,España,23
44020 Alpeñés,Extranjero,4
44021 Allepuz,Total,123
44021 Allepuz,España,112
44021 Allepuz,Extranjero,11
44022 Alloza,Total,556
44022 Alloza,España,507
44022 Alloza,Extranjero,49
44023 Allueva,Total,31
44023 Allueva,España,20
44023 Allueva,Extranjero,11
44024 Anadón,Total,35
44024 Anadón,España,31
44024 Anadón,Extranjero,4
44025 Andorra,Total,7.192
44025 Andorra,España,6.308
44025 Andorra,Extranjero,884
44026 Arcos de las Salinas,Total,105
44026 Arcos de las Salinas,España,98
44026 Arcos de las Salinas,Extranjero,7
44027 Arens de Lledó,Total,188
44027 Arens de Lledó,España,148
44027 Arens de Lledó,Extranjero,40
44028 Argente,Total,204
44028 Argente,España,179
44028 Argente,Extranjero,25
44029 Ariño,Total,608
44029 Ariño,España,554
44029 Ariño,Extranjero,54
44031 Azaila,Total,94
44031 Azaila,España,83
44031 Azaila,Extranjero,11
44032 Bádenas,Total,28
44032 Bádenas,España,27
44032 Bádenas,Extranjero,1
44033 Báguena,Total,277
44033 Báguena,España,235
44033 Báguena,Extranjero,42
44034 Bañón,Total,152
44034 Bañón,España,138
44034 Bañón,Extranjero,14
44035 Barrachina,Total,113
44035 Barrachina,España,100
44035 Barrachina,Extranjero,13
44036 Bea,Total,30
44036 Bea,España,27
44036 Bea,Extranjero,3
44037 Beceite,Total,574
44037 Beceite,España,514
44037 Beceite,Extranjero,60
44038 Belmonte de San José,Total,114
44038 Belmonte de San José,España,103
44038 Belmonte de San José,Extranjero,11
44039 Bello,Total,203
44039 Bello,España,180
44039 Bello,Extranjero,23
44040 Berge,Total,220
44040 Berge,España,191
44040 Berge,Extranjero,29
44041 Bezas,Total,73
44041 Bezas,España,68
44041 Bezas,Extranjero,5
44042 Blancas,Total,132
44042 Blancas,España,115
44042 Blancas,Extranjero,17
44043 Blesa,Total,74
44043 Blesa,España,72
44043 Blesa,Extranjero,2
44044 Bordón,Total,116
44044 Bordón,España,99
44044 Bordón,Extranjero,17
44045 Bronchales,Total,475
44045 Bronchales,España,406
44045 Bronchales,Extranjero,69
44046 Bueña,Total,65
44046 Bueña,España,47
44046 Bueña,Extranjero,18
44047 Burbáguena,Total,397
44047 Burbáguena,España,219
44047 Burbáguena,Extranjero,178
44048 Cabra de Mora,Total,66
44048 Cabra de Mora,España,63
44048 Cabra de Mora,Extranjero,3
44049 Calaceite,Total,961
44049 Calaceite,España,845
44049 Calaceite,Extranjero,116
44050 Calamocha,Total,4.628
44050 Calamocha,España,3.530
44050 Calamocha,Extranjero,1.098
44051 Calanda,Total,3.803
44051 Calanda,España,2.878
44051 Calanda,Extranjero,925
44052 Calomarde,Total,76
44052 Calomarde,España,71
44052 Calomarde,Extranjero,5
44053 Camañas,Total,136
44053 Camañas,España,105
44053 Camañas,Extranjero,31
44054 Camarena de la Sierra,Total,139
44054 Camarena de la Sierra,España,118
44054 Camarena de la Sierra,Extranjero,21
44055 Camarillas,Total,100
44055 Camarillas,España,85
44055 Camarillas,Extranjero,15
44056 Caminreal,Total,608
44056 Caminreal,España,455
44056 Caminreal,Extranjero,153
44059 Cantavieja,Total,727
44059 Cantavieja,España,646
44059 Cantavieja,Extranjero,81
44060 Cañada de Benatanduz,Total,40
44060 Cañada de Benatanduz,España,37
44060 Cañada de Benatanduz,Extranjero,3
"44061 Cañada de Verich, La",Total,72
"44061 Cañada de Verich, La",España,64
"44061 Cañada de Verich, La",Extranjero,8
44062 Cañada Vellida,Total,36
44062 Cañada Vellida,España,33
44062 Cañada Vellida,Extranjero,3
44063 Cañizar del Olivar,Total,112
44063 Cañizar del Olivar,España,76
44063 Cañizar del Olivar,Extranjero,36
44064 Cascante del Río,Total,73
44064 Cascante del Río,España,60
44064 Cascante del Río,Extranjero,13
44065 Castejón de Tornos,Total,66
44065 Castejón de Tornos,España,64
44065 Castejón de Tornos,Extranjero,2
44066 Castel de Cabra,Total,79
44066 Castel de Cabra,España,79
44066 Castel de Cabra,Extranjero,0
44067 Castelnou,Total,92
44067 Castelnou,España,88
44067 Castelnou,Extranjero,4
44068 Castelserás,Total,804
44068 Castelserás,España,738
44068 Castelserás,Extranjero,66
"44070 Castellar, El",Total,54
"44070 Castellar, El",España,51
"44070 Castellar, El",Extranjero,3
44071 Castellote,Total,666
44071 Castellote,España,608
44071 Castellote,Extranjero,58
44074 Cedrillas,Total,656
44074 Cedrillas,España,498
44074 Cedrillas,Extranjero,158
44075 Celadas,Total,335
44075 Celadas,España,311
44075 Celadas,Extranjero,24
44076 Cella,Total,2.694
44076 Cella,España,2.259
44076 Cella,Extranjero,435
"44077 Cerollera, La",Total,78
"44077 Cerollera, La",España,68
"44077 Cerollera, La",Extranjero,10
"44080 Codoñera, La",Total,313
"44080 Codoñera, La",España,264
"44080 Codoñera, La",Extranjero,49
44082 Corbalán,Total,118
44082 Corbalán,España,111
44082 Corbalán,Extranjero,7
44084 Cortes de Aragón,Total,62
44084 Cortes de Aragón,España,55
44084 Cortes de Aragón,Extranjero,7
44085 Cosa,Total,63
44085 Cosa,España,60
44085 Cosa,Extranjero,3
44086 Cretas,Total,558
44086 Cretas,España,472
44086 Cretas,Extranjero,86
44087 Crivillén,Total,91
44087 Crivillén,España,75
44087 Crivillén,Extranjero,16
"44088 Cuba, La",Total,53
"44088 Cuba, La",España,26
"44088 Cuba, La",Extranjero,27
44089 Cubla,Total,57
44089 Cubla,España,53
44089 Cubla,Extranjero,4
44090 Cucalón,Total,78
44090 Cucalón,España,73
44090 Cucalón,Extranjero,5
"44092 Cuervo, El",Total,87
"44092 Cuervo, El",España,77
"44092 Cuervo, El",Extranjero,10
44093 Cuevas de Almudén,Total,119
44093 Cuevas de Almudén,España,101
44093 Cuevas de Almudén,Extranjero,18
44094 Cuevas Labradas,Total,126
44094 Cuevas Labradas,España,123
44094 Cuevas Labradas,Extranjero,3
44096 Ejulve,Total,177
44096 Ejulve,España,155
44096 Ejulve,Extranjero,22
44097 Escorihuela,Total,130
44097 Escorihuela,España,120
44097 Escorihuela,Extranjero,10
44099 Escucha,Total,797
44099 Escucha,España,643
44099 Escucha,Extranjero,154
44100 Estercuel,Total,201
44100 Estercuel,España,179
44100 Estercuel,Extranjero,22
44101 Ferreruela de Huerva,Total,79
44101 Ferreruela de Huerva,España,64
44101 Ferreruela de Huerva,Extranjero,15
44102 Fonfría,Total,35
44102 Fonfría,España,34
44102 Fonfría,Extranjero,1
44103 Formiche Alto,Total,158
44103 Formiche Alto,España,141
44103 Formiche Alto,Extranjero,17
44105 Fórnoles,Total,75
44105 Fórnoles,España,71
44105 Fórnoles,Extranjero,4
44106 Fortanete,Total,194
44106 Fortanete,España,166
44106 Fortanete,Extranjero,28
44107 Foz-Calanda,Total,280
44107 Foz-Calanda,España,221
44107 Foz-Calanda,Extranjero,59
"44108 Fresneda, La",Total,460
"44108 Fresneda, La",España,347
"44108 Fresneda, La",Extranjero,113
44109 Frías de Albarracín,Total,109
44109 Frías de Albarracín,España,101
44109 Frías de Albarracín,Extranjero,8
44110 Fuenferrada,Total,38
44110 Fuenferrada,España,37
44110 Fuenferrada,Extranjero,1
44111 Fuentes Calientes,Total,89
44111 Fuentes Calientes,España,79
44111 Fuentes Calientes,Extranjero,10
44112 Fuentes Claras,Total,427
44112 Fuentes Claras,España,399
44112 Fuentes Claras,Extranjero,28
44113 Fuentes de Rubielos,Total,146
44113 Fuentes de Rubielos,España,118
44113 Fuentes de Rubielos,Extranjero,28
44114 Fuentespalda,Total,306
44114 Fuentespalda,España,264
44114 Fuentespalda,Extranjero,42
44115 Galve,Total,148
44115 Galve,España,135
44115 Galve,Extranjero,13
44116 Gargallo,Total,87
44116 Gargallo,España,77
44116 Gargallo,Extranjero,10
44117 Gea de Albarracín,Total,458
44117 Gea de Albarracín,España,397
44117 Gea de Albarracín,Extranjero,61
"44118 Ginebrosa, La",Total,188
"44118 Ginebrosa, La",España,168
"44118 Ginebrosa, La",Extranjero,20
44119 Griegos,Total,152
44119 Griegos,España,133
44119 Griegos,Extranjero,19
44120 Guadalaviar,Total,240
44120 Guadalaviar,España,235
44120 Guadalaviar,Extranjero,5
44121 Gúdar,Total,73
44121 Gúdar,España,69
44121 Gúdar,Extranjero,4
44122 Híjar,Total,1.756
44122 Híjar,España,1.405
44122 Híjar,Extranjero,351
44123 Hinojosa de Jarque,Total,104
44123 Hinojosa de Jarque,España,96
44123 Hinojosa de Jarque,Extranjero,8
"44124 Hoz de la Vieja, La",Total,85
"44124 Hoz de la Vieja, La",España,82
"44124 Hoz de la Vieja, La",Extranjero,3
44125 Huesa del Común,Total,55
44125 Huesa del Común,España,49
44125 Huesa del Común,Extranjero,6
"44126 Iglesuela del Cid, La",Total,356
"44126 Iglesuela del Cid, La",España,304
"44126 Iglesuela del Cid, La",Extranjero,52
44127 Jabaloyas,Total,66
44127 Jabaloyas,España,60
44127 Jabaloyas,Extranjero,6
44128 Jarque de la Val,Total,66
44128 Jarque de la Val,España,57
44128 Jarque de la Val,Extranjero,9
44129 Jatiel,Total,48
44129 Jatiel,España,45
44129 Jatiel,Extranjero,3
44130 Jorcas,Total,42
44130 Jorcas,España,39
44130 Jorcas,Extranjero,3
44131 Josa,Total,34
44131 Josa,España,32
44131 Josa,Extranjero,2
44132 Lagueruela,Total,71
44132 Lagueruela,España,65
44132 Lagueruela,Extranjero,6
44133 Lanzuela,Total,24
44133 Lanzuela,España,20
44133 Lanzuela,Extranjero,4
44135 Libros,Total,102
44135 Libros,España,100
44135 Libros,Extranjero,2
44136 Lidón,Total,56
44136 Lidón,España,54
44136 Lidón,Extranjero,2
44137 Linares de Mora,Total,243
44137 Linares de Mora,España,186
44137 Linares de Mora,Extranjero,57
44138 Loscos,Total,121
44138 Loscos,España,102
44138 Loscos,Extranjero,19
44141 Lledó,Total,164
44141 Lledó,España,123
44141 Lledó,Extranjero,41
44142 Maicas,Total,35
44142 Maicas,España,34
44142 Maicas,Extranjero,1
44143 Manzanera,Total,530
44143 Manzanera,España,409
44143 Manzanera,Extranjero,121
44144 Martín del Río,Total,367
44144 Martín del Río,España,314
44144 Martín del Río,Extranjero,53
44145 Mas de las Matas,Total,1.226
44145 Mas de las Matas,España,1.048
44145 Mas de las Matas,Extranjero,178
"44146 Mata de los Olmos, La",Total,261
"44146 Mata de los Olmos, La",España,168
"44146 Mata de los Olmos, La",Extranjero,93
44147 Mazaleón,Total,472
44147 Mazaleón,España,410
44147 Mazaleón,Extranjero,62
44148 Mezquita de Jarque,Total,83
44148 Mezquita de Jarque,España,76
44148 Mezquita de Jarque,Extranjero,7
44149 Mirambel,Total,110
44149 Mirambel,España,106
44149 Mirambel,Extranjero,4
44150 Miravete de la Sierra,Total,31
44150 Miravete de la Sierra,España,31
44150 Miravete de la Sierra,Extranjero,0
44151 Molinos,Total,233
44151 Molinos,España,186
44151 Molinos,Extranjero,47
44152 Monforte de Moyuela,Total,83
44152 Monforte de Moyuela,España,71
44152 Monforte de Moyuela,Extranjero,12
44153 Monreal del Campo,Total,2.580
44153 Monreal del Campo,España,2.082
44153 Monreal del Campo,Extranjero,498
44154 Monroyo,Total,327
44154 Monroyo,España,269
44154 Monroyo,Extranjero,58
44155 Montalbán,Total,1.161
44155 Montalbán,España,1.116
44155 Montalbán,Extranjero,45
44156 Monteagudo del Castillo,Total,42
44156 Monteagudo del Castillo,España,40
44156 Monteagudo del Castillo,Extranjero,2
44157 Monterde de Albarracín,Total,62
44157 Monterde de Albarracín,España,60
44157 Monterde de Albarracín,Extranjero,2
44158 Mora de Rubielos,Total,1.755
44158 Mora de Rubielos,España,1.355
44158 Mora de Rubielos,Extranjero,400
44159 Moscardón,Total,63
44159 Moscardón,España,61
44159 Moscardón,Extranjero,2
44160 Mosqueruela,Total,562
44160 Mosqueruela,España,505
44160 Mosqueruela,Extranjero,57
44161 Muniesa,Total,580
44161 Muniesa,España,466
44161 Muniesa,Extranjero,114
44163 Noguera de Albarracín,Total,131
44163 Noguera de Albarracín,España,113
44163 Noguera de Albarracín,Extranjero,18
44164 Nogueras,Total,36
44164 Nogueras,España,31
44164 Nogueras,Extranjero,5
44165 Nogueruelas,Total,188
44165 Nogueruelas,España,162
44165 Nogueruelas,Extranjero,26
44167 Obón,Total,34
44167 Obón,España,29
44167 Obón,Extranjero,5
44168 Odón,Total,194
44168 Odón,España,178
44168 Odón,Extranjero,16
44169 Ojos Negros,Total,321
44169 Ojos Negros,España,299
44169 Ojos Negros,Extranjero,22
44171 Olba,Total,286
44171 Olba,España,245
44171 Olba,Extranjero,41
44172 Oliete,Total,354
44172 Oliete,España,309
44172 Oliete,Extranjero,45
"44173 Olmos, Los",Total,113
"44173 Olmos, Los",España,91
"44173 Olmos, Los",Extranjero,22
44174 Orihuela del Tremedal,Total,450
44174 Orihuela del Tremedal,España,393
44174 Orihuela del Tremedal,Extranjero,57
44175 Orrios,Total,114
44175 Orrios,España,102
44175 Orrios,Extranjero,12
44176 Palomar de Arroyos,Total,166
44176 Palomar de Arroyos,España,155
44176 Palomar de Arroyos,Extranjero,11
44177 Pancrudo,Total,118
44177 Pancrudo,España,109
44177 Pancrudo,Extranjero,9
"44178 Parras de Castellote, Las",Total,57
"44178 Parras de Castellote, Las",España,52
"44178 Parras de Castellote, Las",Extranjero,5
44179 Peñarroya de Tastavins,Total,470
44179 Peñarroya de Tastavins,España,359
44179 Peñarroya de Tastavins,Extranjero,111
44180 Peracense,Total,67
44180 Peracense,España,64
44180 Peracense,Extranjero,3
44181 Peralejos,Total,91
44181 Peralejos,España,80
44181 Peralejos,Extranjero,11
44182 Perales del Alfambra,Total,291
44182 Perales del Alfambra,España,217
44182 Perales del Alfambra,Extranjero,74
44183 Pitarque,Total,61
44183 Pitarque,España,61
44183 Pitarque,Extranjero,0
44184 Plou,Total,43
44184 Plou,España,41
44184 Plou,Extranjero,2
"44185 Pobo, El",Total,97
"44185 Pobo, El",España,87
"44185 Pobo, El",Extranjero,10
"44187 Portellada, La",Total,250
"44187 Portellada, La",España,228
"44187 Portellada, La",Extranjero,22
44189 Pozondón,Total,53
44189 Pozondón,España,50
44189 Pozondón,Extranjero,3
44190 Pozuel del Campo,Total,76
44190 Pozuel del Campo,España,73
44190 Pozuel del Campo,Extranjero,3
"44191 Puebla de Híjar, La",Total,934
"44191 Puebla de Híjar, La",España,818
"44191 Puebla de Híjar, La",Extranjero,116
"44192 Puebla de Valverde, La",Total,483
"44192 Puebla de Valverde, La",España,396
"44192 Puebla de Valverde, La",Extranjero,87
44193 Puertomingalvo,Total,135
44193 Puertomingalvo,España,101
44193 Puertomingalvo,Extranjero,34
44194 Ráfales,Total,147
44194 Ráfales,España,117
44194 Ráfales,Extranjero,30
44195 Rillo,Total,94
44195 Rillo,España,89
44195 Rillo,Extranjero,5
44196 Riodeva,Total,113
44196 Riodeva,España,105
44196 Riodeva,Extranjero,8
44197 Ródenas,Total,57
44197 Ródenas,España,55
44197 Ródenas,Extranjero,2
44198 Royuela,Total,228
44198 Royuela,España,208
44198 Royuela,Extranjero,20
44199 Rubiales,Total,43
44199 Rubiales,España,41
44199 Rubiales,Extranjero,2
44200 Rubielos de la Cérida,Total,20
44200 Rubielos de la Cérida,España,20
44200 Rubielos de la Cérida,Extranjero,0
44201 Rubielos de Mora,Total,610
44201 Rubielos de Mora,España,519
44201 Rubielos de Mora,Extranjero,91
44203 Salcedillo,Total,14
44203 Salcedillo,España,11
44203 Salcedillo,Extranjero,3
44204 Saldón,Total,32
44204 Saldón,España,29
44204 Saldón,Extranjero,3
44205 Samper de Calanda,Total,733
44205 Samper de Calanda,España,664
44205 Samper de Calanda,Extranjero,69
44206 San Agustín,Total,131
44206 San Agustín,España,124
44206 San Agustín,Extranjero,7
44207 San Martín del Río,Total,137
44207 San Martín del Río,España,124
44207 San Martín del Río,Extranjero,13
44208 Santa Cruz de Nogueras,Total,25
44208 Santa Cruz de Nogueras,España,24
44208 Santa Cruz de Nogueras,Extranjero,1
44209 Santa Eulalia,Total,1.004
44209 Santa Eulalia,España,824
44209 Santa Eulalia,Extranjero,180
44210 Sarrión,Total,1.260
44210 Sarrión,España,964
44210 Sarrión,Extranjero,296
44211 Segura de los Baños,Total,55
44211 Segura de los Baños,España,53
44211 Segura de los Baños,Extranjero,2
44212 Seno,Total,39
44212 Seno,España,35
44212 Seno,Extranjero,4
44213 Singra,Total,76
44213 Singra,España,62
44213 Singra,Extranjero,14
44215 Terriente,Total,194
44215 Terriente,España,183
44215 Terriente,Extranjero,11
44216 Teruel,Total,36.521
44216 Teruel,España,30.581
44216 Teruel,Extranjero,5.940
44217 Toril y Masegoso,Total,30
44217 Toril y Masegoso,España,28
44217 Toril y Masegoso,Extranjero,2
44218 Tormón,Total,28
44218 Tormón,España,27
44218 Tormón,Extranjero,1
44219 Tornos,Total,174
44219 Tornos,España,160
44219 Tornos,Extranjero,14
44220 Torralba de los Sisones,Total,145
44220 Torralba de los Sisones,España,123
44220 Torralba de los Sisones,Extranjero,22
44221 Torrecilla de Alcañiz,Total,440
44221 Torrecilla de Alcañiz,España,404
44221 Torrecilla de Alcañiz,Extranjero,36
44222 Torrecilla del Rebollar,Total,115
44222 Torrecilla del Rebollar,España,114
44222 Torrecilla del Rebollar,Extranjero,1
44223 Torre de Arcas,Total,76
44223 Torre de Arcas,España,65
44223 Torre de Arcas,Extranjero,11
44224 Torre de las Arcas,Total,19
44224 Torre de las Arcas,España,17
44224 Torre de las Arcas,Extranjero,2
44225 Torre del Compte,Total,118
44225 Torre del Compte,España,100
44225 Torre del Compte,Extranjero,18
44226 Torrelacárcel,Total,130
44226 Torrelacárcel,España,112
44226 Torrelacárcel,Extranjero,18
44227 Torre los Negros,Total,77
44227 Torre los Negros,España,65
44227 Torre los Negros,Extranjero,12
44228 Torremocha de Jiloca,Total,117
44228 Torremocha de Jiloca,España,91
44228 Torremocha de Jiloca,Extranjero,26
44229 Torres de Albarracín,Total,184
44229 Torres de Albarracín,España,140
44229 Torres de Albarracín,Extranjero,44
44230 Torrevelilla,Total,161
44230 Torrevelilla,España,138
44230 Torrevelilla,Extranjero,23
44231 Torrijas,Total,36
44231 Torrijas,España,34
44231 Torrijas,Extranjero,2
44232 Torrijo del Campo,Total,509
44232 Torrijo del Campo,España,369
44232 Torrijo del Campo,Extranjero,140
44234 Tramacastiel,Total,62
44234 Tramacastiel,España,61
44234 Tramacastiel,Extranjero,1
44235 Tramacastilla,Total,134
44235 Tramacastilla,España,110
44235 Tramacastilla,Extranjero,24
44236 Tronchón,Total,56
44236 Tronchón,España,54
44236 Tronchón,Extranjero,2
44237 Urrea de Gaén,Total,452
44237 Urrea de Gaén,España,390
44237 Urrea de Gaén,Extranjero,62
44238 Utrillas,Total,3.073
44238 Utrillas,España,2.587
44238 Utrillas,Extranjero,486
44239 Valacloche,Total,33
44239 Valacloche,España,31
44239 Valacloche,Extranjero,2
44240 Valbona,Total,187
44240 Valbona,España,153
44240 Valbona,Extranjero,34
44241 Valdealgorfa,Total,582
44241 Valdealgorfa,España,549
44241 Valdealgorfa,Extranjero,33
44243 Valdecuenca,Total,33
44243 Valdecuenca,España,25
44243 Valdecuenca,Extranjero,8
44244 Valdelinares,Total,82
44244 Valdelinares,España,74
44244 Valdelinares,Extranjero,8
44245 Valdeltormo,Total,304
44245 Valdeltormo,España,251
44245 Valdeltormo,Extranjero,53
44246 Valderrobres,Total,2.537
44246 Valderrobres,España,1.898
44246 Valderrobres,Extranjero,639
44247 Valjunquera,Total,336
44247 Valjunquera,España,318
44247 Valjunquera,Extranjero,18
"44249 Vallecillo, El",Total,40
"44249 Vallecillo, El",España,36
"44249 Vallecillo, El",Extranjero,4
44250 Veguillas de la Sierra,Total,27
44250 Veguillas de la Sierra,España,24
44250 Veguillas de la Sierra,Extranjero,3
44251 Villafranca del Campo,Total,290
44251 Villafranca del Campo,España,248
44251 Villafranca del Campo,Extranjero,42
44252 Villahermosa del Campo,Total,93
44252 Villahermosa del Campo,España,75
44252 Villahermosa del Campo,Extranjero,18
44256 Villanueva del Rebollar de la Sierra,Total,49
44256 Villanueva del Rebollar de la Sierra,España,46
44256 Villanueva del Rebollar de la Sierra,Extranjero,3
44257 Villar del Cobo,Total,163
44257 Villar del Cobo,España,153
44257 Villar del Cobo,Extranjero,10
44258 Villar del Salz,Total,59
44258 Villar del Salz,España,50
44258 Villar del Salz,Extranjero,9
44260 Villarluengo,Total,157
44260 Villarluengo,España,131
44260 Villarluengo,Extranjero,26
44261 Villarquemado,Total,900
44261 Villarquemado,España,799
44261 Villarquemado,Extranjero,101
44262 Villarroya de los Pinares,Total,160
44262 Villarroya de los Pinares,España,151
44262 Villarroya de los Pinares,Extranjero,9
44263 Villastar,Total,566
44263 Villastar,España,446
44263 Villastar,Extranjero,120
44264 Villel,Total,338
44264 Villel,España,261
44264 Villel,Extranjero,77
44265 Vinaceite,Total,180
44265 Vinaceite,España,152
44265 Vinaceite,Extranjero,28
44266 Visiedo,Total,133
44266 Visiedo,España,113
44266 Visiedo,Extranjero,20
44267 Vivel del Río Martín,Total,63
44267 Vivel del Río Martín,España,60
44267 Vivel del Río Martín,Extranjero,3
"44268 Zoma, La",Total,28
"44268 Zoma, La",España,28
"44268 Zoma, La",Extranjero,0
45001 Ajofrín,Total,2.379
45001 Ajofrín,España,2.187
45001 Ajofrín,Extranjero,192
45002 Alameda de la Sagra,Total,4.344
45002 Alameda de la Sagra,España,3.495
45002 Alameda de la Sagra,Extranjero,849
45003 Albarreal de Tajo,Total,802
45003 Albarreal de Tajo,España,682
45003 Albarreal de Tajo,Extranjero,120
45004 Alcabón,Total,796
45004 Alcabón,España,686
45004 Alcabón,Extranjero,110
45005 Alcañizo,Total,260
45005 Alcañizo,España,233
45005 Alcañizo,Extranjero,27
45006 Alcaudete de la Jara,Total,1.743
45006 Alcaudete de la Jara,España,1.542
45006 Alcaudete de la Jara,Extranjero,201
45007 Alcolea de Tajo,Total,838
45007 Alcolea de Tajo,España,754
45007 Alcolea de Tajo,Extranjero,84
45008 Aldea en Cabo,Total,184
45008 Aldea en Cabo,España,134
45008 Aldea en Cabo,Extranjero,50
45009 Aldeanueva de Barbarroya,Total,457
45009 Aldeanueva de Barbarroya,España,430
45009 Aldeanueva de Barbarroya,Extranjero,27
45010 Aldeanueva de San Bartolomé,Total,403
45010 Aldeanueva de San Bartolomé,España,325
45010 Aldeanueva de San Bartolomé,Extranjero,78
45011 Almendral de la Cañada,Total,342
45011 Almendral de la Cañada,España,314
45011 Almendral de la Cañada,Extranjero,28
45012 Almonacid de Toledo,Total,1.012
45012 Almonacid de Toledo,España,818
45012 Almonacid de Toledo,Extranjero,194
45013 Almorox,Total,2.565
45013 Almorox,España,2.033
45013 Almorox,Extranjero,532
45014 Añover de Tajo,Total,5.453
45014 Añover de Tajo,España,4.971
45014 Añover de Tajo,Extranjero,482
45015 Arcicóllar,Total,1.089
45015 Arcicóllar,España,879
45015 Arcicóllar,Extranjero,210
45016 Argés,Total,7.200
45016 Argés,España,6.382
45016 Argés,Extranjero,818
45017 Azután,Total,286
45017 Azután,España,283
45017 Azután,Extranjero,3
45018 Barcience,Total,1.150
45018 Barcience,España,845
45018 Barcience,Extranjero,305
45019 Bargas,Total,11.325
45019 Bargas,España,9.728
45019 Bargas,Extranjero,1.597
45020 Belvís de la Jara,Total,1.471
45020 Belvís de la Jara,España,1.239
45020 Belvís de la Jara,Extranjero,232
45021 Borox,Total,4.397
45021 Borox,España,3.410
45021 Borox,Extranjero,987
45022 Buenaventura,Total,385
45022 Buenaventura,España,361
45022 Buenaventura,Extranjero,24
45023 Burguillos de Toledo,Total,3.861
45023 Burguillos de Toledo,España,3.537
45023 Burguillos de Toledo,Extranjero,324
45024 Burujón,Total,1.344
45024 Burujón,España,1.264
45024 Burujón,Extranjero,80
45025 Cabañas de la Sagra,Total,2.181
45025 Cabañas de la Sagra,España,1.609
45025 Cabañas de la Sagra,Extranjero,572
45026 Cabañas de Yepes,Total,316
45026 Cabañas de Yepes,España,270
45026 Cabañas de Yepes,Extranjero,46
45027 Cabezamesada,Total,357
45027 Cabezamesada,España,294
45027 Cabezamesada,Extranjero,63
45028 Calera y Chozas,Total,4.839
45028 Calera y Chozas,España,4.426
45028 Calera y Chozas,Extranjero,413
45029 Caleruela,Total,205
45029 Caleruela,España,190
45029 Caleruela,Extranjero,15
45030 Calzada de Oropesa,Total,515
45030 Calzada de Oropesa,España,456
45030 Calzada de Oropesa,Extranjero,59
45031 Camarena,Total,4.840
45031 Camarena,España,3.721
45031 Camarena,Extranjero,1.119
45032 Camarenilla,Total,612
45032 Camarenilla,España,510
45032 Camarenilla,Extranjero,102
"45033 Campillo de la Jara, El",Total,326
"45033 Campillo de la Jara, El",España,302
"45033 Campillo de la Jara, El",Extranjero,24
45034 Camuñas,Total,1.738
45034 Camuñas,España,1.434
45034 Camuñas,Extranjero,304
45035 Cardiel de los Montes,Total,405
45035 Cardiel de los Montes,España,351
45035 Cardiel de los Montes,Extranjero,54
45036 Carmena,Total,797
45036 Carmena,España,674
45036 Carmena,Extranjero,123
"45037 Carpio de Tajo, El",Total,1.948
"45037 Carpio de Tajo, El",España,1.626
"45037 Carpio de Tajo, El",Extranjero,322
45038 Carranque,Total,5.451
45038 Carranque,España,4.827
45038 Carranque,Extranjero,624
45039 Carriches,Total,265
45039 Carriches,España,236
45039 Carriches,Extranjero,29
"45040 Casar de Escalona, El",Total,2.281
"45040 Casar de Escalona, El",España,1.618
"45040 Casar de Escalona, El",Extranjero,663
45041 Casarrubios del Monte,Total,7.498
45041 Casarrubios del Monte,España,5.369
45041 Casarrubios del Monte,Extranjero,2.129
45042 Casasbuenas,Total,212
45042 Casasbuenas,España,189
45042 Casasbuenas,Extranjero,23
45043 Castillo de Bayuela,Total,902
45043 Castillo de Bayuela,España,765
45043 Castillo de Bayuela,Extranjero,137
45045 Cazalegas,Total,2.221
45045 Cazalegas,España,1.790
45045 Cazalegas,Extranjero,431
45046 Cebolla,Total,3.290
45046 Cebolla,España,2.877
45046 Cebolla,Extranjero,413
45047 Cedillo del Condado,Total,4.618
45047 Cedillo del Condado,España,3.680
45047 Cedillo del Condado,Extranjero,938
"45048 Cerralbos, Los",Total,459
"45048 Cerralbos, Los",España,412
"45048 Cerralbos, Los",Extranjero,47
45049 Cervera de los Montes,Total,511
45049 Cervera de los Montes,España,478
45049 Cervera de los Montes,Extranjero,33
45050 Ciruelos,Total,749
45050 Ciruelos,España,627
45050 Ciruelos,Extranjero,122
45051 Cobeja,Total,2.717
45051 Cobeja,España,2.151
45051 Cobeja,Extranjero,566
45052 Cobisa,Total,4.562
45052 Cobisa,España,4.358
45052 Cobisa,Extranjero,204
45053 Consuegra,Total,9.806
45053 Consuegra,España,9.090
45053 Consuegra,Extranjero,716
45054 Corral de Almaguer,Total,5.340
45054 Corral de Almaguer,España,4.245
45054 Corral de Almaguer,Extranjero,1.095
45055 Cuerva,Total,1.259
45055 Cuerva,España,1.104
45055 Cuerva,Extranjero,155
45056 Chozas de Canales,Total,5.036
45056 Chozas de Canales,España,3.350
45056 Chozas de Canales,Extranjero,1.686
45057 Chueca,Total,252
45057 Chueca,España,247
45057 Chueca,Extranjero,5
45058 Domingo Pérez,Total,415
45058 Domingo Pérez,España,364
45058 Domingo Pérez,Extranjero,51
45059 Dosbarrios,Total,2.268
45059 Dosbarrios,España,1.924
45059 Dosbarrios,Extranjero,344
45060 Erustes,Total,225
45060 Erustes,España,179
45060 Erustes,Extranjero,46
45061 Escalona,Total,3.986
45061 Escalona,España,3.250
45061 Escalona,Extranjero,736
45062 Escalonilla,Total,1.543
45062 Escalonilla,España,1.251
45062 Escalonilla,Extranjero,292
45063 Espinoso del Rey,Total,423
45063 Espinoso del Rey,España,400
45063 Espinoso del Rey,Extranjero,23
45064 Esquivias,Total,5.844
45064 Esquivias,España,5.041
45064 Esquivias,Extranjero,803
"45065 Estrella, La",Total,251
"45065 Estrella, La",España,236
"45065 Estrella, La",Extranjero,15
45066 Fuensalida,Total,12.662
45066 Fuensalida,España,9.655
45066 Fuensalida,Extranjero,3.007
45067 Gálvez,Total,3.049
45067 Gálvez,España,2.622
45067 Gálvez,Extranjero,427
45068 Garciotum,Total,220
45068 Garciotum,España,194
45068 Garciotum,Extranjero,26
45069 Gerindote,Total,2.851
45069 Gerindote,España,2.313
45069 Gerindote,Extranjero,538
45070 Guadamur,Total,1.800
45070 Guadamur,España,1.637
45070 Guadamur,Extranjero,163
"45071 Guardia, La",Total,2.204
"45071 Guardia, La",España,1.934
"45071 Guardia, La",Extranjero,270
"45072 Herencias, Las",Total,820
"45072 Herencias, Las",España,743
"45072 Herencias, Las",Extranjero,77
45073 Herreruela de Oropesa,Total,329
45073 Herreruela de Oropesa,España,288
45073 Herreruela de Oropesa,Extranjero,41
45074 Hinojosa de San Vicente,Total,370
45074 Hinojosa de San Vicente,España,358
45074 Hinojosa de San Vicente,Extranjero,12
45075 Hontanar,Total,140
45075 Hontanar,España,129
45075 Hontanar,Extranjero,11
45076 Hormigos,Total,1.038
45076 Hormigos,España,809
45076 Hormigos,Extranjero,229
45077 Huecas,Total,899
45077 Huecas,España,766
45077 Huecas,Extranjero,133
45078 Huerta de Valdecarábanos,Total,1.850
45078 Huerta de Valdecarábanos,España,1.625
45078 Huerta de Valdecarábanos,Extranjero,225
"45079 Iglesuela del Tiétar, La",Total,448
"45079 Iglesuela del Tiétar, La",España,415
"45079 Iglesuela del Tiétar, La",Extranjero,33
45080 Illán de Vacas,Total,8
45080 Illán de Vacas,España,8
45080 Illán de Vacas,Extranjero,0
45081 Illescas,Total,33.167
45081 Illescas,España,26.723
45081 Illescas,Extranjero,6.444
45082 Lagartera,Total,1.308
45082 Lagartera,España,1.184
45082 Lagartera,Extranjero,124
45083 Layos,Total,933
45083 Layos,España,792
45083 Layos,Extranjero,141
45084 Lillo,Total,2.535
45084 Lillo,España,2.244
45084 Lillo,Extranjero,291
45085 Lominchar,Total,2.985
45085 Lominchar,España,2.116
45085 Lominchar,Extranjero,869
45086 Lucillos,Total,675
45086 Lucillos,España,576
45086 Lucillos,Extranjero,99
45087 Madridejos,Total,10.072
45087 Madridejos,España,9.240
45087 Madridejos,Extranjero,832
45088 Magán,Total,4.375
45088 Magán,España,3.319
45088 Magán,Extranjero,1.056
45089 Malpica de Tajo,Total,1.676
45089 Malpica de Tajo,España,1.533
45089 Malpica de Tajo,Extranjero,143
45090 Manzaneque,Total,416
45090 Manzaneque,España,389
45090 Manzaneque,Extranjero,27
45091 Maqueda,Total,546
45091 Maqueda,España,477
45091 Maqueda,Extranjero,69
45092 Marjaliza,Total,262
45092 Marjaliza,España,236
45092 Marjaliza,Extranjero,26
45093 Marrupe,Total,166
45093 Marrupe,España,159
45093 Marrupe,Extranjero,7
45094 Mascaraque,Total,444
45094 Mascaraque,España,397
45094 Mascaraque,Extranjero,47
"45095 Mata, La",Total,913
"45095 Mata, La",España,776
"45095 Mata, La",Extranjero,137
45096 Mazarambroz,Total,1.272
45096 Mazarambroz,España,1.157
45096 Mazarambroz,Extranjero,115
45097 Mejorada,Total,1.395
45097 Mejorada,España,1.303
45097 Mejorada,Extranjero,92
45098 Menasalbas,Total,2.495
45098 Menasalbas,España,2.180
45098 Menasalbas,Extranjero,315
45099 Méntrida,Total,6.618
45099 Méntrida,España,5.456
45099 Méntrida,Extranjero,1.162
45100 Mesegar de Tajo,Total,203
45100 Mesegar de Tajo,España,177
45100 Mesegar de Tajo,Extranjero,26
45101 Miguel Esteban,Total,4.738
45101 Miguel Esteban,España,4.105
45101 Miguel Esteban,Extranjero,633
45102 Mocejón,Total,5.183
45102 Mocejón,España,4.490
45102 Mocejón,Extranjero,693
45103 Mohedas de la Jara,Total,385
45103 Mohedas de la Jara,España,354
45103 Mohedas de la Jara,Extranjero,31
45104 Montearagón,Total,598
45104 Montearagón,España,501
45104 Montearagón,Extranjero,97
45105 Montesclaros,Total,387
45105 Montesclaros,España,367
45105 Montesclaros,Extranjero,20
45106 Mora,Total,10.174
45106 Mora,España,8.673
45106 Mora,Extranjero,1.501
45107 Nambroca,Total,5.327
45107 Nambroca,España,4.769
45107 Nambroca,Extranjero,558
"45108 Nava de Ricomalillo, La",Total,522
"45108 Nava de Ricomalillo, La",España,428
"45108 Nava de Ricomalillo, La",Extranjero,94
45109 Navahermosa,Total,3.615
45109 Navahermosa,España,3.162
45109 Navahermosa,Extranjero,453
45110 Navalcán,Total,1.859
45110 Navalcán,España,1.675
45110 Navalcán,Extranjero,184
45111 Navalmoralejo,Total,57
45111 Navalmoralejo,España,55
45111 Navalmoralejo,Extranjero,2
"45112 Navalmorales, Los",Total,2.118
"45112 Navalmorales, Los",España,1.946
"45112 Navalmorales, Los",Extranjero,172
"45113 Navalucillos, Los",Total,1.890
"45113 Navalucillos, Los",España,1.747
"45113 Navalucillos, Los",Extranjero,143
45114 Navamorcuende,Total,579
45114 Navamorcuende,España,543
45114 Navamorcuende,Extranjero,36
45115 Noblejas,Total,3.994
45115 Noblejas,España,3.180
45115 Noblejas,Extranjero,814
45116 Noez,Total,1.075
45116 Noez,España,881
45116 Noez,Extranjero,194
45117 Nombela,Total,909
45117 Nombela,España,826
45117 Nombela,Extranjero,83
45118 Novés,Total,3.612
45118 Novés,España,2.847
45118 Novés,Extranjero,765
45119 Numancia de la Sagra,Total,5.729
45119 Numancia de la Sagra,España,4.528
45119 Numancia de la Sagra,Extranjero,1.201
45120 Nuño Gómez,Total,179
45120 Nuño Gómez,España,163
45120 Nuño Gómez,Extranjero,16
45121 Ocaña,Total,16.039
45121 Ocaña,España,9.717
45121 Ocaña,Extranjero,6.322
45122 Olías del Rey,Total,9.184
45122 Olías del Rey,España,7.885
45122 Olías del Rey,Extranjero,1.299
45123 Ontígola,Total,5.109
45123 Ontígola,España,4.321
45123 Ontígola,Extranjero,788
45124 Orgaz,Total,2.652
45124 Orgaz,España,2.452
45124 Orgaz,Extranjero,200
45125 Oropesa,Total,2.582
45125 Oropesa,España,2.391
45125 Oropesa,Extranjero,191
45126 Otero,Total,446
45126 Otero,España,260
45126 Otero,Extranjero,186
45127 Palomeque,Total,1.237
45127 Palomeque,España,984
45127 Palomeque,Extranjero,253
45128 Pantoja,Total,3.621
45128 Pantoja,España,3.195
45128 Pantoja,Extranjero,426
45129 Paredes de Escalona,Total,133
45129 Paredes de Escalona,España,115
45129 Paredes de Escalona,Extranjero,18
45130 Parrillas,Total,323
45130 Parrillas,España,278
45130 Parrillas,Extranjero,45
45131 Pelahustán,Total,341
45131 Pelahustán,España,284
45131 Pelahustán,Extranjero,57
45132 Pepino,Total,3.421
45132 Pepino,España,3.143
45132 Pepino,Extranjero,278
45133 Polán,Total,3.948
45133 Polán,España,3.448
45133 Polán,Extranjero,500
45134 Portillo de Toledo,Total,2.389
45134 Portillo de Toledo,España,1.926
45134 Portillo de Toledo,Extranjero,463
"45135 Puebla de Almoradiel, La",Total,4.948
"45135 Puebla de Almoradiel, La",España,4.645
"45135 Puebla de Almoradiel, La",Extranjero,303
"45136 Puebla de Montalbán, La",Total,8.172
"45136 Puebla de Montalbán, La",España,6.516
"45136 Puebla de Montalbán, La",Extranjero,1.656
"45137 Pueblanueva, La",Total,2.146
"45137 Pueblanueva, La",España,1.880
"45137 Pueblanueva, La",Extranjero,266
"45138 Puente del Arzobispo, El",Total,1.152
"45138 Puente del Arzobispo, El",España,1.066
"45138 Puente del Arzobispo, El",Extranjero,86
45139 Puerto de San Vicente,Total,140
45139 Puerto de San Vicente,España,133
45139 Puerto de San Vicente,Extranjero,7
45140 Pulgar,Total,1.646
45140 Pulgar,España,1.272
45140 Pulgar,Extranjero,374
45141 Quero,Total,1.048
45141 Quero,España,895
45141 Quero,Extranjero,153
45142 Quintanar de la Orden,Total,11.321
45142 Quintanar de la Orden,España,9.373
45142 Quintanar de la Orden,Extranjero,1.948
45143 Quismondo,Total,1.886
45143 Quismondo,España,1.511
45143 Quismondo,Extranjero,375
"45144 Real de San Vicente, El",Total,967
"45144 Real de San Vicente, El",España,786
"45144 Real de San Vicente, El",Extranjero,181
45145 Recas,Total,5.296
45145 Recas,España,3.547
45145 Recas,Extranjero,1.749
45146 Retamoso de la Jara,Total,109
45146 Retamoso de la Jara,España,103
45146 Retamoso de la Jara,Extranjero,6
45147 Rielves,Total,913
45147 Rielves,España,782
45147 Rielves,Extranjero,131
45148 Robledo del Mazo,Total,249
45148 Robledo del Mazo,España,235
45148 Robledo del Mazo,Extranjero,14
"45149 Romeral, El",Total,523
"45149 Romeral, El",España,466
"45149 Romeral, El",Extranjero,57
45150 San Bartolomé de las Abiertas,Total,638
45150 San Bartolomé de las Abiertas,España,543
45150 San Bartolomé de las Abiertas,Extranjero,95
45151 San Martín de Montalbán,Total,786
45151 San Martín de Montalbán,España,611
45151 San Martín de Montalbán,Extranjero,175
45152 San Martín de Pusa,Total,626
45152 San Martín de Pusa,España,563
45152 San Martín de Pusa,Extranjero,63
45153 San Pablo de los Montes,Total,1.662
45153 San Pablo de los Montes,España,1.552
45153 San Pablo de los Montes,Extranjero,110
45154 San Román de los Montes,Total,2.196
45154 San Román de los Montes,España,1.953
45154 San Román de los Montes,Extranjero,243
45155 Santa Ana de Pusa,Total,347
45155 Santa Ana de Pusa,España,313
45155 Santa Ana de Pusa,Extranjero,34
45156 Santa Cruz de la Zarza,Total,4.243
45156 Santa Cruz de la Zarza,España,3.739
45156 Santa Cruz de la Zarza,Extranjero,504
45157 Santa Cruz del Retamar,Total,4.193
45157 Santa Cruz del Retamar,España,3.046
45157 Santa Cruz del Retamar,Extranjero,1.147
45158 Santa Olalla,Total,3.639
45158 Santa Olalla,España,3.017
45158 Santa Olalla,Extranjero,622
45159 Sartajada,Total,116
45159 Sartajada,España,106
45159 Sartajada,Extranjero,10
45160 Segurilla,Total,1.439
45160 Segurilla,España,1.364
45160 Segurilla,Extranjero,75
45161 Seseña,Total,30.889
45161 Seseña,España,21.178
45161 Seseña,Extranjero,9.711
45162 Sevilleja de la Jara,Total,635
45162 Sevilleja de la Jara,España,569
45162 Sevilleja de la Jara,Extranjero,66
45163 Sonseca,Total,11.419
45163 Sonseca,España,9.703
45163 Sonseca,Extranjero,1.716
45164 Sotillo de las Palomas,Total,185
45164 Sotillo de las Palomas,España,174
45164 Sotillo de las Palomas,Extranjero,11
45165 Talavera de la Reina,Total,84.413
45165 Talavera de la Reina,España,71.479
45165 Talavera de la Reina,Extranjero,12.934
45166 Tembleque,Total,2.024
45166 Tembleque,España,1.648
45166 Tembleque,Extranjero,376
"45167 Toboso, El",Total,1.726
"45167 Toboso, El",España,1.494
"45167 Toboso, El",Extranjero,232
45168 Toledo,Total,87.074
45168 Toledo,España,73.269
45168 Toledo,Extranjero,13.805
45169 Torralba de Oropesa,Total,185
45169 Torralba de Oropesa,España,170
45169 Torralba de Oropesa,Extranjero,15
45170 Torrecilla de la Jara,Total,227
45170 Torrecilla de la Jara,España,208
45170 Torrecilla de la Jara,Extranjero,19
"45171 Torre de Esteban Hambrán, La",Total,1.946
"45171 Torre de Esteban Hambrán, La",España,1.629
"45171 Torre de Esteban Hambrán, La",Extranjero,317
45172 Torrico,Total,696
45172 Torrico,España,652
45172 Torrico,Extranjero,44
45173 Torrijos,Total,14.313
45173 Torrijos,España,11.573
45173 Torrijos,Extranjero,2.740
45174 Totanés,Total,369
45174 Totanés,España,315
45174 Totanés,Extranjero,54
45175 Turleque,Total,700
45175 Turleque,España,604
45175 Turleque,Extranjero,96
45176 Ugena,Total,6.032
45176 Ugena,España,5.231
45176 Ugena,Extranjero,801
45177 Urda,Total,2.451
45177 Urda,España,2.137
45177 Urda,Extranjero,314
45179 Valdeverdeja,Total,602
45179 Valdeverdeja,España,524
45179 Valdeverdeja,Extranjero,78
45180 Valmojado,Total,4.947
45180 Valmojado,España,3.920
45180 Valmojado,Extranjero,1.027
45181 Velada,Total,2.930
45181 Velada,España,2.740
45181 Velada,Extranjero,190
"45182 Ventas con Peña Aguilera, Las",Total,1.115
"45182 Ventas con Peña Aguilera, Las",España,988
"45182 Ventas con Peña Aguilera, Las",Extranjero,127
"45183 Ventas de Retamosa, Las",Total,4.221
"45183 Ventas de Retamosa, Las",España,3.326
"45183 Ventas de Retamosa, Las",Extranjero,895
"45184 Ventas de San Julián, Las",Total,238
"45184 Ventas de San Julián, Las",España,226
"45184 Ventas de San Julián, Las",Extranjero,12
45185 Villacañas,Total,9.531
45185 Villacañas,España,8.754
45185 Villacañas,Extranjero,777
"45186 Villa de Don Fadrique, La",Total,3.515
"45186 Villa de Don Fadrique, La",España,3.188
"45186 Villa de Don Fadrique, La",Extranjero,327
45187 Villafranca de los Caballeros,Total,4.915
45187 Villafranca de los Caballeros,España,4.436
45187 Villafranca de los Caballeros,Extranjero,479
45188 Villaluenga de la Sagra,Total,4.313
45188 Villaluenga de la Sagra,España,3.532
45188 Villaluenga de la Sagra,Extranjero,781
45189 Villamiel de Toledo,Total,1.119
45189 Villamiel de Toledo,España,886
45189 Villamiel de Toledo,Extranjero,233
45190 Villaminaya,Total,520
45190 Villaminaya,España,491
45190 Villaminaya,Extranjero,29
45191 Villamuelas,Total,594
45191 Villamuelas,España,560
45191 Villamuelas,Extranjero,34
45192 Villanueva de Alcardete,Total,2.907
45192 Villanueva de Alcardete,España,2.547
45192 Villanueva de Alcardete,Extranjero,360
45193 Villanueva de Bogas,Total,659
45193 Villanueva de Bogas,España,617
45193 Villanueva de Bogas,Extranjero,42
45194 Villarejo de Montalbán,Total,83
45194 Villarejo de Montalbán,España,62
45194 Villarejo de Montalbán,Extranjero,21
45195 Villarrubia de Santiago,Total,2.580
45195 Villarrubia de Santiago,España,2.266
45195 Villarrubia de Santiago,Extranjero,314
45196 Villaseca de la Sagra,Total,1.962
45196 Villaseca de la Sagra,España,1.730
45196 Villaseca de la Sagra,Extranjero,232
45197 Villasequilla,Total,2.677
45197 Villasequilla,España,2.276
45197 Villasequilla,Extranjero,401
45198 Villatobas,Total,2.963
45198 Villatobas,España,2.175
45198 Villatobas,Extranjero,788
"45199 Viso de San Juan, El",Total,6.459
"45199 Viso de San Juan, El",España,5.181
"45199 Viso de San Juan, El",Extranjero,1.278
"45200 Yébenes, Los",Total,5.787
"45200 Yébenes, Los",España,5.095
"45200 Yébenes, Los",Extranjero,692
45201 Yeles,Total,6.921
45201 Yeles,España,5.118
45201 Yeles,Extranjero,1.803
45202 Yepes,Total,5.916
45202 Yepes,España,4.984
45202 Yepes,Extranjero,932
45203 Yuncler,Total,5.311
45203 Yuncler,España,4.024
45203 Yuncler,Extranjero,1.287
45204 Yunclillos,Total,822
45204 Yunclillos,España,720
45204 Yunclillos,Extranjero,102
45205 Yuncos,Total,13.435
45205 Yuncos,España,10.067
45205 Yuncos,Extranjero,3.368
45901 Santo Domingo-Caudilla,Total,1.306
45901 Santo Domingo-Caudilla,España,985
45901 Santo Domingo-Caudilla,Extranjero,321
46001 Ademuz,Total,1.015
46001 Ademuz,España,844
46001 Ademuz,Extranjero,171
46002 Ador,Total,1.778
46002 Ador,España,1.443
46002 Ador,Extranjero,335
46003 Atzeneta d'Albaida,Total,1.195
46003 Atzeneta d'Albaida,España,1.087
46003 Atzeneta d'Albaida,Extranjero,108
46004 Agullent,Total,2.440
46004 Agullent,España,2.205
46004 Agullent,Extranjero,235
46005 Alaquàs,Total,30.352
46005 Alaquàs,España,26.190
46005 Alaquàs,Extranjero,4.162
46006 Albaida,Total,6.295
46006 Albaida,España,5.188
46006 Albaida,Extranjero,1.107
46007 Albal,Total,17.432
46007 Albal,España,15.157
46007 Albal,Extranjero,2.275
46008 Albalat de la Ribera,Total,3.500
46008 Albalat de la Ribera,España,2.992
46008 Albalat de la Ribera,Extranjero,508
46009 Albalat dels Sorells,Total,4.364
46009 Albalat dels Sorells,España,3.864
46009 Albalat dels Sorells,Extranjero,500
46010 Albalat dels Tarongers,Total,1.588
46010 Albalat dels Tarongers,España,1.335
46010 Albalat dels Tarongers,Extranjero,253
46011 Alberic,Total,11.109
46011 Alberic,España,9.033
46011 Alberic,Extranjero,2.076
46012 Alborache,Total,1.575
46012 Alborache,España,1.277
46012 Alborache,Extranjero,298
46013 Alboraia/Alboraya,Total,26.324
46013 Alboraia/Alboraya,España,21.220
46013 Alboraia/Alboraya,Extranjero,5.104
46014 Albuixech,Total,4.487
46014 Albuixech,España,3.779
46014 Albuixech,Extranjero,708
46015 Alcàsser,Total,10.843
46015 Alcàsser,España,9.297
46015 Alcàsser,Extranjero,1.546
46016 Alcàntera de Xúquer,Total,1.471
46016 Alcàntera de Xúquer,España,1.269
46016 Alcàntera de Xúquer,Extranjero,202
46017 Alzira,Total,48.604
46017 Alzira,España,38.988
46017 Alzira,Extranjero,9.616
46018 Alcublas,Total,717
46018 Alcublas,España,618
46018 Alcublas,Extranjero,99
"46019 Alcúdia, l'",Total,12.574
"46019 Alcúdia, l'",España,10.576
"46019 Alcúdia, l'",Extranjero,1.998
"46020 Alcúdia de Crespins, l'",Total,5.509
"46020 Alcúdia de Crespins, l'",España,4.621
"46020 Alcúdia de Crespins, l'",Extranjero,888
46021 Aldaia,Total,34.644
46021 Aldaia,España,29.499
46021 Aldaia,Extranjero,5.145
46022 Alfafar,Total,22.266
46022 Alfafar,España,16.960
46022 Alfafar,Extranjero,5.306
46023 Alfauir,Total,514
46023 Alfauir,España,438
46023 Alfauir,Extranjero,76
46024 Alfara de la Baronia,Total,623
46024 Alfara de la Baronia,España,546
46024 Alfara de la Baronia,Extranjero,77
46025 Alfara del Patriarca,Total,3.762
46025 Alfara del Patriarca,España,2.946
46025 Alfara del Patriarca,Extranjero,816
46026 Alfarb,Total,1.765
46026 Alfarb,España,1.573
46026 Alfarb,Extranjero,192
46027 Alfarrasí,Total,1.176
46027 Alfarrasí,España,1.088
46027 Alfarrasí,Extranjero,88
46028 Algar de Palància,Total,565
46028 Algar de Palància,España,479
46028 Algar de Palància,Extranjero,86
46029 Algemesí,Total,28.248
46029 Algemesí,España,23.617
46029 Algemesí,Extranjero,4.631
46030 Algímia d'Alfara,Total,1.119
46030 Algímia d'Alfara,España,987
46030 Algímia d'Alfara,Extranjero,132
46031 Alginet,Total,14.981
46031 Alginet,España,12.586
46031 Alginet,Extranjero,2.395
46032 Almàssera,Total,7.835
46032 Almàssera,España,6.827
46032 Almàssera,Extranjero,1.008
46033 Almiserà,Total,280
46033 Almiserà,España,237
46033 Almiserà,Extranjero,43
46034 Almoines,Total,2.676
46034 Almoines,España,2.285
46034 Almoines,Extranjero,391
46035 Almussafes,Total,9.066
46035 Almussafes,España,7.989
46035 Almussafes,Extranjero,1.077
46036 Alpuente,Total,689
46036 Alpuente,España,631
46036 Alpuente,Extranjero,58
"46037 Alqueria de la Comtessa, l'",Total,1.549
"46037 Alqueria de la Comtessa, l'",España,1.304
"46037 Alqueria de la Comtessa, l'",Extranjero,245
46038 Andilla,Total,339
46038 Andilla,España,285
46038 Andilla,Extranjero,54
46039 Anna,Total,2.627
46039 Anna,España,2.342
46039 Anna,Extranjero,285
46040 Antella,Total,1.137
46040 Antella,España,1.044
46040 Antella,Extranjero,93
46041 Aras de los Olmos,Total,401
46041 Aras de los Olmos,España,357
46041 Aras de los Olmos,Extranjero,44
46042 Aielo de Malferit,Total,4.606
46042 Aielo de Malferit,España,3.969
46042 Aielo de Malferit,Extranjero,637
46043 Aielo de Rugat,Total,161
46043 Aielo de Rugat,España,138
46043 Aielo de Rugat,Extranjero,23
46044 Ayora,Total,5.309
46044 Ayora,España,4.747
46044 Ayora,Extranjero,562
46045 Barxeta,Total,1.575
46045 Barxeta,España,1.398
46045 Barxeta,Extranjero,177
46046 Barx,Total,1.514
46046 Barx,España,1.116
46046 Barx,Extranjero,398
46047 Bèlgida,Total,651
46047 Bèlgida,España,610
46047 Bèlgida,Extranjero,41
46048 Bellreguard,Total,5.034
46048 Bellreguard,España,4.112
46048 Bellreguard,Extranjero,922
46049 Bellús,Total,316
46049 Bellús,España,293
46049 Bellús,Extranjero,23
46050 Benagéber,Total,177
46050 Benagéber,España,171
46050 Benagéber,Extranjero,6
46051 Benaguasil,Total,12.707
46051 Benaguasil,España,10.543
46051 Benaguasil,Extranjero,2.164
46052 Benavites,Total,650
46052 Benavites,España,597
46052 Benavites,Extranjero,53
46053 Beneixida,Total,658
46053 Beneixida,España,602
46053 Beneixida,Extranjero,56
46054 Benetússer,Total,16.759
46054 Benetússer,España,13.107
46054 Benetússer,Extranjero,3.652
46055 Beniarjó,Total,1.956
46055 Beniarjó,España,1.599
46055 Beniarjó,Extranjero,357
46056 Beniatjar,Total,209
46056 Beniatjar,España,183
46056 Beniatjar,Extranjero,26
46057 Benicolet,Total,616
46057 Benicolet,España,522
46057 Benicolet,Extranjero,94
46058 Benifairó de les Valls,Total,2.365
46058 Benifairó de les Valls,España,2.094
46058 Benifairó de les Valls,Extranjero,271
46059 Benifairó de la Valldigna,Total,1.593
46059 Benifairó de la Valldigna,España,1.383
46059 Benifairó de la Valldigna,Extranjero,210
46060 Benifaió,Total,12.238
46060 Benifaió,España,10.394
46060 Benifaió,Extranjero,1.844
46061 Beniflá,Total,507
46061 Beniflá,España,441
46061 Beniflá,Extranjero,66
46062 Benigànim,Total,5.858
46062 Benigànim,España,5.259
46062 Benigànim,Extranjero,599
46063 Benimodo,Total,2.336
46063 Benimodo,España,2.054
46063 Benimodo,Extranjero,282
46064 Benimuslem,Total,675
46064 Benimuslem,España,613
46064 Benimuslem,Extranjero,62
46065 Beniparrell,Total,2.119
46065 Beniparrell,España,1.890
46065 Beniparrell,Extranjero,229
46066 Benirredrà,Total,1.579
46066 Benirredrà,España,1.425
46066 Benirredrà,Extranjero,154
46067 Benissanó,Total,2.449
46067 Benissanó,España,2.129
46067 Benissanó,Extranjero,320
46068 Benissoda,Total,494
46068 Benissoda,España,444
46068 Benissoda,Extranjero,50
46069 Benissuera,Total,200
46069 Benissuera,España,161
46069 Benissuera,Extranjero,39
46070 Bétera,Total,28.605
46070 Bétera,España,23.041
46070 Bétera,Extranjero,5.564
46071 Bicorp,Total,546
46071 Bicorp,España,498
46071 Bicorp,Extranjero,48
46072 Bocairent,Total,4.190
46072 Bocairent,España,3.955
46072 Bocairent,Extranjero,235
46073 Bolbaite,Total,1.320
46073 Bolbaite,España,1.178
46073 Bolbaite,Extranjero,142
46074 Bonrepòs i Mirambell,Total,4.118
46074 Bonrepòs i Mirambell,España,3.509
46074 Bonrepòs i Mirambell,Extranjero,609
46075 Bufali,Total,162
46075 Bufali,España,157
46075 Bufali,Extranjero,5
46076 Bugarra,Total,788
46076 Bugarra,España,673
46076 Bugarra,Extranjero,115
46077 Buñol,Total,9.912
46077 Buñol,España,8.513
46077 Buñol,Extranjero,1.399
46078 Burjassot,Total,41.743
46078 Burjassot,España,31.723
46078 Burjassot,Extranjero,10.020
46079 Calles,Total,470
46079 Calles,España,420
46079 Calles,Extranjero,50
46080 Camporrobles,Total,1.179
46080 Camporrobles,España,1.033
46080 Camporrobles,Extranjero,146
46081 Canals,Total,13.805
46081 Canals,España,11.503
46081 Canals,Extranjero,2.302
46082 Canet d'En Berenguer,Total,8.266
46082 Canet d'En Berenguer,España,6.413
46082 Canet d'En Berenguer,Extranjero,1.853
46083 Carcaixent,Total,21.893
46083 Carcaixent,España,17.857
46083 Carcaixent,Extranjero,4.036
46084 Càrcer,Total,1.799
46084 Càrcer,España,1.610
46084 Càrcer,Extranjero,189
46085 Carlet,Total,16.833
46085 Carlet,España,13.413
46085 Carlet,Extranjero,3.420
46086 Carrícola,Total,96
46086 Carrícola,España,90
46086 Carrícola,Extranjero,6
46087 Casas Altas,Total,118
46087 Casas Altas,España,111
46087 Casas Altas,Extranjero,7
46088 Casas Bajas,Total,158
46088 Casas Bajas,España,154
46088 Casas Bajas,Extranjero,4
46089 Casinos,Total,3.143
46089 Casinos,España,2.672
46089 Casinos,Extranjero,471
46090 Castelló de Rugat,Total,2.340
46090 Castelló de Rugat,España,1.892
46090 Castelló de Rugat,Extranjero,448
46091 Castellonet de la Conquesta,Total,158
46091 Castellonet de la Conquesta,España,127
46091 Castellonet de la Conquesta,Extranjero,31
46092 Castielfabib,Total,282
46092 Castielfabib,España,254
46092 Castielfabib,Extranjero,28
46093 Catadau,Total,3.041
46093 Catadau,España,2.649
46093 Catadau,Extranjero,392
46094 Catarroja,Total,30.612
46094 Catarroja,España,24.881
46094 Catarroja,Extranjero,5.731
46095 Caudete de las Fuentes,Total,734
46095 Caudete de las Fuentes,España,642
46095 Caudete de las Fuentes,Extranjero,92
46096 Cerdà,Total,371
46096 Cerdà,España,332
46096 Cerdà,Extranjero,39
46097 Cofrentes,Total,1.113
46097 Cofrentes,España,1.020
46097 Cofrentes,Extranjero,93
46098 Corbera,Total,3.287
46098 Corbera,España,2.866
46098 Corbera,Extranjero,421
46099 Cortes de Pallás,Total,733
46099 Cortes de Pallás,España,679
46099 Cortes de Pallás,Extranjero,54
46100 Cotes,Total,315
46100 Cotes,España,293
46100 Cotes,Extranjero,22
46101 Quart de les Valls,Total,1.034
46101 Quart de les Valls,España,942
46101 Quart de les Valls,Extranjero,92
46102 Quart de Poblet,Total,26.939
46102 Quart de Poblet,España,22.500
46102 Quart de Poblet,Extranjero,4.439
46103 Quartell,Total,1.805
46103 Quartell,España,1.620
46103 Quartell,Extranjero,185
46104 Quatretonda,Total,2.193
46104 Quatretonda,España,2.087
46104 Quatretonda,Extranjero,106
46105 Cullera,Total,24.621
46105 Cullera,España,18.318
46105 Cullera,Extranjero,6.303
46106 Chelva,Total,1.751
46106 Chelva,España,1.598
46106 Chelva,Extranjero,153
46107 Chella,Total,2.469
46107 Chella,España,2.080
46107 Chella,Extranjero,389
46108 Chera,Total,507
46108 Chera,España,449
46108 Chera,Extranjero,58
46109 Cheste,Total,9.099
46109 Cheste,España,7.468
46109 Cheste,Extranjero,1.631
46110 Xirivella,Total,32.178
46110 Xirivella,España,23.466
46110 Xirivella,Extranjero,8.712
46111 Chiva,Total,18.122
46111 Chiva,España,14.441
46111 Chiva,Extranjero,3.681
46112 Chulilla,Total,712
46112 Chulilla,España,599
46112 Chulilla,Extranjero,113
46113 Daimús,Total,3.607
46113 Daimús,España,3.002
46113 Daimús,Extranjero,605
46114 Domeño,Total,722
46114 Domeño,España,659
46114 Domeño,Extranjero,63
46115 Dos Aguas,Total,341
46115 Dos Aguas,España,319
46115 Dos Aguas,Extranjero,22
"46116 Eliana, l'",Total,19.952
"46116 Eliana, l'",España,16.386
"46116 Eliana, l'",Extranjero,3.566
46117 Emperador,Total,708
46117 Emperador,España,609
46117 Emperador,Extranjero,99
46118 Enguera,Total,4.906
46118 Enguera,España,4.162
46118 Enguera,Extranjero,744
"46119 Énova, l'",Total,953
"46119 Énova, l'",España,854
"46119 Énova, l'",Extranjero,99
46120 Estivella,Total,1.717
46120 Estivella,España,1.557
46120 Estivella,Extranjero,160
46121 Estubeny,Total,110
46121 Estubeny,España,107
46121 Estubeny,Extranjero,3
46122 Faura,Total,3.765
46122 Faura,España,3.224
46122 Faura,Extranjero,541
46123 Favara,Total,2.766
46123 Favara,España,2.291
46123 Favara,Extranjero,475
46124 Fontanars dels Alforins,Total,935
46124 Fontanars dels Alforins,España,888
46124 Fontanars dels Alforins,Extranjero,47
46125 Fortaleny,Total,1.029
46125 Fortaleny,España,967
46125 Fortaleny,Extranjero,62
46126 Foios,Total,7.987
46126 Foios,España,6.962
46126 Foios,Extranjero,1.025
"46127 Font d'en Carròs, la",Total,4.053
"46127 Font d'en Carròs, la",España,3.292
"46127 Font d'en Carròs, la",Extranjero,761
"46128 Font de la Figuera, la",Total,2.029
"46128 Font de la Figuera, la",España,1.762
"46128 Font de la Figuera, la",Extranjero,267
46129 Fuenterrobles,Total,678
46129 Fuenterrobles,España,568
46129 Fuenterrobles,Extranjero,110
46130 Gavarda,Total,1.026
46130 Gavarda,España,975
46130 Gavarda,Extranjero,51
46131 Gandia,Total,82.909
46131 Gandia,España,55.973
46131 Gandia,Extranjero,26.936
"46132 Genovés, el",Total,2.826
"46132 Genovés, el",España,2.596
"46132 Genovés, el",Extranjero,230
46133 Gestalgar,Total,589
46133 Gestalgar,España,521
46133 Gestalgar,Extranjero,68
46134 Gilet,Total,4.007
46134 Gilet,España,3.364
46134 Gilet,Extranjero,643
46135 Godella,Total,13.556
46135 Godella,España,11.516
46135 Godella,Extranjero,2.040
46136 Godelleta,Total,4.310
46136 Godelleta,España,3.571
46136 Godelleta,Extranjero,739
"46137 Granja de la Costera, la",Total,305
"46137 Granja de la Costera, la",España,277
"46137 Granja de la Costera, la",Extranjero,28
46138 Guadasséquies,Total,478
46138 Guadasséquies,España,443
46138 Guadasséquies,Extranjero,35
46139 Guadassuar,Total,6.018
46139 Guadassuar,España,5.258
46139 Guadassuar,Extranjero,760
46140 Guardamar de la Safor,Total,622
46140 Guardamar de la Safor,España,526
46140 Guardamar de la Safor,Extranjero,96
46141 Higueruelas,Total,568
46141 Higueruelas,España,476
46141 Higueruelas,Extranjero,92
46142 Jalance,Total,816
46142 Jalance,España,744
46142 Jalance,Extranjero,72
46143 Xeraco,Total,6.134
46143 Xeraco,España,4.900
46143 Xeraco,Extranjero,1.234
46144 Jarafuel,Total,786
46144 Jarafuel,España,709
46144 Jarafuel,Extranjero,77
46145 Xàtiva,Total,30.925
46145 Xàtiva,España,25.745
46145 Xàtiva,Extranjero,5.180
46146 Xeresa,Total,2.413
46146 Xeresa,España,2.028
46146 Xeresa,Extranjero,385
46147 Llíria,Total,25.613
46147 Llíria,España,20.899
46147 Llíria,Extranjero,4.714
46148 Loriguilla,Total,2.184
46148 Loriguilla,España,1.918
46148 Loriguilla,Extranjero,266
46149 Losa del Obispo,Total,530
46149 Losa del Obispo,España,420
46149 Losa del Obispo,Extranjero,110
46150 Llutxent,Total,2.307
46150 Llutxent,España,2.066
46150 Llutxent,Extranjero,241
46151 Llocnou d'En Fenollet,Total,944
46151 Llocnou d'En Fenollet,España,866
46151 Llocnou d'En Fenollet,Extranjero,78
46152 Llocnou de la Corona,Total,134
46152 Llocnou de la Corona,España,109
46152 Llocnou de la Corona,Extranjero,25
46153 Llocnou de Sant Jeroni,Total,592
46153 Llocnou de Sant Jeroni,España,533
46153 Llocnou de Sant Jeroni,Extranjero,59
46154 Llanera de Ranes,Total,1.058
46154 Llanera de Ranes,España,957
46154 Llanera de Ranes,Extranjero,101
46155 Llaurí,Total,1.227
46155 Llaurí,España,1.082
46155 Llaurí,Extranjero,145
46156 Llombai,Total,2.787
46156 Llombai,España,2.434
46156 Llombai,Extranjero,353
"46157 Llosa de Ranes, la",Total,3.767
"46157 Llosa de Ranes, la",España,3.442
"46157 Llosa de Ranes, la",Extranjero,325
46158 Macastre,Total,1.481
46158 Macastre,España,1.237
46158 Macastre,Extranjero,244
46159 Manises,Total,32.747
46159 Manises,España,26.972
46159 Manises,Extranjero,5.775
46160 Manuel,Total,2.554
46160 Manuel,España,2.231
46160 Manuel,Extranjero,323
46161 Marines,Total,1.977
46161 Marines,España,1.821
46161 Marines,Extranjero,156
46162 Massalavés,Total,1.895
46162 Massalavés,España,1.422
46162 Massalavés,Extranjero,473
46163 Massalfassar,Total,2.718
46163 Massalfassar,España,2.365
46163 Massalfassar,Extranjero,353
46164 Massamagrell,Total,17.564
46164 Massamagrell,España,14.521
46164 Massamagrell,Extranjero,3.043
46165 Massanassa,Total,10.634
46165 Massanassa,España,8.695
46165 Massanassa,Extranjero,1.939
46166 Meliana,Total,11.046
46166 Meliana,España,9.509
46166 Meliana,Extranjero,1.537
46167 Millares,Total,340
46167 Millares,España,313
46167 Millares,Extranjero,27
46168 Miramar,Total,3.144
46168 Miramar,España,2.452
46168 Miramar,Extranjero,692
46169 Mislata,Total,47.003
46169 Mislata,España,35.999
46169 Mislata,Extranjero,11.004
46170 Moixent/Mogente,Total,4.408
46170 Moixent/Mogente,España,3.994
46170 Moixent/Mogente,Extranjero,414
46171 Montcada/Moncada,Total,22.252
46171 Montcada/Moncada,España,18.370
46171 Montcada/Moncada,Extranjero,3.882
46172 Montserrat,Total,10.095
46172 Montserrat,España,8.127
46172 Montserrat,Extranjero,1.968
46173 Montaverner,Total,1.643
46173 Montaverner,España,1.496
46173 Montaverner,Extranjero,147
46174 Montesa,Total,1.126
46174 Montesa,España,1.050
46174 Montesa,Extranjero,76
46175 Montitxelvo/Montichelvo,Total,569
46175 Montitxelvo/Montichelvo,España,486
46175 Montitxelvo/Montichelvo,Extranjero,83
46176 Montroi/Montroy,Total,3.790
46176 Montroi/Montroy,España,2.911
46176 Montroi/Montroy,Extranjero,879
46177 Museros,Total,6.916
46177 Museros,España,5.837
46177 Museros,Extranjero,1.079
46178 Nàquera/Náquera,Total,8.654
46178 Nàquera/Náquera,España,7.282
46178 Nàquera/Náquera,Extranjero,1.372
46179 Navarrés,Total,3.026
46179 Navarrés,España,2.449
46179 Navarrés,Extranjero,577
46180 Novetlè,Total,873
46180 Novetlè,España,805
46180 Novetlè,Extranjero,68
46181 Oliva,Total,26.820
46181 Oliva,España,19.754
46181 Oliva,Extranjero,7.066
46182 Olocau,Total,2.533
46182 Olocau,España,2.106
46182 Olocau,Extranjero,427
"46183 Olleria, l'",Total,8.928
"46183 Olleria, l'",España,7.169
"46183 Olleria, l'",Extranjero,1.759
46184 Ontinyent,Total,36.847
46184 Ontinyent,España,30.756
46184 Ontinyent,Extranjero,6.091
46185 Otos,Total,442
46185 Otos,España,418
46185 Otos,Extranjero,24
46186 Paiporta,Total,28.237
46186 Paiporta,España,23.987
46186 Paiporta,Extranjero,4.250
46187 Palma de Gandía,Total,1.895
46187 Palma de Gandía,España,1.526
46187 Palma de Gandía,Extranjero,369
46188 Palmera,Total,1.030
46188 Palmera,España,815
46188 Palmera,Extranjero,215
"46189 Palomar, el",Total,605
"46189 Palomar, el",España,540
"46189 Palomar, el",Extranjero,65
46190 Paterna,Total,75.805
46190 Paterna,España,61.034
46190 Paterna,Extranjero,14.771
46191 Pedralba,Total,3.244
46191 Pedralba,España,2.527
46191 Pedralba,Extranjero,717
46192 Petrés,Total,1.130
46192 Petrés,España,966
46192 Petrés,Extranjero,164
46193 Picanya,Total,11.899
46193 Picanya,España,10.310
46193 Picanya,Extranjero,1.589
46194 Picassent,Total,23.157
46194 Picassent,España,19.472
46194 Picassent,Extranjero,3.685
46195 Piles,Total,3.202
46195 Piles,España,2.394
46195 Piles,Extranjero,808
46196 Pinet,Total,158
46196 Pinet,España,142
46196 Pinet,Extranjero,16
46197 Polinyà de Xúquer,Total,2.578
46197 Polinyà de Xúquer,España,2.280
46197 Polinyà de Xúquer,Extranjero,298
46198 Potries,Total,1.142
46198 Potries,España,1.003
46198 Potries,Extranjero,139
"46199 Pobla de Farnals, la",Total,9.428
"46199 Pobla de Farnals, la",España,7.422
"46199 Pobla de Farnals, la",Extranjero,2.006
"46200 Pobla del Duc, la",Total,2.441
"46200 Pobla del Duc, la",España,1.998
"46200 Pobla del Duc, la",Extranjero,443
46201 Puebla de San Miguel,Total,53
46201 Puebla de San Miguel,España,50
46201 Puebla de San Miguel,Extranjero,3
"46202 Pobla de Vallbona, la",Total,27.777
"46202 Pobla de Vallbona, la",España,23.458
"46202 Pobla de Vallbona, la",Extranjero,4.319
"46203 Pobla Llarga, la",Total,4.665
"46203 Pobla Llarga, la",España,4.031
"46203 Pobla Llarga, la",Extranjero,634
"46204 Puig de Santa Maria, el",Total,9.450
"46204 Puig de Santa Maria, el",España,7.939
"46204 Puig de Santa Maria, el",Extranjero,1.511
46205 Puçol,Total,21.685
46205 Puçol,España,17.130
46205 Puçol,Extranjero,4.555
46206 Quesa,Total,699
46206 Quesa,España,588
46206 Quesa,Extranjero,111
46207 Rafelbunyol,Total,9.956
46207 Rafelbunyol,España,8.514
46207 Rafelbunyol,Extranjero,1.442
46208 Rafelcofer,Total,1.418
46208 Rafelcofer,España,1.212
46208 Rafelcofer,Extranjero,206
46209 Rafelguaraf,Total,2.396
46209 Rafelguaraf,España,2.194
46209 Rafelguaraf,Extranjero,202
46210 Ráfol de Salem,Total,462
46210 Ráfol de Salem,España,395
46210 Ráfol de Salem,Extranjero,67
"46211 Real de Gandia, el",Total,2.723
"46211 Real de Gandia, el",España,2.212
"46211 Real de Gandia, el",Extranjero,511
46212 Real,Total,2.524
46212 Real,España,2.050
46212 Real,Extranjero,474
46213 Requena,Total,21.050
46213 Requena,España,17.812
46213 Requena,Extranjero,3.238
46214 Riba-roja de Túria,Total,24.609
46214 Riba-roja de Túria,España,20.805
46214 Riba-roja de Túria,Extranjero,3.804
46215 Riola,Total,1.819
46215 Riola,España,1.652
46215 Riola,Extranjero,167
46216 Rocafort,Total,7.810
46216 Rocafort,España,6.608
46216 Rocafort,Extranjero,1.202
46217 Rotglà i Corberà,Total,1.177
46217 Rotglà i Corberà,España,1.073
46217 Rotglà i Corberà,Extranjero,104
46218 Ròtova,Total,1.290
46218 Ròtova,España,1.146
46218 Ròtova,Extranjero,144
46219 Rugat,Total,172
46219 Rugat,España,133
46219 Rugat,Extranjero,39
46220 Sagunt/Sagunto,Total,73.416
46220 Sagunt/Sagunto,España,55.984
46220 Sagunt/Sagunto,Extranjero,17.432
46221 Salem,Total,411
46221 Salem,España,375
46221 Salem,Extranjero,36
46222 Sant Joanet,Total,527
46222 Sant Joanet,España,490
46222 Sant Joanet,Extranjero,37
46223 Sedaví,Total,10.862
46223 Sedaví,España,9.054
46223 Sedaví,Extranjero,1.808
46224 Segart,Total,183
46224 Segart,España,168
46224 Segart,Extranjero,15
46225 Sellent,Total,386
46225 Sellent,España,348
46225 Sellent,Extranjero,38
46226 Sempere,Total,33
46226 Sempere,España,24
46226 Sempere,Extranjero,9
46227 Senyera,Total,1.115
46227 Senyera,España,1.060
46227 Senyera,Extranjero,55
46228 Serra,Total,3.760
46228 Serra,España,3.213
46228 Serra,Extranjero,547
46229 Siete Aguas,Total,1.330
46229 Siete Aguas,España,1.077
46229 Siete Aguas,Extranjero,253
46230 Silla,Total,20.484
46230 Silla,España,16.472
46230 Silla,Extranjero,4.012
46231 Simat de la Valldigna,Total,3.336
46231 Simat de la Valldigna,España,2.747
46231 Simat de la Valldigna,Extranjero,589
46232 Sinarcas,Total,1.177
46232 Sinarcas,España,928
46232 Sinarcas,Extranjero,249
46233 Sollana,Total,5.099
46233 Sollana,España,4.346
46233 Sollana,Extranjero,753
46234 Sot de Chera,Total,430
46234 Sot de Chera,España,381
46234 Sot de Chera,Extranjero,49
46235 Sueca,Total,29.544
46235 Sueca,España,24.401
46235 Sueca,Extranjero,5.143
46236 Sumacàrcer,Total,1.021
46236 Sumacàrcer,España,949
46236 Sumacàrcer,Extranjero,72
46237 Tavernes Blanques,Total,9.789
46237 Tavernes Blanques,España,8.218
46237 Tavernes Blanques,Extranjero,1.571
46238 Tavernes de la Valldigna,Total,17.933
46238 Tavernes de la Valldigna,España,15.202
46238 Tavernes de la Valldigna,Extranjero,2.731
46239 Teresa de Cofrentes,Total,618
46239 Teresa de Cofrentes,España,446
46239 Teresa de Cofrentes,Extranjero,172
46240 Terrateig,Total,287
46240 Terrateig,España,242
46240 Terrateig,Extranjero,45
46241 Titaguas,Total,519
46241 Titaguas,España,458
46241 Titaguas,Extranjero,61
46242 Torrebaja,Total,402
46242 Torrebaja,España,343
46242 Torrebaja,Extranjero,59
46243 Torrella,Total,151
46243 Torrella,España,144
46243 Torrella,Extranjero,7
46244 Torrent,Total,91.353
46244 Torrent,España,71.900
46244 Torrent,Extranjero,19.453
46245 Torres Torres,Total,808
46245 Torres Torres,España,665
46245 Torres Torres,Extranjero,143
46246 Tous,Total,1.355
46246 Tous,España,1.283
46246 Tous,Extranjero,72
46247 Tuéjar,Total,1.275
46247 Tuéjar,España,1.121
46247 Tuéjar,Extranjero,154
46248 Turís,Total,7.709
46248 Turís,España,6.405
46248 Turís,Extranjero,1.304
46249 Utiel,Total,11.639
46249 Utiel,España,10.288
46249 Utiel,Extranjero,1.351
46250 València,Total,841.558
46250 València,España,618.607
46250 València,Extranjero,222.951
46251 Vallada,Total,3.116
46251 Vallada,España,2.781
46251 Vallada,Extranjero,335
46252 Vallanca,Total,130
46252 Vallanca,España,124
46252 Vallanca,Extranjero,6
46253 Vallés,Total,161
46253 Vallés,España,152
46253 Vallés,Extranjero,9
46254 Venta del Moro,Total,1.166
46254 Venta del Moro,España,1.028
46254 Venta del Moro,Extranjero,138
46255 Vilallonga/Villalonga,Total,4.880
46255 Vilallonga/Villalonga,España,3.970
46255 Vilallonga/Villalonga,Extranjero,910
46256 Vilamarxant,Total,11.552
46256 Vilamarxant,España,9.680
46256 Vilamarxant,Extranjero,1.872
46257 Castelló,Total,6.982
46257 Castelló,España,6.125
46257 Castelló,Extranjero,857
46258 Villar del Arzobispo,Total,3.863
46258 Villar del Arzobispo,España,3.228
46258 Villar del Arzobispo,Extranjero,635
46259 Villargordo del Cabriel,Total,587
46259 Villargordo del Cabriel,España,528
46259 Villargordo del Cabriel,Extranjero,59
46260 Vinalesa,Total,3.590
46260 Vinalesa,España,3.257
46260 Vinalesa,Extranjero,333
46261 Yátova,Total,2.343
46261 Yátova,España,2.100
46261 Yátova,Extranjero,243
"46262 Yesa, La",Total,246
"46262 Yesa, La",España,216
"46262 Yesa, La",Extranjero,30
46263 Zarra,Total,381
46263 Zarra,España,268
46263 Zarra,Extranjero,113
46902 Gátova,Total,456
46902 Gátova,España,405
46902 Gátova,Extranjero,51
46903 San Antonio de Benagéber,Total,11.154
46903 San Antonio de Benagéber,España,9.482
46903 San Antonio de Benagéber,Extranjero,1.672
46904 Benicull de Xúquer,Total,1.174
46904 Benicull de Xúquer,España,1.045
46904 Benicull de Xúquer,Extranjero,129
47001 Adalia,Total,50
47001 Adalia,España,50
47001 Adalia,Extranjero,0
47002 Aguasal,Total,18
47002 Aguasal,España,17
47002 Aguasal,Extranjero,1
47003 Aguilar de Campos,Total,265
47003 Aguilar de Campos,España,236
47003 Aguilar de Campos,Extranjero,29
47004 Alaejos,Total,1.426
47004 Alaejos,España,1.201
47004 Alaejos,Extranjero,225
47005 Alcazarén,Total,626
47005 Alcazarén,España,569
47005 Alcazarén,Extranjero,57
47006 Aldea de San Miguel,Total,212
47006 Aldea de San Miguel,España,204
47006 Aldea de San Miguel,Extranjero,8
47007 Aldeamayor de San Martín,Total,6.301
47007 Aldeamayor de San Martín,España,5.832
47007 Aldeamayor de San Martín,Extranjero,469
47008 Almenara de Adaja,Total,24
47008 Almenara de Adaja,España,23
47008 Almenara de Adaja,Extranjero,1
47009 Amusquillo,Total,95
47009 Amusquillo,España,94
47009 Amusquillo,Extranjero,1
47010 Arroyo de la Encomienda,Total,22.778
47010 Arroyo de la Encomienda,España,21.063
47010 Arroyo de la Encomienda,Extranjero,1.715
47011 Ataquines,Total,588
47011 Ataquines,España,569
47011 Ataquines,Extranjero,19
47012 Bahabón,Total,96
47012 Bahabón,España,93
47012 Bahabón,Extranjero,3
47013 Barcial de la Loma,Total,99
47013 Barcial de la Loma,España,94
47013 Barcial de la Loma,Extranjero,5
47014 Barruelo del Valle,Total,51
47014 Barruelo del Valle,España,42
47014 Barruelo del Valle,Extranjero,9
47015 Becilla de Valderaduey,Total,206
47015 Becilla de Valderaduey,España,149
47015 Becilla de Valderaduey,Extranjero,57
47016 Benafarces,Total,67
47016 Benafarces,España,62
47016 Benafarces,Extranjero,5
47017 Bercero,Total,170
47017 Bercero,España,167
47017 Bercero,Extranjero,3
47018 Berceruelo,Total,36
47018 Berceruelo,España,33
47018 Berceruelo,Extranjero,3
47019 Berrueces,Total,86
47019 Berrueces,España,80
47019 Berrueces,Extranjero,6
47020 Bobadilla del Campo,Total,279
47020 Bobadilla del Campo,España,267
47020 Bobadilla del Campo,Extranjero,12
47021 Bocigas,Total,75
47021 Bocigas,España,67
47021 Bocigas,Extranjero,8
47022 Bocos de Duero,Total,77
47022 Bocos de Duero,España,58
47022 Bocos de Duero,Extranjero,19
47023 Boecillo,Total,4.445
47023 Boecillo,España,4.138
47023 Boecillo,Extranjero,307
47024 Bolaños de Campos,Total,243
47024 Bolaños de Campos,España,213
47024 Bolaños de Campos,Extranjero,30
47025 Brahojos de Medina,Total,96
47025 Brahojos de Medina,España,88
47025 Brahojos de Medina,Extranjero,8
47026 Bustillo de Chaves,Total,69
47026 Bustillo de Chaves,España,49
47026 Bustillo de Chaves,Extranjero,20
47027 Cabezón de Pisuerga,Total,3.931
47027 Cabezón de Pisuerga,España,3.621
47027 Cabezón de Pisuerga,Extranjero,310
47028 Cabezón de Valderaduey,Total,25
47028 Cabezón de Valderaduey,España,22
47028 Cabezón de Valderaduey,Extranjero,3
47029 Cabreros del Monte,Total,64
47029 Cabreros del Monte,España,48
47029 Cabreros del Monte,Extranjero,16
47030 Campaspero,Total,1.015
47030 Campaspero,España,893
47030 Campaspero,Extranjero,122
"47031 Campillo, El",Total,205
"47031 Campillo, El",España,193
"47031 Campillo, El",Extranjero,12
47032 Camporredondo,Total,143
47032 Camporredondo,España,137
47032 Camporredondo,Extranjero,6
47033 Canalejas de Peñafiel,Total,257
47033 Canalejas de Peñafiel,España,211
47033 Canalejas de Peñafiel,Extranjero,46
47034 Canillas de Esgueva,Total,71
47034 Canillas de Esgueva,España,69
47034 Canillas de Esgueva,Extranjero,2
47035 Carpio,Total,924
47035 Carpio,España,911
47035 Carpio,Extranjero,13
47036 Casasola de Arión,Total,203
47036 Casasola de Arión,España,182
47036 Casasola de Arión,Extranjero,21
47037 Castrejón de Trabancos,Total,173
47037 Castrejón de Trabancos,España,167
47037 Castrejón de Trabancos,Extranjero,6
47038 Castrillo de Duero,Total,109
47038 Castrillo de Duero,España,98
47038 Castrillo de Duero,Extranjero,11
47039 Castrillo-Tejeriego,Total,157
47039 Castrillo-Tejeriego,España,156
47039 Castrillo-Tejeriego,Extranjero,1
47040 Castrobol,Total,43
47040 Castrobol,España,43
47040 Castrobol,Extranjero,0
47041 Castrodeza,Total,149
47041 Castrodeza,España,137
47041 Castrodeza,Extranjero,12
47042 Castromembibre,Total,50
47042 Castromembibre,España,49
47042 Castromembibre,Extranjero,1
47043 Castromonte,Total,320
47043 Castromonte,España,307
47043 Castromonte,Extranjero,13
47044 Castronuevo de Esgueva,Total,413
47044 Castronuevo de Esgueva,España,400
47044 Castronuevo de Esgueva,Extranjero,13
47045 Castronuño,Total,745
47045 Castronuño,España,697
47045 Castronuño,Extranjero,48
47046 Castroponce,Total,129
47046 Castroponce,España,120
47046 Castroponce,Extranjero,9
47047 Castroverde de Cerrato,Total,192
47047 Castroverde de Cerrato,España,173
47047 Castroverde de Cerrato,Extranjero,19
47048 Ceinos de Campos,Total,172
47048 Ceinos de Campos,España,146
47048 Ceinos de Campos,Extranjero,26
47049 Cervillego de la Cruz,Total,87
47049 Cervillego de la Cruz,España,86
47049 Cervillego de la Cruz,Extranjero,1
47050 Cigales,Total,5.456
47050 Cigales,España,4.880
47050 Cigales,Extranjero,576
47051 Ciguñuela,Total,362
47051 Ciguñuela,España,354
47051 Ciguñuela,Extranjero,8
47052 Cistérniga,Total,9.483
47052 Cistérniga,España,8.900
47052 Cistérniga,Extranjero,583
47053 Cogeces de Íscar,Total,143
47053 Cogeces de Íscar,España,138
47053 Cogeces de Íscar,Extranjero,5
47054 Cogeces del Monte,Total,640
47054 Cogeces del Monte,España,585
47054 Cogeces del Monte,Extranjero,55
47055 Corcos,Total,202
47055 Corcos,España,191
47055 Corcos,Extranjero,11
47056 Corrales de Duero,Total,106
47056 Corrales de Duero,España,84
47056 Corrales de Duero,Extranjero,22
47057 Cubillas de Santa Marta,Total,394
47057 Cubillas de Santa Marta,España,355
47057 Cubillas de Santa Marta,Extranjero,39
47058 Cuenca de Campos,Total,180
47058 Cuenca de Campos,España,169
47058 Cuenca de Campos,Extranjero,11
47059 Curiel de Duero,Total,111
47059 Curiel de Duero,España,95
47059 Curiel de Duero,Extranjero,16
47060 Encinas de Esgueva,Total,214
47060 Encinas de Esgueva,España,202
47060 Encinas de Esgueva,Extranjero,12
47061 Esguevillas de Esgueva,Total,258
47061 Esguevillas de Esgueva,España,247
47061 Esguevillas de Esgueva,Extranjero,11
47062 Fombellida,Total,170
47062 Fombellida,España,159
47062 Fombellida,Extranjero,11
47063 Fompedraza,Total,115
47063 Fompedraza,España,96
47063 Fompedraza,Extranjero,19
47064 Fontihoyuelo,Total,29
47064 Fontihoyuelo,España,29
47064 Fontihoyuelo,Extranjero,0
47065 Fresno el Viejo,Total,825
47065 Fresno el Viejo,España,807
47065 Fresno el Viejo,Extranjero,18
47066 Fuensaldaña,Total,2.144
47066 Fuensaldaña,España,1.946
47066 Fuensaldaña,Extranjero,198
47067 Fuente el Sol,Total,149
47067 Fuente el Sol,España,142
47067 Fuente el Sol,Extranjero,7
47068 Fuente-Olmedo,Total,42
47068 Fuente-Olmedo,España,30
47068 Fuente-Olmedo,Extranjero,12
47069 Gallegos de Hornija,Total,104
47069 Gallegos de Hornija,España,103
47069 Gallegos de Hornija,Extranjero,1
47070 Gatón de Campos,Total,47
47070 Gatón de Campos,España,39
47070 Gatón de Campos,Extranjero,8
47071 Geria,Total,491
47071 Geria,España,420
47071 Geria,Extranjero,71
47073 Herrín de Campos,Total,112
47073 Herrín de Campos,España,104
47073 Herrín de Campos,Extranjero,8
47074 Hornillos de Eresma,Total,182
47074 Hornillos de Eresma,España,150
47074 Hornillos de Eresma,Extranjero,32
47075 Íscar,Total,6.554
47075 Íscar,España,5.291
47075 Íscar,Extranjero,1.263
47076 Laguna de Duero,Total,22.999
47076 Laguna de Duero,España,21.460
47076 Laguna de Duero,Extranjero,1.539
47077 Langayo,Total,246
47077 Langayo,España,223
47077 Langayo,Extranjero,23
47078 Lomoviejo,Total,158
47078 Lomoviejo,España,148
47078 Lomoviejo,Extranjero,10
47079 Llano de Olmedo,Total,49
47079 Llano de Olmedo,España,45
47079 Llano de Olmedo,Extranjero,4
47080 Manzanillo,Total,50
47080 Manzanillo,España,45
47080 Manzanillo,Extranjero,5
47081 Marzales,Total,45
47081 Marzales,España,44
47081 Marzales,Extranjero,1
47082 Matapozuelos,Total,975
47082 Matapozuelos,España,900
47082 Matapozuelos,Extranjero,75
47083 Matilla de los Caños,Total,117
47083 Matilla de los Caños,España,103
47083 Matilla de los Caños,Extranjero,14
47084 Mayorga,Total,1.360
47084 Mayorga,España,1.086
47084 Mayorga,Extranjero,274
47085 Medina del Campo,Total,20.238
47085 Medina del Campo,España,18.079
47085 Medina del Campo,Extranjero,2.159
47086 Medina de Rioseco,Total,4.613
47086 Medina de Rioseco,España,4.124
47086 Medina de Rioseco,Extranjero,489
47087 Megeces,Total,422
47087 Megeces,España,370
47087 Megeces,Extranjero,52
47088 Melgar de Abajo,Total,114
47088 Melgar de Abajo,España,105
47088 Melgar de Abajo,Extranjero,9
47089 Melgar de Arriba,Total,163
47089 Melgar de Arriba,España,141
47089 Melgar de Arriba,Extranjero,22
47090 Mojados,Total,3.444
47090 Mojados,España,3.034
47090 Mojados,Extranjero,410
47091 Monasterio de Vega,Total,79
47091 Monasterio de Vega,España,75
47091 Monasterio de Vega,Extranjero,4
47092 Montealegre de Campos,Total,105
47092 Montealegre de Campos,España,102
47092 Montealegre de Campos,Extranjero,3
47093 Montemayor de Pililla,Total,840
47093 Montemayor de Pililla,España,813
47093 Montemayor de Pililla,Extranjero,27
47094 Moral de la Reina,Total,131
47094 Moral de la Reina,España,114
47094 Moral de la Reina,Extranjero,17
47095 Moraleja de las Panaderas,Total,42
47095 Moraleja de las Panaderas,España,40
47095 Moraleja de las Panaderas,Extranjero,2
47096 Morales de Campos,Total,132
47096 Morales de Campos,España,117
47096 Morales de Campos,Extranjero,15
47097 Mota del Marqués,Total,341
47097 Mota del Marqués,España,327
47097 Mota del Marqués,Extranjero,14
47098 Mucientes,Total,693
47098 Mucientes,España,669
47098 Mucientes,Extranjero,24
"47099 Mudarra, La",Total,168
"47099 Mudarra, La",España,157
"47099 Mudarra, La",Extranjero,11
47100 Muriel,Total,106
47100 Muriel,España,104
47100 Muriel,Extranjero,2
47101 Nava del Rey,Total,1.928
47101 Nava del Rey,España,1.763
47101 Nava del Rey,Extranjero,165
47102 Nueva Villa de las Torres,Total,265
47102 Nueva Villa de las Torres,España,263
47102 Nueva Villa de las Torres,Extranjero,2
47103 Olivares de Duero,Total,327
47103 Olivares de Duero,España,276
47103 Olivares de Duero,Extranjero,51
47104 Olmedo,Total,3.626
47104 Olmedo,España,3.084
47104 Olmedo,Extranjero,542
47105 Olmos de Esgueva,Total,191
47105 Olmos de Esgueva,España,184
47105 Olmos de Esgueva,Extranjero,7
47106 Olmos de Peñafiel,Total,35
47106 Olmos de Peñafiel,España,35
47106 Olmos de Peñafiel,Extranjero,0
47109 Palazuelo de Vedija,Total,163
47109 Palazuelo de Vedija,España,154
47109 Palazuelo de Vedija,Extranjero,9
"47110 Parrilla, La",Total,471
"47110 Parrilla, La",España,460
"47110 Parrilla, La",Extranjero,11
"47111 Pedraja de Portillo, La",Total,1.191
"47111 Pedraja de Portillo, La",España,1.129
"47111 Pedraja de Portillo, La",Extranjero,62
47112 Pedrajas de San Esteban,Total,3.434
47112 Pedrajas de San Esteban,España,2.900
47112 Pedrajas de San Esteban,Extranjero,534
47113 Pedrosa del Rey,Total,149
47113 Pedrosa del Rey,España,140
47113 Pedrosa del Rey,Extranjero,9
47114 Peñafiel,Total,5.163
47114 Peñafiel,España,4.359
47114 Peñafiel,Extranjero,804
47115 Peñaflor de Hornija,Total,349
47115 Peñaflor de Hornija,España,329
47115 Peñaflor de Hornija,Extranjero,20
47116 Pesquera de Duero,Total,403
47116 Pesquera de Duero,España,382
47116 Pesquera de Duero,Extranjero,21
47117 Piña de Esgueva,Total,315
47117 Piña de Esgueva,España,306
47117 Piña de Esgueva,Extranjero,9
47118 Piñel de Abajo,Total,164
47118 Piñel de Abajo,España,149
47118 Piñel de Abajo,Extranjero,15
47119 Piñel de Arriba,Total,81
47119 Piñel de Arriba,España,80
47119 Piñel de Arriba,Extranjero,1
47121 Pollos,Total,565
47121 Pollos,España,523
47121 Pollos,Extranjero,42
47122 Portillo,Total,2.396
47122 Portillo,España,2.219
47122 Portillo,Extranjero,177
47123 Pozal de Gallinas,Total,557
47123 Pozal de Gallinas,España,528
47123 Pozal de Gallinas,Extranjero,29
47124 Pozaldez,Total,511
47124 Pozaldez,España,444
47124 Pozaldez,Extranjero,67
47125 Pozuelo de la Orden,Total,60
47125 Pozuelo de la Orden,España,56
47125 Pozuelo de la Orden,Extranjero,4
47126 Puras,Total,44
47126 Puras,España,44
47126 Puras,Extranjero,0
47127 Quintanilla de Arriba,Total,163
47127 Quintanilla de Arriba,España,151
47127 Quintanilla de Arriba,Extranjero,12
47128 Quintanilla del Molar,Total,45
47128 Quintanilla del Molar,España,43
47128 Quintanilla del Molar,Extranjero,2
47129 Quintanilla de Onésimo,Total,1.046
47129 Quintanilla de Onésimo,España,961
47129 Quintanilla de Onésimo,Extranjero,85
47130 Quintanilla de Trigueros,Total,100
47130 Quintanilla de Trigueros,España,87
47130 Quintanilla de Trigueros,Extranjero,13
47131 Rábano,Total,169
47131 Rábano,España,156
47131 Rábano,Extranjero,13
47132 Ramiro,Total,44
47132 Ramiro,España,42
47132 Ramiro,Extranjero,2
47133 Renedo de Esgueva,Total,3.995
47133 Renedo de Esgueva,España,3.859
47133 Renedo de Esgueva,Extranjero,136
47134 Roales de Campos,Total,154
47134 Roales de Campos,España,141
47134 Roales de Campos,Extranjero,13
47135 Robladillo,Total,86
47135 Robladillo,España,86
47135 Robladillo,Extranjero,0
47137 Roturas,Total,26
47137 Roturas,España,26
47137 Roturas,Extranjero,0
47138 Rubí de Bracamonte,Total,208
47138 Rubí de Bracamonte,España,198
47138 Rubí de Bracamonte,Extranjero,10
47139 Rueda,Total,1.135
47139 Rueda,España,1.008
47139 Rueda,Extranjero,127
47140 Saelices de Mayorga,Total,117
47140 Saelices de Mayorga,España,104
47140 Saelices de Mayorga,Extranjero,13
47141 Salvador de Zapardiel,Total,99
47141 Salvador de Zapardiel,España,99
47141 Salvador de Zapardiel,Extranjero,0
47142 San Cebrián de Mazote,Total,99
47142 San Cebrián de Mazote,España,97
47142 San Cebrián de Mazote,Extranjero,2
47143 San Llorente,Total,92
47143 San Llorente,España,89
47143 San Llorente,Extranjero,3
47144 San Martín de Valvení,Total,79
47144 San Martín de Valvení,España,72
47144 San Martín de Valvení,Extranjero,7
47145 San Miguel del Arroyo,Total,641
47145 San Miguel del Arroyo,España,620
47145 San Miguel del Arroyo,Extranjero,21
47146 San Miguel del Pino,Total,369
47146 San Miguel del Pino,España,340
47146 San Miguel del Pino,Extranjero,29
47147 San Pablo de la Moraleja,Total,113
47147 San Pablo de la Moraleja,España,103
47147 San Pablo de la Moraleja,Extranjero,10
47148 San Pedro de Latarce,Total,432
47148 San Pedro de Latarce,España,410
47148 San Pedro de Latarce,Extranjero,22
47149 San Pelayo,Total,42
47149 San Pelayo,España,36
47149 San Pelayo,Extranjero,6
47150 San Román de Hornija,Total,298
47150 San Román de Hornija,España,239
47150 San Román de Hornija,Extranjero,59
47151 San Salvador,Total,20
47151 San Salvador,España,18
47151 San Salvador,Extranjero,2
47152 Santa Eufemia del Arroyo,Total,79
47152 Santa Eufemia del Arroyo,España,66
47152 Santa Eufemia del Arroyo,Extranjero,13
47153 Santervás de Campos,Total,100
47153 Santervás de Campos,España,94
47153 Santervás de Campos,Extranjero,6
47154 Santibáñez de Valcorba,Total,195
47154 Santibáñez de Valcorba,España,178
47154 Santibáñez de Valcorba,Extranjero,17
47155 Santovenia de Pisuerga,Total,4.773
47155 Santovenia de Pisuerga,España,4.336
47155 Santovenia de Pisuerga,Extranjero,437
47156 San Vicente del Palacio,Total,155
47156 San Vicente del Palacio,España,151
47156 San Vicente del Palacio,Extranjero,4
47157 Sardón de Duero,Total,601
47157 Sardón de Duero,España,538
47157 Sardón de Duero,Extranjero,63
"47158 Seca, La",Total,1.018
"47158 Seca, La",España,908
"47158 Seca, La",Extranjero,110
47159 Serrada,Total,1.120
47159 Serrada,España,952
47159 Serrada,Extranjero,168
47160 Siete Iglesias de Trabancos,Total,414
47160 Siete Iglesias de Trabancos,España,396
47160 Siete Iglesias de Trabancos,Extranjero,18
47161 Simancas,Total,5.552
47161 Simancas,España,5.164
47161 Simancas,Extranjero,388
47162 Tamariz de Campos,Total,84
47162 Tamariz de Campos,España,77
47162 Tamariz de Campos,Extranjero,7
47163 Tiedra,Total,273
47163 Tiedra,España,273
47163 Tiedra,Extranjero,0
47164 Tordehumos,Total,367
47164 Tordehumos,España,329
47164 Tordehumos,Extranjero,38
47165 Tordesillas,Total,8.801
47165 Tordesillas,España,7.825
47165 Tordesillas,Extranjero,976
47166 Torrecilla de la Abadesa,Total,236
47166 Torrecilla de la Abadesa,España,232
47166 Torrecilla de la Abadesa,Extranjero,4
47167 Torrecilla de la Orden,Total,227
47167 Torrecilla de la Orden,España,211
47167 Torrecilla de la Orden,Extranjero,16
47168 Torrecilla de la Torre,Total,28
47168 Torrecilla de la Torre,España,27
47168 Torrecilla de la Torre,Extranjero,1
47169 Torre de Esgueva,Total,62
47169 Torre de Esgueva,España,61
47169 Torre de Esgueva,Extranjero,1
47170 Torre de Peñafiel,Total,57
47170 Torre de Peñafiel,España,50
47170 Torre de Peñafiel,Extranjero,7
47171 Torrelobatón,Total,387
47171 Torrelobatón,España,373
47171 Torrelobatón,Extranjero,14
47172 Torrescárcela,Total,163
47172 Torrescárcela,España,148
47172 Torrescárcela,Extranjero,15
47173 Traspinedo,Total,1.311
47173 Traspinedo,España,1.135
47173 Traspinedo,Extranjero,176
47174 Trigueros del Valle,Total,320
47174 Trigueros del Valle,España,299
47174 Trigueros del Valle,Extranjero,21
47175 Tudela de Duero,Total,8.933
47175 Tudela de Duero,España,8.147
47175 Tudela de Duero,Extranjero,786
"47176 Unión de Campos, La",Total,213
"47176 Unión de Campos, La",España,200
"47176 Unión de Campos, La",Extranjero,13
47177 Urones de Castroponce,Total,94
47177 Urones de Castroponce,España,90
47177 Urones de Castroponce,Extranjero,4
47178 Urueña,Total,201
47178 Urueña,España,175
47178 Urueña,Extranjero,26
47179 Valbuena de Duero,Total,388
47179 Valbuena de Duero,España,338
47179 Valbuena de Duero,Extranjero,50
47180 Valdearcos de la Vega,Total,61
47180 Valdearcos de la Vega,España,54
47180 Valdearcos de la Vega,Extranjero,7
47181 Valdenebro de los Valles,Total,192
47181 Valdenebro de los Valles,España,164
47181 Valdenebro de los Valles,Extranjero,28
47182 Valdestillas,Total,1.645
47182 Valdestillas,España,1.519
47182 Valdestillas,Extranjero,126
47183 Valdunquillo,Total,111
47183 Valdunquillo,España,106
47183 Valdunquillo,Extranjero,5
47184 Valoria la Buena,Total,745
47184 Valoria la Buena,España,654
47184 Valoria la Buena,Extranjero,91
47185 Valverde de Campos,Total,91
47185 Valverde de Campos,España,79
47185 Valverde de Campos,Extranjero,12
47186 Valladolid,Total,301.798
47186 Valladolid,España,265.057
47186 Valladolid,Extranjero,36.741
47187 Vega de Ruiponce,Total,80
47187 Vega de Ruiponce,España,70
47187 Vega de Ruiponce,Extranjero,10
47188 Vega de Valdetronco,Total,88
47188 Vega de Valdetronco,España,84
47188 Vega de Valdetronco,Extranjero,4
47189 Velascálvaro,Total,157
47189 Velascálvaro,España,150
47189 Velascálvaro,Extranjero,7
47190 Velilla,Total,109
47190 Velilla,España,109
47190 Velilla,Extranjero,0
47191 Velliza,Total,120
47191 Velliza,España,114
47191 Velliza,Extranjero,6
47192 Ventosa de la Cuesta,Total,112
47192 Ventosa de la Cuesta,España,101
47192 Ventosa de la Cuesta,Extranjero,11
47193 Viana de Cega,Total,2.283
47193 Viana de Cega,España,2.153
47193 Viana de Cega,Extranjero,130
47194 Viloria,Total,350
47194 Viloria,España,323
47194 Viloria,Extranjero,27
47195 Villabáñez,Total,527
47195 Villabáñez,España,501
47195 Villabáñez,Extranjero,26
47196 Villabaruz de Campos,Total,31
47196 Villabaruz de Campos,España,30
47196 Villabaruz de Campos,Extranjero,1
47197 Villabrágima,Total,1.078
47197 Villabrágima,España,981
47197 Villabrágima,Extranjero,97
47198 Villacarralón,Total,71
47198 Villacarralón,España,64
47198 Villacarralón,Extranjero,7
47199 Villacid de Campos,Total,86
47199 Villacid de Campos,España,70
47199 Villacid de Campos,Extranjero,16
47200 Villaco,Total,72
47200 Villaco,España,67
47200 Villaco,Extranjero,5
47203 Villafrades de Campos,Total,59
47203 Villafrades de Campos,España,55
47203 Villafrades de Campos,Extranjero,4
47204 Villafranca de Duero,Total,250
47204 Villafranca de Duero,España,213
47204 Villafranca de Duero,Extranjero,37
47205 Villafrechós,Total,474
47205 Villafrechós,España,354
47205 Villafrechós,Extranjero,120
47206 Villafuerte,Total,80
47206 Villafuerte,España,80
47206 Villafuerte,Extranjero,0
47207 Villagarcía de Campos,Total,294
47207 Villagarcía de Campos,España,256
47207 Villagarcía de Campos,Extranjero,38
47208 Villagómez la Nueva,Total,47
47208 Villagómez la Nueva,España,42
47208 Villagómez la Nueva,Extranjero,5
47209 Villalán de Campos,Total,36
47209 Villalán de Campos,España,32
47209 Villalán de Campos,Extranjero,4
47210 Villalar de los Comuneros,Total,470
47210 Villalar de los Comuneros,España,443
47210 Villalar de los Comuneros,Extranjero,27
47211 Villalba de la Loma,Total,56
47211 Villalba de la Loma,España,54
47211 Villalba de la Loma,Extranjero,2
47212 Villalba de los Alcores,Total,395
47212 Villalba de los Alcores,España,365
47212 Villalba de los Alcores,Extranjero,30
47213 Villalbarba,Total,96
47213 Villalbarba,España,94
47213 Villalbarba,Extranjero,2
47214 Villalón de Campos,Total,1.479
47214 Villalón de Campos,España,1.365
47214 Villalón de Campos,Extranjero,114
47215 Villamuriel de Campos,Total,55
47215 Villamuriel de Campos,España,52
47215 Villamuriel de Campos,Extranjero,3
47216 Villán de Tordesillas,Total,122
47216 Villán de Tordesillas,España,117
47216 Villán de Tordesillas,Extranjero,5
47217 Villanubla,Total,2.902
47217 Villanubla,España,2.696
47217 Villanubla,Extranjero,206
47218 Villanueva de Duero,Total,1.262
47218 Villanueva de Duero,España,1.155
47218 Villanueva de Duero,Extranjero,107
47219 Villanueva de la Condesa,Total,66
47219 Villanueva de la Condesa,España,44
47219 Villanueva de la Condesa,Extranjero,22
47220 Villanueva de los Caballeros,Total,147
47220 Villanueva de los Caballeros,España,133
47220 Villanueva de los Caballeros,Extranjero,14
47221 Villanueva de los Infantes,Total,116
47221 Villanueva de los Infantes,España,114
47221 Villanueva de los Infantes,Extranjero,2
47222 Villanueva de San Mancio,Total,96
47222 Villanueva de San Mancio,España,95
47222 Villanueva de San Mancio,Extranjero,1
47223 Villardefrades,Total,148
47223 Villardefrades,España,136
47223 Villardefrades,Extranjero,12
47224 Villarmentero de Esgueva,Total,100
47224 Villarmentero de Esgueva,España,96
47224 Villarmentero de Esgueva,Extranjero,4
47225 Villasexmir,Total,67
47225 Villasexmir,España,65
47225 Villasexmir,Extranjero,2
47226 Villavaquerín,Total,155
47226 Villavaquerín,España,145
47226 Villavaquerín,Extranjero,10
47227 Villavellid,Total,51
47227 Villavellid,España,47
47227 Villavellid,Extranjero,4
47228 Villaverde de Medina,Total,506
47228 Villaverde de Medina,España,460
47228 Villaverde de Medina,Extranjero,46
47229 Villavicencio de los Caballeros,Total,215
47229 Villavicencio de los Caballeros,España,207
47229 Villavicencio de los Caballeros,Extranjero,8
47230 Wamba,Total,288
47230 Wamba,España,282
47230 Wamba,Extranjero,6
47231 Zaratán,Total,6.384
47231 Zaratán,España,5.948
47231 Zaratán,Extranjero,436
"47232 Zarza, La",Total,111
"47232 Zarza, La",España,107
"47232 Zarza, La",Extranjero,4
48001 Abadiño,Total,7.786
48001 Abadiño,España,7.015
48001 Abadiño,Extranjero,771
48002 Abanto y Ciérvana-Abanto Zierbena,Total,9.389
48002 Abanto y Ciérvana-Abanto Zierbena,España,8.740
48002 Abanto y Ciérvana-Abanto Zierbena,Extranjero,649
48003 Amorebieta-Etxano,Total,19.639
48003 Amorebieta-Etxano,España,17.144
48003 Amorebieta-Etxano,Extranjero,2.495
48004 Amoroto,Total,391
48004 Amoroto,España,361
48004 Amoroto,Extranjero,30
48005 Arakaldo,Total,156
48005 Arakaldo,España,141
48005 Arakaldo,Extranjero,15
48006 Arantzazu,Total,410
48006 Arantzazu,España,361
48006 Arantzazu,Extranjero,49
48007 Munitibar-Arbatzegi Gerrikaitz,Total,468
48007 Munitibar-Arbatzegi Gerrikaitz,España,429
48007 Munitibar-Arbatzegi Gerrikaitz,Extranjero,39
48008 Artzentales,Total,756
48008 Artzentales,España,710
48008 Artzentales,Extranjero,46
48009 Arrankudiaga-Zollo,Total,1.024
48009 Arrankudiaga-Zollo,España,938
48009 Arrankudiaga-Zollo,Extranjero,86
48010 Arrieta,Total,582
48010 Arrieta,España,540
48010 Arrieta,Extranjero,42
48011 Arrigorriaga,Total,11.938
48011 Arrigorriaga,España,10.804
48011 Arrigorriaga,Extranjero,1.134
48012 Bakio,Total,2.856
48012 Bakio,España,2.599
48012 Bakio,Extranjero,257
48013 Barakaldo,Total,103.084
48013 Barakaldo,España,87.033
48013 Barakaldo,Extranjero,16.051
48014 Barrika,Total,1.523
48014 Barrika,España,1.397
48014 Barrika,Extranjero,126
48015 Basauri,Total,40.262
48015 Basauri,España,35.057
48015 Basauri,Extranjero,5.205
48016 Berango,Total,8.257
48016 Berango,España,7.580
48016 Berango,Extranjero,677
48017 Bermeo,Total,17.116
48017 Bermeo,España,14.634
48017 Bermeo,Extranjero,2.482
48018 Berriatua,Total,1.225
48018 Berriatua,España,1.009
48018 Berriatua,Extranjero,216
48019 Berriz,Total,4.543
48019 Berriz,España,3.953
48019 Berriz,Extranjero,590
48020 Bilbao,Total,350.975
48020 Bilbao,España,289.133
48020 Bilbao,Extranjero,61.842
48021 Busturia,Total,1.693
48021 Busturia,España,1.511
48021 Busturia,Extranjero,182
48022 Karrantza Harana/Valle de Carranza,Total,2.713
48022 Karrantza Harana/Valle de Carranza,España,2.450
48022 Karrantza Harana/Valle de Carranza,Extranjero,263
48023 Artea,Total,743
48023 Artea,España,679
48023 Artea,Extranjero,64
48024 Zeanuri,Total,1.233
48024 Zeanuri,España,1.142
48024 Zeanuri,Extranjero,91
48025 Zeberio,Total,1.089
48025 Zeberio,España,1.017
48025 Zeberio,Extranjero,72
48026 Dima,Total,1.527
48026 Dima,España,1.432
48026 Dima,Extranjero,95
48027 Durango,Total,30.181
48027 Durango,España,26.008
48027 Durango,Extranjero,4.173
48028 Ea,Total,822
48028 Ea,España,727
48028 Ea,Extranjero,95
48029 Etxebarri,Total,12.035
48029 Etxebarri,España,11.271
48029 Etxebarri,Extranjero,764
48030 Etxebarria,Total,789
48030 Etxebarria,España,665
48030 Etxebarria,Extranjero,124
48031 Elantxobe,Total,320
48031 Elantxobe,España,299
48031 Elantxobe,Extranjero,21
48032 Elorrio,Total,7.306
48032 Elorrio,España,6.550
48032 Elorrio,Extranjero,756
48033 Ereño,Total,275
48033 Ereño,España,257
48033 Ereño,Extranjero,18
48034 Ermua,Total,15.560
48034 Ermua,España,13.773
48034 Ermua,Extranjero,1.787
48035 Fruiz,Total,591
48035 Fruiz,España,529
48035 Fruiz,Extranjero,62
48036 Galdakao,Total,24.767
48036 Galdakao,España,22.741
48036 Galdakao,Extranjero,2.026
48037 Galdames,Total,830
48037 Galdames,España,791
48037 Galdames,Extranjero,39
48038 Gamiz-Fika,Total,1.415
48038 Gamiz-Fika,España,1.330
48038 Gamiz-Fika,Extranjero,85
48039 Garai,Total,332
48039 Garai,España,320
48039 Garai,Extranjero,12
48040 Gatika,Total,1.634
48040 Gatika,España,1.519
48040 Gatika,Extranjero,115
48041 Gautegiz Arteaga,Total,870
48041 Gautegiz Arteaga,España,780
48041 Gautegiz Arteaga,Extranjero,90
48042 Gordexola,Total,1.728
48042 Gordexola,España,1.573
48042 Gordexola,Extranjero,155
48043 Gorliz,Total,6.037
48043 Gorliz,España,5.519
48043 Gorliz,Extranjero,518
48044 Getxo,Total,75.967
48044 Getxo,España,66.340
48044 Getxo,Extranjero,9.627
48045 Güeñes,Total,6.815
48045 Güeñes,España,6.051
48045 Güeñes,Extranjero,764
48046 Gernika-Lumo,Total,17.081
48046 Gernika-Lumo,España,14.409
48046 Gernika-Lumo,Extranjero,2.672
48047 Gizaburuaga,Total,196
48047 Gizaburuaga,España,161
48047 Gizaburuaga,Extranjero,35
48048 Ibarrangelu,Total,668
48048 Ibarrangelu,España,631
48048 Ibarrangelu,Extranjero,37
48049 Ispaster,Total,721
48049 Ispaster,España,672
48049 Ispaster,Extranjero,49
48050 Izurtza,Total,223
48050 Izurtza,España,178
48050 Izurtza,Extranjero,45
48051 Lanestosa,Total,243
48051 Lanestosa,España,221
48051 Lanestosa,Extranjero,22
48052 Larrabetzu,Total,2.037
48052 Larrabetzu,España,1.913
48052 Larrabetzu,Extranjero,124
48053 Laukiz,Total,1.241
48053 Laukiz,España,1.143
48053 Laukiz,Extranjero,98
48054 Leioa,Total,32.708
48054 Leioa,España,28.906
48054 Leioa,Extranjero,3.802
48055 Lemoa,Total,3.611
48055 Lemoa,España,3.053
48055 Lemoa,Extranjero,558
48056 Lemoiz,Total,1.347
48056 Lemoiz,España,1.247
48056 Lemoiz,Extranjero,100
48057 Lekeitio,Total,7.210
48057 Lekeitio,España,6.393
48057 Lekeitio,Extranjero,817
48058 Mallabia,Total,1.105
48058 Mallabia,España,1.032
48058 Mallabia,Extranjero,73
48059 Mañaria,Total,541
48059 Mañaria,España,501
48059 Mañaria,Extranjero,40
48060 Markina-Xemein,Total,5.096
48060 Markina-Xemein,España,4.204
48060 Markina-Xemein,Extranjero,892
48061 Maruri-Jatabe,Total,1.129
48061 Maruri-Jatabe,España,1.054
48061 Maruri-Jatabe,Extranjero,75
48062 Mendata,Total,382
48062 Mendata,España,350
48062 Mendata,Extranjero,32
48063 Mendexa,Total,426
48063 Mendexa,España,387
48063 Mendexa,Extranjero,39
48064 Meñaka,Total,788
48064 Meñaka,España,758
48064 Meñaka,Extranjero,30
48065 Ugao-Miraballes,Total,4.210
48065 Ugao-Miraballes,España,3.691
48065 Ugao-Miraballes,Extranjero,519
48066 Morga,Total,416
48066 Morga,España,392
48066 Morga,Extranjero,24
48067 Muxika,Total,1.551
48067 Muxika,España,1.409
48067 Muxika,Extranjero,142
48068 Mundaka,Total,1.817
48068 Mundaka,España,1.677
48068 Mundaka,Extranjero,140
48069 Mungia,Total,18.135
48069 Mungia,España,15.459
48069 Mungia,Extranjero,2.676
48070 Aulesti,Total,639
48070 Aulesti,España,577
48070 Aulesti,Extranjero,62
48071 Muskiz,Total,7.468
48071 Muskiz,España,6.792
48071 Muskiz,Extranjero,676
48072 Otxandio,Total,1.322
48072 Otxandio,España,1.141
48072 Otxandio,Extranjero,181
48073 Ondarroa,Total,8.092
48073 Ondarroa,España,7.148
48073 Ondarroa,Extranjero,944
48074 Urduña/Orduña,Total,4.243
48074 Urduña/Orduña,España,3.658
48074 Urduña/Orduña,Extranjero,585
48075 Orozko,Total,2.665
48075 Orozko,España,2.444
48075 Orozko,Extranjero,221
48076 Sukarrieta,Total,364
48076 Sukarrieta,España,336
48076 Sukarrieta,Extranjero,28
48077 Plentzia,Total,4.413
48077 Plentzia,España,3.857
48077 Plentzia,Extranjero,556
48078 Portugalete,Total,44.864
48078 Portugalete,España,39.679
48078 Portugalete,Extranjero,5.185
48079 Errigoiti,Total,497
48079 Errigoiti,España,454
48079 Errigoiti,Extranjero,43
48080 Valle de Trápaga-Trapagaran,Total,11.795
48080 Valle de Trápaga-Trapagaran,España,10.914
48080 Valle de Trápaga-Trapagaran,Extranjero,881
48081 Lezama,Total,2.430
48081 Lezama,España,2.205
48081 Lezama,Extranjero,225
48082 Santurtzi,Total,46.530
48082 Santurtzi,España,41.489
48082 Santurtzi,Extranjero,5.041
48083 Ortuella,Total,8.741
48083 Ortuella,España,7.860
48083 Ortuella,Extranjero,881
48084 Sestao,Total,28.473
48084 Sestao,España,22.949
48084 Sestao,Extranjero,5.524
48085 Sopela,Total,15.040
48085 Sopela,España,13.708
48085 Sopela,Extranjero,1.332
48086 Sopuerta,Total,2.821
48086 Sopuerta,España,2.552
48086 Sopuerta,Extranjero,269
48087 Trucios-Turtzioz,Total,518
48087 Trucios-Turtzioz,España,484
48087 Trucios-Turtzioz,Extranjero,34
48088 Ubide,Total,173
48088 Ubide,España,147
48088 Ubide,Extranjero,26
48089 Urduliz,Total,6.124
48089 Urduliz,España,5.631
48089 Urduliz,Extranjero,493
48090 Balmaseda,Total,7.737
48090 Balmaseda,España,6.707
48090 Balmaseda,Extranjero,1.030
48091 Atxondo,Total,1.338
48091 Atxondo,España,1.219
48091 Atxondo,Extranjero,119
48092 Bedia,Total,1.108
48092 Bedia,España,991
48092 Bedia,Extranjero,117
48093 Areatza,Total,1.290
48093 Areatza,España,1.069
48093 Areatza,Extranjero,221
48094 Igorre,Total,4.334
48094 Igorre,España,3.634
48094 Igorre,Extranjero,700
48095 Zaldibar,Total,3.067
48095 Zaldibar,España,2.656
48095 Zaldibar,Extranjero,411
48096 Zalla,Total,8.350
48096 Zalla,España,7.393
48096 Zalla,Extranjero,957
48097 Zaratamo,Total,1.604
48097 Zaratamo,España,1.479
48097 Zaratamo,Extranjero,125
48901 Derio,Total,7.286
48901 Derio,España,6.517
48901 Derio,Extranjero,769
48902 Erandio,Total,24.721
48902 Erandio,España,21.111
48902 Erandio,Extranjero,3.610
48903 Loiu,Total,2.343
48903 Loiu,España,2.040
48903 Loiu,Extranjero,303
48904 Sondika,Total,4.677
48904 Sondika,España,4.196
48904 Sondika,Extranjero,481
48905 Zamudio,Total,3.448
48905 Zamudio,España,2.888
48905 Zamudio,Extranjero,560
48906 Forua,Total,928
48906 Forua,España,844
48906 Forua,Extranjero,84
48907 Kortezubi,Total,449
48907 Kortezubi,España,410
48907 Kortezubi,Extranjero,39
48908 Murueta,Total,311
48908 Murueta,España,289
48908 Murueta,Extranjero,22
48909 Nabarniz,Total,263
48909 Nabarniz,España,246
48909 Nabarniz,Extranjero,17
48910 Iurreta,Total,3.895
48910 Iurreta,España,3.296
48910 Iurreta,Extranjero,599
48911 Ajangiz,Total,457
48911 Ajangiz,España,444
48911 Ajangiz,Extranjero,13
48912 Alonsotegi,Total,2.989
48912 Alonsotegi,España,2.667
48912 Alonsotegi,Extranjero,322
48913 Zierbena,Total,1.510
48913 Zierbena,España,1.436
48913 Zierbena,Extranjero,74
48914 Arratzu,Total,419
48914 Arratzu,España,395
48914 Arratzu,Extranjero,24
48915 Ziortza-Bolibar,Total,400
48915 Ziortza-Bolibar,España,377
48915 Ziortza-Bolibar,Extranjero,23
48916 Usansolo,Total,4.563
48916 Usansolo,España,4.179
48916 Usansolo,Extranjero,384
49002 Abezames,Total,59
49002 Abezames,España,57
49002 Abezames,Extranjero,2
49003 Alcañices,Total,1.110
49003 Alcañices,España,894
49003 Alcañices,Extranjero,216
49004 Alcubilla de Nogales,Total,109
49004 Alcubilla de Nogales,España,109
49004 Alcubilla de Nogales,Extranjero,0
49005 Alfaraz de Sayago,Total,120
49005 Alfaraz de Sayago,España,119
49005 Alfaraz de Sayago,Extranjero,1
49006 Algodre,Total,131
49006 Algodre,España,127
49006 Algodre,Extranjero,4
49007 Almaraz de Duero,Total,386
49007 Almaraz de Duero,España,377
49007 Almaraz de Duero,Extranjero,9
49008 Almeida de Sayago,Total,412
49008 Almeida de Sayago,España,392
49008 Almeida de Sayago,Extranjero,20
49009 Andavías,Total,405
49009 Andavías,España,390
49009 Andavías,Extranjero,15
49010 Arcenillas,Total,452
49010 Arcenillas,España,431
49010 Arcenillas,Extranjero,21
49011 Arcos de la Polvorosa,Total,211
49011 Arcos de la Polvorosa,España,206
49011 Arcos de la Polvorosa,Extranjero,5
49012 Argañín,Total,79
49012 Argañín,España,72
49012 Argañín,Extranjero,7
49013 Argujillo,Total,215
49013 Argujillo,España,211
49013 Argujillo,Extranjero,4
49014 Arquillinos,Total,108
49014 Arquillinos,España,99
49014 Arquillinos,Extranjero,9
49015 Arrabalde,Total,186
49015 Arrabalde,España,179
49015 Arrabalde,Extranjero,7
49016 Aspariegos,Total,222
49016 Aspariegos,España,213
49016 Aspariegos,Extranjero,9
49017 Asturianos,Total,252
49017 Asturianos,España,230
49017 Asturianos,Extranjero,22
49018 Ayoó de Vidriales,Total,264
49018 Ayoó de Vidriales,España,255
49018 Ayoó de Vidriales,Extranjero,9
49019 Barcial del Barco,Total,254
49019 Barcial del Barco,España,236
49019 Barcial del Barco,Extranjero,18
49020 Belver de los Montes,Total,252
49020 Belver de los Montes,España,245
49020 Belver de los Montes,Extranjero,7
49021 Benavente,Total,17.276
49021 Benavente,España,15.477
49021 Benavente,Extranjero,1.799
49022 Benegiles,Total,267
49022 Benegiles,España,257
49022 Benegiles,Extranjero,10
49023 Bermillo de Sayago,Total,1.038
49023 Bermillo de Sayago,España,929
49023 Bermillo de Sayago,Extranjero,109
"49024 Bóveda de Toro, La",Total,680
"49024 Bóveda de Toro, La",España,611
"49024 Bóveda de Toro, La",Extranjero,69
49025 Bretó,Total,163
49025 Bretó,España,155
49025 Bretó,Extranjero,8
49026 Bretocino,Total,194
49026 Bretocino,España,185
49026 Bretocino,Extranjero,9
49027 Brime de Sog,Total,114
49027 Brime de Sog,España,108
49027 Brime de Sog,Extranjero,6
49028 Brime de Urz,Total,97
49028 Brime de Urz,España,94
49028 Brime de Urz,Extranjero,3
49029 Burganes de Valverde,Total,593
49029 Burganes de Valverde,España,574
49029 Burganes de Valverde,Extranjero,19
49030 Bustillo del Oro,Total,75
49030 Bustillo del Oro,España,72
49030 Bustillo del Oro,Extranjero,3
49031 Cabañas de Sayago,Total,143
49031 Cabañas de Sayago,España,140
49031 Cabañas de Sayago,Extranjero,3
49032 Calzadilla de Tera,Total,278
49032 Calzadilla de Tera,España,263
49032 Calzadilla de Tera,Extranjero,15
49033 Camarzana de Tera,Total,745
49033 Camarzana de Tera,España,661
49033 Camarzana de Tera,Extranjero,84
49034 Cañizal,Total,409
49034 Cañizal,España,380
49034 Cañizal,Extranjero,29
49035 Cañizo,Total,197
49035 Cañizo,España,195
49035 Cañizo,Extranjero,2
49036 Carbajales de Alba,Total,468
49036 Carbajales de Alba,España,428
49036 Carbajales de Alba,Extranjero,40
49037 Carbellino,Total,178
49037 Carbellino,España,161
49037 Carbellino,Extranjero,17
49038 Casaseca de Campeán,Total,90
49038 Casaseca de Campeán,España,85
49038 Casaseca de Campeán,Extranjero,5
49039 Casaseca de las Chanas,Total,373
49039 Casaseca de las Chanas,España,354
49039 Casaseca de las Chanas,Extranjero,19
49040 Castrillo de la Guareña,Total,136
49040 Castrillo de la Guareña,España,115
49040 Castrillo de la Guareña,Extranjero,21
49041 Castrogonzalo,Total,433
49041 Castrogonzalo,España,417
49041 Castrogonzalo,Extranjero,16
49042 Castronuevo,Total,216
49042 Castronuevo,España,211
49042 Castronuevo,Extranjero,5
49043 Castroverde de Campos,Total,244
49043 Castroverde de Campos,España,226
49043 Castroverde de Campos,Extranjero,18
49044 Cazurra,Total,72
49044 Cazurra,España,70
49044 Cazurra,Extranjero,2
49046 Cerecinos de Campos,Total,232
49046 Cerecinos de Campos,España,216
49046 Cerecinos de Campos,Extranjero,16
49047 Cerecinos del Carrizal,Total,112
49047 Cerecinos del Carrizal,España,96
49047 Cerecinos del Carrizal,Extranjero,16
49048 Cernadilla,Total,105
49048 Cernadilla,España,100
49048 Cernadilla,Extranjero,5
49050 Cobreros,Total,543
49050 Cobreros,España,502
49050 Cobreros,Extranjero,41
49052 Coomonte,Total,180
49052 Coomonte,España,178
49052 Coomonte,Extranjero,2
49053 Coreses,Total,1.058
49053 Coreses,España,975
49053 Coreses,Extranjero,83
49054 Corrales del Vino,Total,934
49054 Corrales del Vino,España,864
49054 Corrales del Vino,Extranjero,70
49055 Cotanes del Monte,Total,80
49055 Cotanes del Monte,España,77
49055 Cotanes del Monte,Extranjero,3
49056 Cubillos,Total,293
49056 Cubillos,España,283
49056 Cubillos,Extranjero,10
49057 Cubo de Benavente,Total,117
49057 Cubo de Benavente,España,111
49057 Cubo de Benavente,Extranjero,6
"49058 Cubo de Tierra del Vino, El",Total,295
"49058 Cubo de Tierra del Vino, El",España,282
"49058 Cubo de Tierra del Vino, El",Extranjero,13
49059 Cuelgamures,Total,78
49059 Cuelgamures,España,76
49059 Cuelgamures,Extranjero,2
49061 Entrala,Total,133
49061 Entrala,España,122
49061 Entrala,Extranjero,11
49062 Espadañedo,Total,109
49062 Espadañedo,España,107
49062 Espadañedo,Extranjero,2
49063 Faramontanos de Tábara,Total,317
49063 Faramontanos de Tábara,España,298
49063 Faramontanos de Tábara,Extranjero,19
49064 Fariza,Total,487
49064 Fariza,España,456
49064 Fariza,Extranjero,31
49065 Fermoselle,Total,1.130
49065 Fermoselle,España,934
49065 Fermoselle,Extranjero,196
49066 Ferreras de Abajo,Total,461
49066 Ferreras de Abajo,España,432
49066 Ferreras de Abajo,Extranjero,29
49067 Ferreras de Arriba,Total,353
49067 Ferreras de Arriba,España,345
49067 Ferreras de Arriba,Extranjero,8
49068 Ferreruela,Total,409
49068 Ferreruela,España,405
49068 Ferreruela,Extranjero,4
49069 Figueruela de Arriba,Total,310
49069 Figueruela de Arriba,España,305
49069 Figueruela de Arriba,Extranjero,5
49071 Fonfría,Total,794
49071 Fonfría,España,717
49071 Fonfría,Extranjero,77
49075 Fresno de la Polvorosa,Total,117
49075 Fresno de la Polvorosa,España,109
49075 Fresno de la Polvorosa,Extranjero,8
49076 Fresno de la Ribera,Total,327
49076 Fresno de la Ribera,España,310
49076 Fresno de la Ribera,Extranjero,17
49077 Fresno de Sayago,Total,138
49077 Fresno de Sayago,España,135
49077 Fresno de Sayago,Extranjero,3
49078 Friera de Valverde,Total,121
49078 Friera de Valverde,España,120
49078 Friera de Valverde,Extranjero,1
49079 Fuente Encalada,Total,93
49079 Fuente Encalada,España,79
49079 Fuente Encalada,Extranjero,14
49080 Fuentelapeña,Total,587
49080 Fuentelapeña,España,558
49080 Fuentelapeña,Extranjero,29
49081 Fuentesaúco,Total,1.595
49081 Fuentesaúco,España,1.401
49081 Fuentesaúco,Extranjero,194
49082 Fuentes de Ropel,Total,370
49082 Fuentes de Ropel,España,332
49082 Fuentes de Ropel,Extranjero,38
49083 Fuentesecas,Total,43
49083 Fuentesecas,España,42
49083 Fuentesecas,Extranjero,1
49084 Fuentespreadas,Total,267
49084 Fuentespreadas,España,262
49084 Fuentespreadas,Extranjero,5
49085 Galende,Total,1.021
49085 Galende,España,899
49085 Galende,Extranjero,122
49086 Gallegos del Pan,Total,118
49086 Gallegos del Pan,España,109
49086 Gallegos del Pan,Extranjero,9
49087 Gallegos del Río,Total,455
49087 Gallegos del Río,España,446
49087 Gallegos del Río,Extranjero,9
49088 Gamones,Total,90
49088 Gamones,España,88
49088 Gamones,Extranjero,2
49090 Gema,Total,202
49090 Gema,España,182
49090 Gema,Extranjero,20
49091 Granja de Moreruela,Total,230
49091 Granja de Moreruela,España,209
49091 Granja de Moreruela,Extranjero,21
49092 Granucillo,Total,105
49092 Granucillo,España,95
49092 Granucillo,Extranjero,10
49093 Guarrate,Total,315
49093 Guarrate,España,283
49093 Guarrate,Extranjero,32
49094 Hermisende,Total,210
49094 Hermisende,España,197
49094 Hermisende,Extranjero,13
"49095 Hiniesta, La",Total,294
"49095 Hiniesta, La",España,275
"49095 Hiniesta, La",Extranjero,19
49096 Jambrina,Total,149
49096 Jambrina,España,146
49096 Jambrina,Extranjero,3
49097 Justel,Total,75
49097 Justel,España,74
49097 Justel,Extranjero,1
49098 Losacino,Total,188
49098 Losacino,España,183
49098 Losacino,Extranjero,5
49099 Losacio,Total,90
49099 Losacio,España,86
49099 Losacio,Extranjero,4
49100 Lubián,Total,297
49100 Lubián,España,272
49100 Lubián,Extranjero,25
49101 Luelmo,Total,148
49101 Luelmo,España,139
49101 Luelmo,Extranjero,9
"49102 Maderal, El",Total,171
"49102 Maderal, El",España,167
"49102 Maderal, El",Extranjero,4
49103 Madridanos,Total,464
49103 Madridanos,España,436
49103 Madridanos,Extranjero,28
49104 Mahide,Total,299
49104 Mahide,España,288
49104 Mahide,Extranjero,11
49105 Maire de Castroponce,Total,137
49105 Maire de Castroponce,España,135
49105 Maire de Castroponce,Extranjero,2
49107 Malva,Total,92
49107 Malva,España,89
49107 Malva,Extranjero,3
49108 Manganeses de la Lampreana,Total,440
49108 Manganeses de la Lampreana,España,420
49108 Manganeses de la Lampreana,Extranjero,20
49109 Manganeses de la Polvorosa,Total,640
49109 Manganeses de la Polvorosa,España,613
49109 Manganeses de la Polvorosa,Extranjero,27
49110 Manzanal de Arriba,Total,332
49110 Manzanal de Arriba,España,324
49110 Manzanal de Arriba,Extranjero,8
49111 Manzanal del Barco,Total,120
49111 Manzanal del Barco,España,117
49111 Manzanal del Barco,Extranjero,3
49112 Manzanal de los Infantes,Total,133
49112 Manzanal de los Infantes,España,118
49112 Manzanal de los Infantes,Extranjero,15
49113 Matilla de Arzón,Total,149
49113 Matilla de Arzón,España,146
49113 Matilla de Arzón,Extranjero,3
49114 Matilla la Seca,Total,33
49114 Matilla la Seca,España,33
49114 Matilla la Seca,Extranjero,0
49115 Mayalde,Total,140
49115 Mayalde,España,137
49115 Mayalde,Extranjero,3
49116 Melgar de Tera,Total,334
49116 Melgar de Tera,España,321
49116 Melgar de Tera,Extranjero,13
49117 Micereces de Tera,Total,404
49117 Micereces de Tera,España,393
49117 Micereces de Tera,Extranjero,11
49118 Milles de la Polvorosa,Total,206
49118 Milles de la Polvorosa,España,193
49118 Milles de la Polvorosa,Extranjero,13
49119 Molacillos,Total,221
49119 Molacillos,España,206
49119 Molacillos,Extranjero,15
49120 Molezuelas de la Carballeda,Total,47
49120 Molezuelas de la Carballeda,España,43
49120 Molezuelas de la Carballeda,Extranjero,4
49121 Mombuey,Total,391
49121 Mombuey,España,360
49121 Mombuey,Extranjero,31
49122 Monfarracinos,Total,1.001
49122 Monfarracinos,España,949
49122 Monfarracinos,Extranjero,52
49123 Montamarta,Total,549
49123 Montamarta,España,523
49123 Montamarta,Extranjero,26
49124 Moral de Sayago,Total,266
49124 Moral de Sayago,España,256
49124 Moral de Sayago,Extranjero,10
49125 Moraleja del Vino,Total,1.803
49125 Moraleja del Vino,España,1.719
49125 Moraleja del Vino,Extranjero,84
49126 Moraleja de Sayago,Total,301
49126 Moraleja de Sayago,España,293
49126 Moraleja de Sayago,Extranjero,8
49127 Morales del Vino,Total,3.042
49127 Morales del Vino,España,2.880
49127 Morales del Vino,Extranjero,162
49128 Morales de Rey,Total,530
49128 Morales de Rey,España,487
49128 Morales de Rey,Extranjero,43
49129 Morales de Toro,Total,926
49129 Morales de Toro,España,839
49129 Morales de Toro,Extranjero,87
49130 Morales de Valverde,Total,156
49130 Morales de Valverde,España,148
49130 Morales de Valverde,Extranjero,8
49131 Moralina,Total,211
49131 Moralina,España,201
49131 Moralina,Extranjero,10
49132 Moreruela de los Infanzones,Total,317
49132 Moreruela de los Infanzones,España,306
49132 Moreruela de los Infanzones,Extranjero,11
49133 Moreruela de Tábara,Total,290
49133 Moreruela de Tábara,España,276
49133 Moreruela de Tábara,Extranjero,14
49134 Muelas de los Caballeros,Total,184
49134 Muelas de los Caballeros,España,175
49134 Muelas de los Caballeros,Extranjero,9
49135 Muelas del Pan,Total,591
49135 Muelas del Pan,España,566
49135 Muelas del Pan,Extranjero,25
49136 Muga de Sayago,Total,318
49136 Muga de Sayago,España,280
49136 Muga de Sayago,Extranjero,38
49137 Navianos de Valverde,Total,157
49137 Navianos de Valverde,España,149
49137 Navianos de Valverde,Extranjero,8
49138 Olmillos de Castro,Total,182
49138 Olmillos de Castro,España,178
49138 Olmillos de Castro,Extranjero,4
49139 Otero de Bodas,Total,166
49139 Otero de Bodas,España,153
49139 Otero de Bodas,Extranjero,13
49141 Pajares de la Lampreana,Total,282
49141 Pajares de la Lampreana,España,277
49141 Pajares de la Lampreana,Extranjero,5
49142 Palacios del Pan,Total,249
49142 Palacios del Pan,España,244
49142 Palacios del Pan,Extranjero,5
49143 Palacios de Sanabria,Total,236
49143 Palacios de Sanabria,España,212
49143 Palacios de Sanabria,Extranjero,24
49145 Pedralba de la Pradería,Total,198
49145 Pedralba de la Pradería,España,174
49145 Pedralba de la Pradería,Extranjero,24
"49146 Pego, El",Total,268
"49146 Pego, El",España,254
"49146 Pego, El",Extranjero,14
49147 Peleagonzalo,Total,285
49147 Peleagonzalo,España,257
49147 Peleagonzalo,Extranjero,28
49148 Peleas de Abajo,Total,247
49148 Peleas de Abajo,España,231
49148 Peleas de Abajo,Extranjero,16
49149 Peñausende,Total,386
49149 Peñausende,España,352
49149 Peñausende,Extranjero,34
49150 Peque,Total,111
49150 Peque,España,106
49150 Peque,Extranjero,5
"49151 Perdigón, El",Total,672
"49151 Perdigón, El",España,647
"49151 Perdigón, El",Extranjero,25
49152 Pereruela,Total,500
49152 Pereruela,España,466
49152 Pereruela,Extranjero,34
49153 Perilla de Castro,Total,150
49153 Perilla de Castro,España,139
49153 Perilla de Castro,Extranjero,11
49154 Pías,Total,91
49154 Pías,España,87
49154 Pías,Extranjero,4
49155 Piedrahita de Castro,Total,104
49155 Piedrahita de Castro,España,101
49155 Piedrahita de Castro,Extranjero,3
49156 Pinilla de Toro,Total,186
49156 Pinilla de Toro,España,183
49156 Pinilla de Toro,Extranjero,3
49157 Pino del Oro,Total,173
49157 Pino del Oro,España,173
49157 Pino del Oro,Extranjero,0
"49158 Piñero, El",Total,212
"49158 Piñero, El",España,202
"49158 Piñero, El",Extranjero,10
49159 Pobladura del Valle,Total,268
49159 Pobladura del Valle,España,248
49159 Pobladura del Valle,Extranjero,20
49160 Pobladura de Valderaduey,Total,34
49160 Pobladura de Valderaduey,España,34
49160 Pobladura de Valderaduey,Extranjero,0
49162 Porto,Total,146
49162 Porto,España,139
49162 Porto,Extranjero,7
49163 Pozoantiguo,Total,189
49163 Pozoantiguo,España,184
49163 Pozoantiguo,Extranjero,5
49164 Pozuelo de Tábara,Total,150
49164 Pozuelo de Tábara,España,130
49164 Pozuelo de Tábara,Extranjero,20
49165 Prado,Total,53
49165 Prado,España,51
49165 Prado,Extranjero,2
49166 Puebla de Sanabria,Total,1.388
49166 Puebla de Sanabria,España,1.266
49166 Puebla de Sanabria,Extranjero,122
49167 Pueblica de Valverde,Total,173
49167 Pueblica de Valverde,España,169
49167 Pueblica de Valverde,Extranjero,4
49168 Quintanilla del Monte,Total,93
49168 Quintanilla del Monte,España,83
49168 Quintanilla del Monte,Extranjero,10
49169 Quintanilla del Olmo,Total,38
49169 Quintanilla del Olmo,España,34
49169 Quintanilla del Olmo,Extranjero,4
49170 Quintanilla de Urz,Total,98
49170 Quintanilla de Urz,España,93
49170 Quintanilla de Urz,Extranjero,5
49171 Quiruelas de Vidriales,Total,618
49171 Quiruelas de Vidriales,España,592
49171 Quiruelas de Vidriales,Extranjero,26
49172 Rabanales,Total,498
49172 Rabanales,España,462
49172 Rabanales,Extranjero,36
49173 Rábano de Aliste,Total,312
49173 Rábano de Aliste,España,293
49173 Rábano de Aliste,Extranjero,19
49174 Requejo,Total,106
49174 Requejo,España,88
49174 Requejo,Extranjero,18
49175 Revellinos,Total,225
49175 Revellinos,España,201
49175 Revellinos,Extranjero,24
49176 Riofrío de Aliste,Total,589
49176 Riofrío de Aliste,España,573
49176 Riofrío de Aliste,Extranjero,16
49177 Rionegro del Puente,Total,224
49177 Rionegro del Puente,España,215
49177 Rionegro del Puente,Extranjero,9
49178 Roales,Total,1.026
49178 Roales,España,958
49178 Roales,Extranjero,68
49179 Robleda-Cervantes,Total,378
49179 Robleda-Cervantes,España,333
49179 Robleda-Cervantes,Extranjero,45
49180 Roelos de Sayago,Total,136
49180 Roelos de Sayago,España,130
49180 Roelos de Sayago,Extranjero,6
49181 Rosinos de la Requejada,Total,292
49181 Rosinos de la Requejada,España,286
49181 Rosinos de la Requejada,Extranjero,6
49183 Salce,Total,83
49183 Salce,España,80
49183 Salce,Extranjero,3
49184 Samir de los Caños,Total,158
49184 Samir de los Caños,España,149
49184 Samir de los Caños,Extranjero,9
49185 San Agustín del Pozo,Total,164
49185 San Agustín del Pozo,España,148
49185 San Agustín del Pozo,Extranjero,16
49186 San Cebrián de Castro,Total,251
49186 San Cebrián de Castro,España,234
49186 San Cebrián de Castro,Extranjero,17
49187 San Cristóbal de Entreviñas,Total,1.329
49187 San Cristóbal de Entreviñas,España,1.300
49187 San Cristóbal de Entreviñas,Extranjero,29
49188 San Esteban del Molar,Total,118
49188 San Esteban del Molar,España,97
49188 San Esteban del Molar,Extranjero,21
49189 San Justo,Total,207
49189 San Justo,España,190
49189 San Justo,Extranjero,17
49190 San Martín de Valderaduey,Total,47
49190 San Martín de Valderaduey,España,44
49190 San Martín de Valderaduey,Extranjero,3
49191 San Miguel de la Ribera,Total,253
49191 San Miguel de la Ribera,España,244
49191 San Miguel de la Ribera,Extranjero,9
49192 San Miguel del Valle,Total,124
49192 San Miguel del Valle,España,119
49192 San Miguel del Valle,Extranjero,5
49193 San Pedro de Ceque,Total,419
49193 San Pedro de Ceque,España,381
49193 San Pedro de Ceque,Extranjero,38
49194 San Pedro de la Nave-Almendra,Total,317
49194 San Pedro de la Nave-Almendra,España,301
49194 San Pedro de la Nave-Almendra,Extranjero,16
49197 Santa Clara de Avedillo,Total,153
49197 Santa Clara de Avedillo,España,149
49197 Santa Clara de Avedillo,Extranjero,4
49199 Santa Colomba de las Monjas,Total,237
49199 Santa Colomba de las Monjas,España,231
49199 Santa Colomba de las Monjas,Extranjero,6
49200 Santa Cristina de la Polvorosa,Total,1.035
49200 Santa Cristina de la Polvorosa,España,990
49200 Santa Cristina de la Polvorosa,Extranjero,45
49201 Santa Croya de Tera,Total,254
49201 Santa Croya de Tera,España,250
49201 Santa Croya de Tera,Extranjero,4
49202 Santa Eufemia del Barco,Total,169
49202 Santa Eufemia del Barco,España,163
49202 Santa Eufemia del Barco,Extranjero,6
49203 Santa María de la Vega,Total,263
49203 Santa María de la Vega,España,253
49203 Santa María de la Vega,Extranjero,10
49204 Santa María de Valverde,Total,49
49204 Santa María de Valverde,España,47
49204 Santa María de Valverde,Extranjero,2
49205 Santibáñez de Tera,Total,350
49205 Santibáñez de Tera,España,339
49205 Santibáñez de Tera,Extranjero,11
49206 Santibáñez de Vidriales,Total,852
49206 Santibáñez de Vidriales,España,751
49206 Santibáñez de Vidriales,Extranjero,101
49207 Santovenia,Total,218
49207 Santovenia,España,214
49207 Santovenia,Extranjero,4
49208 San Vicente de la Cabeza,Total,308
49208 San Vicente de la Cabeza,España,298
49208 San Vicente de la Cabeza,Extranjero,10
49209 San Vitero,Total,422
49209 San Vitero,España,401
49209 San Vitero,Extranjero,21
49210 Sanzoles,Total,456
49210 Sanzoles,España,434
49210 Sanzoles,Extranjero,22
49214 Tábara,Total,748
49214 Tábara,España,686
49214 Tábara,Extranjero,62
49216 Tapioles,Total,128
49216 Tapioles,España,125
49216 Tapioles,Extranjero,3
49219 Toro,Total,8.349
49219 Toro,España,7.441
49219 Toro,Extranjero,908
"49220 Torre del Valle, La",Total,122
"49220 Torre del Valle, La",España,118
"49220 Torre del Valle, La",Extranjero,4
49221 Torregamones,Total,227
49221 Torregamones,España,212
49221 Torregamones,Extranjero,15
49222 Torres del Carrizal,Total,415
49222 Torres del Carrizal,España,399
49222 Torres del Carrizal,Extranjero,16
49223 Trabazos,Total,841
49223 Trabazos,España,710
49223 Trabazos,Extranjero,131
49224 Trefacio,Total,164
49224 Trefacio,España,150
49224 Trefacio,Extranjero,14
49225 Uña de Quintana,Total,118
49225 Uña de Quintana,España,114
49225 Uña de Quintana,Extranjero,4
49226 Vadillo de la Guareña,Total,240
49226 Vadillo de la Guareña,España,234
49226 Vadillo de la Guareña,Extranjero,6
49227 Valcabado,Total,415
49227 Valcabado,España,396
49227 Valcabado,Extranjero,19
49228 Valdefinjas,Total,60
49228 Valdefinjas,España,56
49228 Valdefinjas,Extranjero,4
49229 Valdescorriel,Total,131
49229 Valdescorriel,España,122
49229 Valdescorriel,Extranjero,9
49230 Vallesa de la Guareña,Total,67
49230 Vallesa de la Guareña,España,67
49230 Vallesa de la Guareña,Extranjero,0
49231 Vega de Tera,Total,264
49231 Vega de Tera,España,257
49231 Vega de Tera,Extranjero,7
49232 Vega de Villalobos,Total,88
49232 Vega de Villalobos,España,83
49232 Vega de Villalobos,Extranjero,5
49233 Vegalatrave,Total,79
49233 Vegalatrave,España,77
49233 Vegalatrave,Extranjero,2
49234 Venialbo,Total,449
49234 Venialbo,España,372
49234 Venialbo,Extranjero,77
49235 Vezdemarbán,Total,423
49235 Vezdemarbán,España,394
49235 Vezdemarbán,Extranjero,29
49236 Vidayanes,Total,74
49236 Vidayanes,España,66
49236 Vidayanes,Extranjero,8
49237 Videmala,Total,132
49237 Videmala,España,130
49237 Videmala,Extranjero,2
49238 Villabrázaro,Total,257
49238 Villabrázaro,España,248
49238 Villabrázaro,Extranjero,9
49239 Villabuena del Puente,Total,574
49239 Villabuena del Puente,España,556
49239 Villabuena del Puente,Extranjero,18
49240 Villadepera,Total,165
49240 Villadepera,España,160
49240 Villadepera,Extranjero,5
49241 Villaescusa,Total,239
49241 Villaescusa,España,211
49241 Villaescusa,Extranjero,28
49242 Villafáfila,Total,427
49242 Villafáfila,España,419
49242 Villafáfila,Extranjero,8
49243 Villaferrueña,Total,105
49243 Villaferrueña,España,94
49243 Villaferrueña,Extranjero,11
49244 Villageriz,Total,63
49244 Villageriz,España,60
49244 Villageriz,Extranjero,3
49245 Villalazán,Total,241
49245 Villalazán,España,235
49245 Villalazán,Extranjero,6
49246 Villalba de la Lampreana,Total,213
49246 Villalba de la Lampreana,España,210
49246 Villalba de la Lampreana,Extranjero,3
49247 Villalcampo,Total,380
49247 Villalcampo,España,373
49247 Villalcampo,Extranjero,7
49248 Villalobos,Total,202
49248 Villalobos,España,155
49248 Villalobos,Extranjero,47
49249 Villalonso,Total,81
49249 Villalonso,España,71
49249 Villalonso,Extranjero,10
49250 Villalpando,Total,1.427
49250 Villalpando,España,1.253
49250 Villalpando,Extranjero,174
49251 Villalube,Total,143
49251 Villalube,España,140
49251 Villalube,Extranjero,3
49252 Villamayor de Campos,Total,331
49252 Villamayor de Campos,España,301
49252 Villamayor de Campos,Extranjero,30
49255 Villamor de los Escuderos,Total,365
49255 Villamor de los Escuderos,España,352
49255 Villamor de los Escuderos,Extranjero,13
49256 Villanázar,Total,256
49256 Villanázar,España,242
49256 Villanázar,Extranjero,14
49257 Villanueva de Azoague,Total,399
49257 Villanueva de Azoague,España,385
49257 Villanueva de Azoague,Extranjero,14
49258 Villanueva de Campeán,Total,115
49258 Villanueva de Campeán,España,111
49258 Villanueva de Campeán,Extranjero,4
49259 Villanueva de las Peras,Total,84
49259 Villanueva de las Peras,España,78
49259 Villanueva de las Peras,Extranjero,6
49260 Villanueva del Campo,Total,743
49260 Villanueva del Campo,España,677
49260 Villanueva del Campo,Extranjero,66
49261 Villaralbo,Total,1.787
49261 Villaralbo,España,1.715
49261 Villaralbo,Extranjero,72
49262 Villardeciervos,Total,391
49262 Villardeciervos,España,373
49262 Villardeciervos,Extranjero,18
49263 Villar de Fallaves,Total,50
49263 Villar de Fallaves,España,47
49263 Villar de Fallaves,Extranjero,3
49264 Villar del Buey,Total,485
49264 Villar del Buey,España,462
49264 Villar del Buey,Extranjero,23
49265 Villardiegua de la Ribera,Total,110
49265 Villardiegua de la Ribera,España,103
49265 Villardiegua de la Ribera,Extranjero,7
49266 Villárdiga,Total,62
49266 Villárdiga,España,53
49266 Villárdiga,Extranjero,9
49267 Villardondiego,Total,111
49267 Villardondiego,España,98
49267 Villardondiego,Extranjero,13
49268 Villarrín de Campos,Total,386
49268 Villarrín de Campos,España,364
49268 Villarrín de Campos,Extranjero,22
49269 Villaseco del Pan,Total,202
49269 Villaseco del Pan,España,191
49269 Villaseco del Pan,Extranjero,11
49270 Villavendimio,Total,152
49270 Villavendimio,España,136
49270 Villavendimio,Extranjero,16
49271 Villaveza del Agua,Total,163
49271 Villaveza del Agua,España,163
49271 Villaveza del Agua,Extranjero,0
49272 Villaveza de Valverde,Total,72
49272 Villaveza de Valverde,España,67
49272 Villaveza de Valverde,Extranjero,5
49273 Viñas,Total,148
49273 Viñas,España,145
49273 Viñas,Extranjero,3
49275 Zamora,Total,59.857
49275 Zamora,España,54.245
49275 Zamora,Extranjero,5.612
50001 Abanto,Total,78
50001 Abanto,España,75
50001 Abanto,Extranjero,3
50002 Acered,Total,134
50002 Acered,España,112
50002 Acered,Extranjero,22
50003 Agón,Total,135
50003 Agón,España,123
50003 Agón,Extranjero,12
50004 Aguarón,Total,604
50004 Aguarón,España,460
50004 Aguarón,Extranjero,144
50005 Aguilón,Total,267
50005 Aguilón,España,253
50005 Aguilón,Extranjero,14
50006 Ainzón,Total,1.037
50006 Ainzón,España,967
50006 Ainzón,Extranjero,70
50007 Aladrén,Total,62
50007 Aladrén,España,55
50007 Aladrén,Extranjero,7
50008 Alagón,Total,7.520
50008 Alagón,España,6.081
50008 Alagón,Extranjero,1.439
50009 Alarba,Total,91
50009 Alarba,España,83
50009 Alarba,Extranjero,8
50010 Alberite de San Juan,Total,78
50010 Alberite de San Juan,España,75
50010 Alberite de San Juan,Extranjero,3
50011 Albeta,Total,139
50011 Albeta,España,127
50011 Albeta,Extranjero,12
50012 Alborge,Total,104
50012 Alborge,España,97
50012 Alborge,Extranjero,7
50013 Alcalá de Ebro,Total,245
50013 Alcalá de Ebro,España,219
50013 Alcalá de Ebro,Extranjero,26
50014 Alcalá de Moncayo,Total,147
50014 Alcalá de Moncayo,España,134
50014 Alcalá de Moncayo,Extranjero,13
50015 Alconchel de Ariza,Total,79
50015 Alconchel de Ariza,España,74
50015 Alconchel de Ariza,Extranjero,5
50016 Aldehuela de Liestos,Total,48
50016 Aldehuela de Liestos,España,46
50016 Aldehuela de Liestos,Extranjero,2
50017 Alfajarín,Total,2.420
50017 Alfajarín,España,2.161
50017 Alfajarín,Extranjero,259
50018 Alfamén,Total,1.463
50018 Alfamén,España,1.023
50018 Alfamén,Extranjero,440
50019 Alforque,Total,57
50019 Alforque,España,55
50019 Alforque,Extranjero,2
50020 Alhama de Aragón,Total,918
50020 Alhama de Aragón,España,770
50020 Alhama de Aragón,Extranjero,148
50021 Almochuel,Total,22
50021 Almochuel,España,22
50021 Almochuel,Extranjero,0
"50022 Almolda, La",Total,522
"50022 Almolda, La",España,495
"50022 Almolda, La",Extranjero,27
50023 Almonacid de la Cuba,Total,220
50023 Almonacid de la Cuba,España,202
50023 Almonacid de la Cuba,Extranjero,18
50024 Almonacid de la Sierra,Total,764
50024 Almonacid de la Sierra,España,546
50024 Almonacid de la Sierra,Extranjero,218
"50025 Almunia de Doña Godina, La",Total,8.044
"50025 Almunia de Doña Godina, La",España,5.309
"50025 Almunia de Doña Godina, La",Extranjero,2.735
50026 Alpartir,Total,605
50026 Alpartir,España,439
50026 Alpartir,Extranjero,166
50027 Ambel,Total,253
50027 Ambel,España,240
50027 Ambel,Extranjero,13
50028 Anento,Total,121
50028 Anento,España,86
50028 Anento,Extranjero,35
50029 Aniñón,Total,676
50029 Aniñón,España,600
50029 Aniñón,Extranjero,76
50030 Añón de Moncayo,Total,208
50030 Añón de Moncayo,España,181
50030 Añón de Moncayo,Extranjero,27
50031 Aranda de Moncayo,Total,110
50031 Aranda de Moncayo,España,103
50031 Aranda de Moncayo,Extranjero,7
50032 Arándiga,Total,278
50032 Arándiga,España,206
50032 Arándiga,Extranjero,72
50033 Ardisa,Total,74
50033 Ardisa,España,69
50033 Ardisa,Extranjero,5
50034 Ariza,Total,1.089
50034 Ariza,España,851
50034 Ariza,Extranjero,238
50035 Artieda,Total,90
50035 Artieda,España,77
50035 Artieda,Extranjero,13
50036 Asín,Total,86
50036 Asín,España,80
50036 Asín,Extranjero,6
50037 Atea,Total,143
50037 Atea,España,127
50037 Atea,Extranjero,16
50038 Ateca,Total,1.784
50038 Ateca,España,1.435
50038 Ateca,Extranjero,349
50039 Azuara,Total,550
50039 Azuara,España,497
50039 Azuara,Extranjero,53
50040 Badules,Total,82
50040 Badules,España,78
50040 Badules,Extranjero,4
50041 Bagüés,Total,16
50041 Bagüés,España,14
50041 Bagüés,Extranjero,2
50042 Balconchán,Total,19
50042 Balconchán,España,19
50042 Balconchán,Extranjero,0
50043 Bárboles,Total,277
50043 Bárboles,España,253
50043 Bárboles,Extranjero,24
50044 Bardallur,Total,240
50044 Bardallur,España,208
50044 Bardallur,Extranjero,32
50045 Belchite,Total,1.497
50045 Belchite,España,1.327
50045 Belchite,Extranjero,170
50046 Belmonte de Gracián,Total,184
50046 Belmonte de Gracián,España,147
50046 Belmonte de Gracián,Extranjero,37
50047 Berdejo,Total,40
50047 Berdejo,España,38
50047 Berdejo,Extranjero,2
50048 Berrueco,Total,32
50048 Berrueco,España,30
50048 Berrueco,Extranjero,2
50050 Bijuesca,Total,95
50050 Bijuesca,España,88
50050 Bijuesca,Extranjero,7
50051 Biota,Total,830
50051 Biota,España,791
50051 Biota,Extranjero,39
50052 Bisimbre,Total,98
50052 Bisimbre,España,82
50052 Bisimbre,Extranjero,16
50053 Boquiñeni,Total,748
50053 Boquiñeni,España,657
50053 Boquiñeni,Extranjero,91
50054 Bordalba,Total,47
50054 Bordalba,España,47
50054 Bordalba,Extranjero,0
50055 Borja,Total,5.192
50055 Borja,España,4.319
50055 Borja,Extranjero,873
50056 Botorrita,Total,589
50056 Botorrita,España,531
50056 Botorrita,Extranjero,58
50057 Brea de Aragón,Total,1.519
50057 Brea de Aragón,España,1.414
50057 Brea de Aragón,Extranjero,105
50058 Bubierca,Total,66
50058 Bubierca,España,62
50058 Bubierca,Extranjero,4
50059 Bujaraloz,Total,944
50059 Bujaraloz,España,837
50059 Bujaraloz,Extranjero,107
50060 Bulbuente,Total,249
50060 Bulbuente,España,190
50060 Bulbuente,Extranjero,59
50061 Bureta,Total,208
50061 Bureta,España,188
50061 Bureta,Extranjero,20
"50062 Burgo de Ebro, El",Total,2.790
"50062 Burgo de Ebro, El",España,2.386
"50062 Burgo de Ebro, El",Extranjero,404
"50063 Buste, El",Total,60
"50063 Buste, El",España,59
"50063 Buste, El",Extranjero,1
50064 Cabañas de Ebro,Total,476
50064 Cabañas de Ebro,España,436
50064 Cabañas de Ebro,Extranjero,40
50065 Cabolafuente,Total,50
50065 Cabolafuente,España,49
50065 Cabolafuente,Extranjero,1
50066 Cadrete,Total,4.664
50066 Cadrete,España,3.973
50066 Cadrete,Extranjero,691
50067 Calatayud,Total,20.152
50067 Calatayud,España,15.509
50067 Calatayud,Extranjero,4.643
50068 Calatorao,Total,2.960
50068 Calatorao,España,2.190
50068 Calatorao,Extranjero,770
50069 Calcena,Total,65
50069 Calcena,España,59
50069 Calcena,Extranjero,6
50070 Calmarza,Total,57
50070 Calmarza,España,54
50070 Calmarza,Extranjero,3
50071 Campillo de Aragón,Total,114
50071 Campillo de Aragón,España,109
50071 Campillo de Aragón,Extranjero,5
50072 Carenas,Total,170
50072 Carenas,España,152
50072 Carenas,Extranjero,18
50073 Cariñena,Total,3.601
50073 Cariñena,España,2.454
50073 Cariñena,Extranjero,1.147
50074 Caspe,Total,10.405
50074 Caspe,España,7.235
50074 Caspe,Extranjero,3.170
50075 Castejón de Alarba,Total,74
50075 Castejón de Alarba,España,58
50075 Castejón de Alarba,Extranjero,16
50076 Castejón de las Armas,Total,88
50076 Castejón de las Armas,España,63
50076 Castejón de las Armas,Extranjero,25
50077 Castejón de Valdejasa,Total,188
50077 Castejón de Valdejasa,España,184
50077 Castejón de Valdejasa,Extranjero,4
50078 Castiliscar,Total,220
50078 Castiliscar,España,203
50078 Castiliscar,Extranjero,17
50079 Cervera de la Cañada,Total,263
50079 Cervera de la Cañada,España,234
50079 Cervera de la Cañada,Extranjero,29
50080 Cerveruela,Total,38
50080 Cerveruela,España,37
50080 Cerveruela,Extranjero,1
50081 Cetina,Total,536
50081 Cetina,España,474
50081 Cetina,Extranjero,62
50082 Cimballa,Total,71
50082 Cimballa,España,62
50082 Cimballa,Extranjero,9
50083 Cinco Olivas,Total,97
50083 Cinco Olivas,España,86
50083 Cinco Olivas,Extranjero,11
50084 Clarés de Ribota,Total,73
50084 Clarés de Ribota,España,67
50084 Clarés de Ribota,Extranjero,6
50085 Codo,Total,204
50085 Codo,España,199
50085 Codo,Extranjero,5
50086 Codos,Total,241
50086 Codos,España,174
50086 Codos,Extranjero,67
50087 Contamina,Total,34
50087 Contamina,España,22
50087 Contamina,Extranjero,12
50088 Cosuenda,Total,343
50088 Cosuenda,España,285
50088 Cosuenda,Extranjero,58
50089 Cuarte de Huerva,Total,15.380
50089 Cuarte de Huerva,España,13.120
50089 Cuarte de Huerva,Extranjero,2.260
50090 Cubel,Total,145
50090 Cubel,España,141
50090 Cubel,Extranjero,4
"50091 Cuerlas, Las",Total,44
"50091 Cuerlas, Las",España,44
"50091 Cuerlas, Las",Extranjero,0
50092 Chiprana,Total,505
50092 Chiprana,España,327
50092 Chiprana,Extranjero,178
50093 Chodes,Total,98
50093 Chodes,España,90
50093 Chodes,Extranjero,8
50094 Daroca,Total,1.900
50094 Daroca,España,1.486
50094 Daroca,Extranjero,414
50095 Ejea de los Caballeros,Total,17.219
50095 Ejea de los Caballeros,España,13.684
50095 Ejea de los Caballeros,Extranjero,3.535
50096 Embid de Ariza,Total,28
50096 Embid de Ariza,España,27
50096 Embid de Ariza,Extranjero,1
50098 Encinacorba,Total,175
50098 Encinacorba,España,150
50098 Encinacorba,Extranjero,25
50099 Épila,Total,4.696
50099 Épila,España,3.625
50099 Épila,Extranjero,1.071
50100 Erla,Total,372
50100 Erla,España,320
50100 Erla,Extranjero,52
50101 Escatrón,Total,1.191
50101 Escatrón,España,1.008
50101 Escatrón,Extranjero,183
50102 Fabara,Total,1.062
50102 Fabara,España,840
50102 Fabara,Extranjero,222
50104 Farlete,Total,374
50104 Farlete,España,345
50104 Farlete,Extranjero,29
50105 Fayón,Total,450
50105 Fayón,España,313
50105 Fayón,Extranjero,137
"50106 Fayos, Los",Total,134
"50106 Fayos, Los",España,122
"50106 Fayos, Los",Extranjero,12
50107 Figueruelas,Total,1.310
50107 Figueruelas,España,1.139
50107 Figueruelas,Extranjero,171
50108 Fombuena,Total,59
50108 Fombuena,España,54
50108 Fombuena,Extranjero,5
"50109 Frago, El",Total,129
"50109 Frago, El",España,110
"50109 Frago, El",Extranjero,19
"50110 Frasno, El",Total,370
"50110 Frasno, El",España,332
"50110 Frasno, El",Extranjero,38
50111 Fréscano,Total,197
50111 Fréscano,España,185
50111 Fréscano,Extranjero,12
50113 Fuendejalón,Total,795
50113 Fuendejalón,España,624
50113 Fuendejalón,Extranjero,171
50114 Fuendetodos,Total,130
50114 Fuendetodos,España,117
50114 Fuendetodos,Extranjero,13
50115 Fuentes de Ebro,Total,4.674
50115 Fuentes de Ebro,España,3.947
50115 Fuentes de Ebro,Extranjero,727
50116 Fuentes de Jiloca,Total,203
50116 Fuentes de Jiloca,España,151
50116 Fuentes de Jiloca,Extranjero,52
50117 Gallocanta,Total,128
50117 Gallocanta,España,110
50117 Gallocanta,Extranjero,18
50118 Gallur,Total,2.648
50118 Gallur,España,2.328
50118 Gallur,Extranjero,320
50119 Gelsa,Total,998
50119 Gelsa,España,897
50119 Gelsa,Extranjero,101
50120 Godojos,Total,55
50120 Godojos,España,49
50120 Godojos,Extranjero,6
50121 Gotor,Total,316
50121 Gotor,España,260
50121 Gotor,Extranjero,56
50122 Grisel,Total,101
50122 Grisel,España,82
50122 Grisel,Extranjero,19
50123 Grisén,Total,626
50123 Grisén,España,510
50123 Grisén,Extranjero,116
50124 Herrera de los Navarros,Total,495
50124 Herrera de los Navarros,España,396
50124 Herrera de los Navarros,Extranjero,99
50125 Ibdes,Total,355
50125 Ibdes,España,320
50125 Ibdes,Extranjero,35
50126 Illueca,Total,2.776
50126 Illueca,España,2.248
50126 Illueca,Extranjero,528
50128 Isuerre,Total,32
50128 Isuerre,España,29
50128 Isuerre,Extranjero,3
50129 Jaraba,Total,292
50129 Jaraba,España,243
50129 Jaraba,Extranjero,49
50130 Jarque de Moncayo,Total,375
50130 Jarque de Moncayo,España,343
50130 Jarque de Moncayo,Extranjero,32
50131 Jaulín,Total,305
50131 Jaulín,España,262
50131 Jaulín,Extranjero,43
"50132 Joyosa, La",Total,1.150
"50132 Joyosa, La",España,1.018
"50132 Joyosa, La",Extranjero,132
50133 Lagata,Total,113
50133 Lagata,España,102
50133 Lagata,Extranjero,11
50134 Langa del Castillo,Total,110
50134 Langa del Castillo,España,106
50134 Langa del Castillo,Extranjero,4
50135 Layana,Total,94
50135 Layana,España,84
50135 Layana,Extranjero,10
50136 Lécera,Total,581
50136 Lécera,España,500
50136 Lécera,Extranjero,81
50137 Leciñena,Total,1.087
50137 Leciñena,España,1.034
50137 Leciñena,Extranjero,53
50138 Lechón,Total,39
50138 Lechón,España,39
50138 Lechón,Extranjero,0
50139 Letux,Total,353
50139 Letux,España,319
50139 Letux,Extranjero,34
50140 Litago,Total,172
50140 Litago,España,163
50140 Litago,Extranjero,9
50141 Lituénigo,Total,121
50141 Lituénigo,España,118
50141 Lituénigo,Extranjero,3
50142 Lobera de Onsella,Total,28
50142 Lobera de Onsella,España,28
50142 Lobera de Onsella,Extranjero,0
50143 Longares,Total,805
50143 Longares,España,586
50143 Longares,Extranjero,219
50144 Longás,Total,45
50144 Longás,España,40
50144 Longás,Extranjero,5
50146 Lucena de Jalón,Total,226
50146 Lucena de Jalón,España,193
50146 Lucena de Jalón,Extranjero,33
50147 Luceni,Total,1.002
50147 Luceni,España,839
50147 Luceni,Extranjero,163
50148 Luesia,Total,332
50148 Luesia,España,301
50148 Luesia,Extranjero,31
50149 Luesma,Total,43
50149 Luesma,España,42
50149 Luesma,Extranjero,1
50150 Lumpiaque,Total,889
50150 Lumpiaque,España,739
50150 Lumpiaque,Extranjero,150
50151 Luna,Total,675
50151 Luna,España,626
50151 Luna,Extranjero,49
50152 Maella,Total,2.143
50152 Maella,España,1.484
50152 Maella,Extranjero,659
50153 Magallón,Total,1.102
50153 Magallón,España,984
50153 Magallón,Extranjero,118
50154 Mainar,Total,162
50154 Mainar,España,118
50154 Mainar,Extranjero,44
50155 Malanquilla,Total,71
50155 Malanquilla,España,69
50155 Malanquilla,Extranjero,2
50156 Maleján,Total,282
50156 Maleján,España,243
50156 Maleján,Extranjero,39
50157 Malón,Total,472
50157 Malón,España,337
50157 Malón,Extranjero,135
50159 Maluenda,Total,896
50159 Maluenda,España,674
50159 Maluenda,Extranjero,222
50160 Mallén,Total,3.059
50160 Mallén,España,2.398
50160 Mallén,Extranjero,661
50161 Manchones,Total,92
50161 Manchones,España,89
50161 Manchones,Extranjero,3
50162 Mara,Total,161
50162 Mara,España,143
50162 Mara,Extranjero,18
50163 María de Huerva,Total,6.592
50163 María de Huerva,España,5.740
50163 María de Huerva,Extranjero,852
50164 Mediana de Aragón,Total,469
50164 Mediana de Aragón,España,415
50164 Mediana de Aragón,Extranjero,54
50165 Mequinenza,Total,2.239
50165 Mequinenza,España,1.956
50165 Mequinenza,Extranjero,283
50166 Mesones de Isuela,Total,271
50166 Mesones de Isuela,España,244
50166 Mesones de Isuela,Extranjero,27
50167 Mezalocha,Total,197
50167 Mezalocha,España,184
50167 Mezalocha,Extranjero,13
50168 Mianos,Total,25
50168 Mianos,España,24
50168 Mianos,Extranjero,1
50169 Miedes de Aragón,Total,412
50169 Miedes de Aragón,España,325
50169 Miedes de Aragón,Extranjero,87
50170 Monegrillo,Total,378
50170 Monegrillo,España,357
50170 Monegrillo,Extranjero,21
50171 Moneva,Total,107
50171 Moneva,España,103
50171 Moneva,Extranjero,4
50172 Monreal de Ariza,Total,175
50172 Monreal de Ariza,España,158
50172 Monreal de Ariza,Extranjero,17
50173 Monterde,Total,144
50173 Monterde,España,131
50173 Monterde,Extranjero,13
50174 Montón,Total,88
50174 Montón,España,82
50174 Montón,Extranjero,6
50175 Morata de Jalón,Total,1.102
50175 Morata de Jalón,España,946
50175 Morata de Jalón,Extranjero,156
50176 Morata de Jiloca,Total,266
50176 Morata de Jiloca,España,190
50176 Morata de Jiloca,Extranjero,76
50177 Morés,Total,305
50177 Morés,España,266
50177 Morés,Extranjero,39
50178 Moros,Total,275
50178 Moros,España,232
50178 Moros,Extranjero,43
50179 Moyuela,Total,223
50179 Moyuela,España,219
50179 Moyuela,Extranjero,4
50180 Mozota,Total,131
50180 Mozota,España,125
50180 Mozota,Extranjero,6
50181 Muel,Total,1.554
50181 Muel,España,1.232
50181 Muel,Extranjero,322
"50182 Muela, La",Total,6.725
"50182 Muela, La",España,5.111
"50182 Muela, La",Extranjero,1.614
50183 Munébrega,Total,357
50183 Munébrega,España,310
50183 Munébrega,Extranjero,47
50184 Murero,Total,85
50184 Murero,España,80
50184 Murero,Extranjero,5
50185 Murillo de Gállego,Total,197
50185 Murillo de Gállego,España,166
50185 Murillo de Gállego,Extranjero,31
50186 Navardún,Total,35
50186 Navardún,España,34
50186 Navardún,Extranjero,1
50187 Nigüella,Total,58
50187 Nigüella,España,52
50187 Nigüella,Extranjero,6
50188 Nombrevilla,Total,40
50188 Nombrevilla,España,36
50188 Nombrevilla,Extranjero,4
50189 Nonaspe,Total,1.005
50189 Nonaspe,España,747
50189 Nonaspe,Extranjero,258
50190 Novallas,Total,859
50190 Novallas,España,732
50190 Novallas,Extranjero,127
50191 Novillas,Total,508
50191 Novillas,España,450
50191 Novillas,Extranjero,58
50192 Nuévalos,Total,325
50192 Nuévalos,España,267
50192 Nuévalos,Extranjero,58
50193 Nuez de Ebro,Total,888
50193 Nuez de Ebro,España,799
50193 Nuez de Ebro,Extranjero,89
50194 Olvés,Total,108
50194 Olvés,España,85
50194 Olvés,Extranjero,23
50195 Orcajo,Total,65
50195 Orcajo,España,61
50195 Orcajo,Extranjero,4
50196 Orera,Total,103
50196 Orera,España,94
50196 Orera,Extranjero,9
50197 Orés,Total,71
50197 Orés,España,68
50197 Orés,Extranjero,3
50198 Oseja,Total,42
50198 Oseja,España,39
50198 Oseja,Extranjero,3
50199 Osera de Ebro,Total,444
50199 Osera de Ebro,España,372
50199 Osera de Ebro,Extranjero,72
50200 Paniza,Total,570
50200 Paniza,España,504
50200 Paniza,Extranjero,66
50201 Paracuellos de Jiloca,Total,612
50201 Paracuellos de Jiloca,España,538
50201 Paracuellos de Jiloca,Extranjero,74
50202 Paracuellos de la Ribera,Total,111
50202 Paracuellos de la Ribera,España,104
50202 Paracuellos de la Ribera,Extranjero,7
50203 Pastriz,Total,1.321
50203 Pastriz,España,1.230
50203 Pastriz,Extranjero,91
50204 Pedrola,Total,3.843
50204 Pedrola,España,2.737
50204 Pedrola,Extranjero,1.106
"50205 Pedrosas, Las",Total,118
"50205 Pedrosas, Las",España,86
"50205 Pedrosas, Las",Extranjero,32
50206 Perdiguera,Total,557
50206 Perdiguera,España,515
50206 Perdiguera,Extranjero,42
50207 Piedratajada,Total,97
50207 Piedratajada,España,94
50207 Piedratajada,Extranjero,3
50208 Pina de Ebro,Total,2.482
50208 Pina de Ebro,España,1.960
50208 Pina de Ebro,Extranjero,522
50209 Pinseque,Total,4.597
50209 Pinseque,España,3.835
50209 Pinseque,Extranjero,762
"50210 Pintanos, Los",Total,36
"50210 Pintanos, Los",España,34
"50210 Pintanos, Los",Extranjero,2
50211 Plasencia de Jalón,Total,380
50211 Plasencia de Jalón,España,292
50211 Plasencia de Jalón,Extranjero,88
50212 Pleitas,Total,29
50212 Pleitas,España,29
50212 Pleitas,Extranjero,0
50213 Plenas,Total,112
50213 Plenas,España,103
50213 Plenas,Extranjero,9
50214 Pomer,Total,23
50214 Pomer,España,20
50214 Pomer,Extranjero,3
50215 Pozuel de Ariza,Total,15
50215 Pozuel de Ariza,España,15
50215 Pozuel de Ariza,Extranjero,0
50216 Pozuelo de Aragón,Total,246
50216 Pozuelo de Aragón,España,229
50216 Pozuelo de Aragón,Extranjero,17
50217 Pradilla de Ebro,Total,572
50217 Pradilla de Ebro,España,448
50217 Pradilla de Ebro,Extranjero,124
50218 Puebla de Albortón,Total,134
50218 Puebla de Albortón,España,113
50218 Puebla de Albortón,Extranjero,21
"50219 Puebla de Alfindén, La",Total,6.664
"50219 Puebla de Alfindén, La",España,5.780
"50219 Puebla de Alfindén, La",Extranjero,884
50220 Puendeluna,Total,42
50220 Puendeluna,España,39
50220 Puendeluna,Extranjero,3
50221 Purujosa,Total,29
50221 Purujosa,España,29
50221 Purujosa,Extranjero,0
50222 Quinto,Total,1.889
50222 Quinto,España,1.727
50222 Quinto,Extranjero,162
50223 Remolinos,Total,1.021
50223 Remolinos,España,938
50223 Remolinos,Extranjero,83
50224 Retascón,Total,78
50224 Retascón,España,68
50224 Retascón,Extranjero,10
50225 Ricla,Total,3.095
50225 Ricla,España,1.829
50225 Ricla,Extranjero,1.266
50227 Romanos,Total,141
50227 Romanos,España,116
50227 Romanos,Extranjero,25
50228 Rueda de Jalón,Total,323
50228 Rueda de Jalón,España,280
50228 Rueda de Jalón,Extranjero,43
50229 Ruesca,Total,70
50229 Ruesca,España,63
50229 Ruesca,Extranjero,7
50230 Sádaba,Total,1.284
50230 Sádaba,España,1.152
50230 Sádaba,Extranjero,132
50231 Salillas de Jalón,Total,373
50231 Salillas de Jalón,España,300
50231 Salillas de Jalón,Extranjero,73
50232 Salvatierra de Esca,Total,186
50232 Salvatierra de Esca,España,182
50232 Salvatierra de Esca,Extranjero,4
50233 Samper del Salz,Total,80
50233 Samper del Salz,España,71
50233 Samper del Salz,Extranjero,9
50234 San Martín de la Virgen de Moncayo,Total,264
50234 San Martín de la Virgen de Moncayo,España,255
50234 San Martín de la Virgen de Moncayo,Extranjero,9
50235 San Mateo de Gállego,Total,3.495
50235 San Mateo de Gállego,España,3.066
50235 San Mateo de Gállego,Extranjero,429
50236 Santa Cruz de Grío,Total,96
50236 Santa Cruz de Grío,España,85
50236 Santa Cruz de Grío,Extranjero,11
50237 Santa Cruz de Moncayo,Total,123
50237 Santa Cruz de Moncayo,España,118
50237 Santa Cruz de Moncayo,Extranjero,5
50238 Santa Eulalia de Gállego,Total,101
50238 Santa Eulalia de Gállego,España,86
50238 Santa Eulalia de Gállego,Extranjero,15
50239 Santed,Total,72
50239 Santed,España,68
50239 Santed,Extranjero,4
50240 Sástago,Total,1.068
50240 Sástago,España,930
50240 Sástago,Extranjero,138
50241 Sabiñán,Total,693
50241 Sabiñán,España,549
50241 Sabiñán,Extranjero,144
50242 Sediles,Total,109
50242 Sediles,España,103
50242 Sediles,Extranjero,6
50243 Sestrica,Total,325
50243 Sestrica,España,291
50243 Sestrica,Extranjero,34
50244 Sierra de Luna,Total,267
50244 Sierra de Luna,España,208
50244 Sierra de Luna,Extranjero,59
50245 Sigüés,Total,72
50245 Sigüés,España,70
50245 Sigüés,Extranjero,2
50246 Sisamón,Total,50
50246 Sisamón,España,43
50246 Sisamón,Extranjero,7
50247 Sobradiel,Total,1.118
50247 Sobradiel,España,1.018
50247 Sobradiel,Extranjero,100
50248 Sos del Rey Católico,Total,582
50248 Sos del Rey Católico,España,477
50248 Sos del Rey Católico,Extranjero,105
50249 Tabuenca,Total,309
50249 Tabuenca,España,292
50249 Tabuenca,Extranjero,17
50250 Talamantes,Total,68
50250 Talamantes,España,66
50250 Talamantes,Extranjero,2
50251 Tarazona,Total,10.872
50251 Tarazona,España,8.933
50251 Tarazona,Extranjero,1.939
50252 Tauste,Total,6.812
50252 Tauste,España,5.373
50252 Tauste,Extranjero,1.439
50253 Terrer,Total,583
50253 Terrer,España,390
50253 Terrer,Extranjero,193
50254 Tierga,Total,170
50254 Tierga,España,161
50254 Tierga,Extranjero,9
50255 Tobed,Total,197
50255 Tobed,España,170
50255 Tobed,Extranjero,27
50256 Torralba de los Frailes,Total,65
50256 Torralba de los Frailes,España,60
50256 Torralba de los Frailes,Extranjero,5
50257 Torralba de Ribota,Total,158
50257 Torralba de Ribota,España,147
50257 Torralba de Ribota,Extranjero,11
50258 Torralbilla,Total,39
50258 Torralbilla,España,33
50258 Torralbilla,Extranjero,6
50259 Torrehermosa,Total,69
50259 Torrehermosa,España,65
50259 Torrehermosa,Extranjero,4
50260 Torrelapaja,Total,30
50260 Torrelapaja,España,30
50260 Torrelapaja,Extranjero,0
50261 Torrellas,Total,248
50261 Torrellas,España,220
50261 Torrellas,Extranjero,28
50262 Torres de Berrellén,Total,1.511
50262 Torres de Berrellén,España,1.385
50262 Torres de Berrellén,Extranjero,126
50263 Torrijo de la Cañada,Total,187
50263 Torrijo de la Cañada,España,167
50263 Torrijo de la Cañada,Extranjero,20
50264 Tosos,Total,172
50264 Tosos,España,137
50264 Tosos,Extranjero,35
50265 Trasmoz,Total,88
50265 Trasmoz,España,86
50265 Trasmoz,Extranjero,2
50266 Trasobares,Total,124
50266 Trasobares,España,120
50266 Trasobares,Extranjero,4
50267 Uncastillo,Total,594
50267 Uncastillo,España,560
50267 Uncastillo,Extranjero,34
50268 Undués de Lerda,Total,60
50268 Undués de Lerda,España,54
50268 Undués de Lerda,Extranjero,6
50269 Urrea de Jalón,Total,430
50269 Urrea de Jalón,España,290
50269 Urrea de Jalón,Extranjero,140
50270 Urriés,Total,50
50270 Urriés,España,44
50270 Urriés,Extranjero,6
50271 Used,Total,250
50271 Used,España,236
50271 Used,Extranjero,14
50272 Utebo,Total,19.135
50272 Utebo,España,16.276
50272 Utebo,Extranjero,2.859
50273 Valdehorna,Total,29
50273 Valdehorna,España,29
50273 Valdehorna,Extranjero,0
50274 Val de San Martín,Total,56
50274 Val de San Martín,España,56
50274 Val de San Martín,Extranjero,0
50275 Valmadrid,Total,113
50275 Valmadrid,España,95
50275 Valmadrid,Extranjero,18
50276 Valpalmas,Total,123
50276 Valpalmas,España,115
50276 Valpalmas,Extranjero,8
50277 Valtorres,Total,68
50277 Valtorres,España,60
50277 Valtorres,Extranjero,8
50278 Velilla de Ebro,Total,207
50278 Velilla de Ebro,España,183
50278 Velilla de Ebro,Extranjero,24
50279 Velilla de Jiloca,Total,92
50279 Velilla de Jiloca,España,69
50279 Velilla de Jiloca,Extranjero,23
50280 Vera de Moncayo,Total,318
50280 Vera de Moncayo,España,299
50280 Vera de Moncayo,Extranjero,19
50281 Vierlas,Total,88
50281 Vierlas,España,78
50281 Vierlas,Extranjero,10
"50282 Vilueña, La",Total,60
"50282 Vilueña, La",España,44
"50282 Vilueña, La",Extranjero,16
50283 Villadoz,Total,79
50283 Villadoz,España,74
50283 Villadoz,Extranjero,5
50284 Villafeliche,Total,162
50284 Villafeliche,España,133
50284 Villafeliche,Extranjero,29
50285 Villafranca de Ebro,Total,836
50285 Villafranca de Ebro,España,740
50285 Villafranca de Ebro,Extranjero,96
50286 Villalba de Perejil,Total,87
50286 Villalba de Perejil,España,78
50286 Villalba de Perejil,Extranjero,9
50287 Villalengua,Total,293
50287 Villalengua,España,257
50287 Villalengua,Extranjero,36
50288 Villanueva de Gállego,Total,4.843
50288 Villanueva de Gállego,España,4.262
50288 Villanueva de Gállego,Extranjero,581
50289 Villanueva de Jiloca,Total,73
50289 Villanueva de Jiloca,España,60
50289 Villanueva de Jiloca,Extranjero,13
50290 Villanueva de Huerva,Total,371
50290 Villanueva de Huerva,España,321
50290 Villanueva de Huerva,Extranjero,50
50291 Villar de los Navarros,Total,147
50291 Villar de los Navarros,España,129
50291 Villar de los Navarros,Extranjero,18
50292 Villarreal de Huerva,Total,263
50292 Villarreal de Huerva,España,136
50292 Villarreal de Huerva,Extranjero,127
50293 Villarroya de la Sierra,Total,397
50293 Villarroya de la Sierra,España,356
50293 Villarroya de la Sierra,Extranjero,41
50294 Villarroya del Campo,Total,70
50294 Villarroya del Campo,España,65
50294 Villarroya del Campo,Extranjero,5
50295 Vistabella,Total,50
50295 Vistabella,España,46
50295 Vistabella,Extranjero,4
"50296 Zaida, La",Total,433
"50296 Zaida, La",España,380
"50296 Zaida, La",Extranjero,53
50297 Zaragoza,Total,699.007
50297 Zaragoza,España,563.714
50297 Zaragoza,Extranjero,135.293
50298 Zuera,Total,8.714
50298 Zuera,España,6.762
50298 Zuera,Extranjero,1.952
50901 Biel,Total,165
50901 Biel,España,138
50901 Biel,Extranjero,27
50902 Marracos,Total,82
50902 Marracos,España,81
50902 Marracos,Extranjero,1
50903 Villamayor de Gállego,Total,2.845
50903 Villamayor de Gállego,España,2.582
50903 Villamayor de Gállego,Extranjero,263
51001 Ceuta,Total,83.567
51001 Ceuta,España,72.219
51001 Ceuta,Extranjero,11.348
52001 Melilla,Total,87.067
52001 Melilla,España,65.680
52001 Melilla,Extranjero,21.387
